    export JIKES_DEFAULT_FLAGS\=+E\ +OLDCSO
    export KASAN_CFLAGS_CLASSIC\=-DKASAN\=1\ -DKASAN_CLASSIC\=1\ -fsanitize\=address\ -mllvm\ -asan-globals-live-support\ -mllvm\ -asan-force-dynamic-shadow
    export KASAN_CFLAGS_TBI\=-DKASAN\=1\ -DKASAN_TBI\=1\ -fsanitize\=kernel-hwaddress\ -mllvm\ -hwasan-recover\=0\ -mllvm\ -hwasan-instrument-atomics\=0\ -mllvm\ -hwasan-instrument-stack\=1\ -mllvm\ -hwasan-generate-tags-with-calls\=1\ -mllvm\ -hwasan-instrument-with-calls\=1\ -mllvm\ -hwasan-use-short-granules\=0\ -mllvm\ -hwasan-memory-access-callback-prefix\=__asan_
    export KASAN_DEFAULT_CFLAGS\=-DKASAN\=1\ -DKASAN_CLASSIC\=1\ -fsanitize\=address\ -mllvm\ -asan-globals-live-support\ -mllvm\ -asan-force-dynamic-shadow
    export KEEP_PRIVATE_EXTERNS\=NO
    export LD_DEPENDENCY_INFO_FILE\=/Users/runner/work/Bangumi/Bangumi/ios/build/Build/Intermediates.noindex/Pods.build/Release-iphoneos/EXConstants.build/Objects-normal/undefined_arch/EXConstants_dependency_info.dat
    export LD_EXPORT_SYMBOLS\=YES
    export LD_GENERATE_MAP_FILE\=NO
    export LD_MAP_FILE_PATH\=/Users/runner/work/Bangumi/Bangumi/ios/build/Build/Intermediates.noindex/Pods.build/Release-iphoneos/EXConstants.build/EXConstants-LinkMap-normal-undefined_arch.txt
    export LD_NO_PIE\=NO
    export LD_QUOTE_LINKER_ARGUMENTS_FOR_COMPILER_DRIVER\=YES
    export LD_SHARED_CACHE_ELIGIBLE\=Automatic
    export LD_WARN_DUPLICATE_LIBRARIES\=NO
    export LD_WARN_UNUSED_DYLIBS\=NO
    export LEGACY_DEVELOPER_DIR\=/Applications/Xcode_26.6.app/Contents/PlugIns/Xcode3Core.ideplugin/Contents/SharedSupport/Developer
    export LEX\=lex
    export LIBRARY_DEXT_INSTALL_PATH\=/Library/DriverExtensions
    export LIBRARY_FLAG_NOSPACE\=YES
    export LIBRARY_FLAG_PREFIX\=-l
    export LIBRARY_KEXT_INSTALL_PATH\=/Library/Extensions
    export LIBRARY_SEARCH_PATHS\=/Users/runner/work/Bangumi/Bangumi/ios/build/Build/Products/Release-iphoneos/EXConstants\ 
    export LINKER_DISPLAYS_MANGLED_NAMES\=NO
    export LINK_FILE_LIST_normal_arm64\=/Users/runner/work/Bangumi/Bangumi/ios/build/Build/Intermediates.noindex/Pods.build/Release-iphoneos/EXConstants.build/Objects-normal/arm64/EXConstants.LinkFileList
    export LINK_OBJC_RUNTIME\=YES
    export LINK_WITH_STANDARD_LIBRARIES\=YES
    export LLVM_TARGET_TRIPLE_OS_VERSION\=ios16.4
    export LLVM_TARGET_TRIPLE_VENDOR\=apple
    export LM_AUX_CONST_METADATA_LIST_PATH_normal_arm64\=/Users/runner/work/Bangumi/Bangumi/ios/build/Build/Intermediates.noindex/Pods.build/Release-iphoneos/EXConstants.build/Objects-normal/arm64/EXConstants.SwiftConstValuesFileList
    export LOCALIZATION_EXPORT_SUPPORTED\=YES
    export LOCALIZATION_PREFERS_STRING_CATALOGS\=NO
    export LOCALIZED_STRING_CODE_COMMENTS\=NO
    export LOCALIZED_STRING_MACRO_NAMES\=NSLocalizedString\ CFCopyLocalizedString
    export LOCALIZED_STRING_SWIFTUI_SUPPORT\=YES
    export LOCAL_ADMIN_APPS_DIR\=/Applications/Utilities
    export LOCAL_APPS_DIR\=/Applications
    export LOCAL_DEVELOPER_DIR\=/Library/Developer
    export LOCAL_LIBRARY_DIR\=/Library
    export LOCROOT\=/Users/runner/work/Bangumi/Bangumi/ios/Pods
    export LOCSYMROOT\=/Users/runner/work/Bangumi/Bangumi/ios/Pods
    export MACH_O_TYPE\=staticlib
    export MAC_OS_X_PRODUCT_BUILD_VERSION\=25G83
    export MAC_OS_X_VERSION_ACTUAL\=260602
    export MAC_OS_X_VERSION_MAJOR\=260000
    export MAC_OS_X_VERSION_MINOR\=260600
    export MAKE_MERGEABLE\=NO
    export MERGEABLE_LIBRARY\=NO
    export MERGED_BINARY_TYPE\=none
    export MERGE_LINKED_LIBRARIES\=NO
    export METAL_LIBRARY_FILE_BASE\=default
    export METAL_LIBRARY_OUTPUT_DIR\=/Users/runner/work/Bangumi/Bangumi/ios/build/Build/Products/Release-iphoneos/EXConstants/
    export MODULEMAP_FILE\=Headers/Public/EXConstants/EXConstants.modulemap
    export MODULE_CACHE_DIR\=/Users/runner/work/Bangumi/Bangumi/ios/build/ModuleCache.noindex
    export MTL_ENABLE_DEBUG_INFO\=NO
    export MTL_FAST_MATH\=YES
    export NATIVE_ARCH\=arm64
    export NATIVE_ARCH_32_BIT\=arm
    export NATIVE_ARCH_64_BIT\=arm64
    export NATIVE_ARCH_ACTUAL\=arm64
    export NO_COMMON\=YES
    export OBJECT_FILE_DIR\=/Users/runner/work/Bangumi/Bangumi/ios/build/Build/Intermediates.noindex/Pods.build/Release-iphoneos/EXConstants.build/Objects
    export OBJECT_FILE_DIR_normal\=/Users/runner/work/Bangumi/Bangumi/ios/build/Build/Intermediates.noindex/Pods.build/Release-iphoneos/EXConstants.build/Objects-normal
    export OBJROOT\=/Users/runner/work/Bangumi/Bangumi/ios/build/Build/Intermediates.noindex
    export ONLY_ACTIVE_ARCH\=NO
    export OS\=MACOS
    export OSAC\=/usr/bin/osacompile
    export OTHER_CFLAGS\=\ -DRCT_REMOVE_LEGACY_ARCH\=1\ -fmodule-map-file\=\"/Users/runner/work/Bangumi/Bangumi/ios/Pods/Headers/Public/ReactCodegen/ReactCodegen.modulemap\"\ -DNDEBUG
    export OTHER_CPLUSPLUSFLAGS\=\ -DRCT_REMOVE_LEGACY_ARCH\=1\ -fmodule-map-file\=\"/Users/runner/work/Bangumi/Bangumi/ios/Pods/Headers/Public/ReactCodegen/ReactCodegen.modulemap\"\ -DNDEBUG\ -DRCT_REMOVE_LEGACY_ARCH\=1\ -DNDEBUG
    export OTHER_SWIFT_FLAGS\=\ -D\ COCOAPODS\ -Xcc\ -fmodule-map-file\=\"/Users/runner/work/Bangumi/Bangumi/ios/Pods/Headers/Public/ReactCodegen/ReactCodegen.modulemap\"\ -import-underlying-module\ -Xcc\ -fmodule-map-file\=\"/Users/runner/work/Bangumi/Bangumi/ios/Pods/Headers/Public/EXConstants/EXConstants.modulemap\"\ -Xfrontend\ -load-plugin-executable\ -Xfrontend\ \"/Users/runner/work/Bangumi/Bangumi/node_modules/@expo/expo-modules-macros-plugin/apple/ExpoModulesMacros-tool\#ExpoModulesMacros\"
    export PACKAGE_TYPE\=com.apple.package-type.static-library
    export PASCAL_STRINGS\=YES
    export PATH\=/Applications/Xcode_26.6.app/Contents/SharedFrameworks/SwiftBuild.framework/Versions/A/PlugIns/SWBBuildService.bundle/Contents/PlugIns/SWBUniversalPlatformPlugin.bundle/Contents/Frameworks/SWBUniversalPlatform.framework/Resources:/var/run/com.apple.security.cryptexd/mnt/com.apple.MobileAsset.MetalToolchain-v17.6.109.0.DBd8UQ/Metal.xctoolchain/usr/bin:/var/run/com.apple.security.cryptexd/mnt/com.apple.MobileAsset.MetalToolchain-v17.6.109.0.DBd8UQ/Metal.xctoolchain/usr/local/bin:/var/run/com.apple.security.cryptexd/mnt/com.apple.MobileAsset.MetalToolchain-v17.6.109.0.DBd8UQ/Metal.xctoolchain/usr/libexec:/Applications/Xcode_26.6.app/Contents/Developer/Toolchains/XcodeDefault.xctoolchain/usr/bin:/Applications/Xcode_26.6.app/Contents/Developer/Toolchains/XcodeDefault.xctoolchain/usr/local/bin:/Applications/Xcode_26.6.app/Contents/Developer/Toolchains/XcodeDefault.xctoolchain/usr/libexec:/Applications/Xcode_26.6.app/Contents/Developer/Platforms/iPhoneOS.platform/usr/bin:/Applications/Xcode_26.6.app/Contents/Developer/Platforms/iPhoneOS.platform/usr/local/bin:/Applications/Xcode_26.6.app/Contents/Developer/Platforms/iPhoneOS.platform/Developer/usr/bin:/Applications/Xcode_26.6.app/Contents/Developer/Platforms/iPhoneOS.platform/Developer/usr/local/bin:/Applications/Xcode_26.6.app/Contents/Developer/usr/bin:/Applications/Xcode_26.6.app/Contents/Developer/usr/local/bin:/Users/runner/hostedtoolcache/node/20.20.2/arm64/bin:/opt/homebrew/lib/ruby/gems/3.4.0/bin:/opt/homebrew/opt/ruby@3.4/bin:/Users/runner/.local/bin:/opt/homebrew/bin:/opt/homebrew/sbin:/Users/runner/.cargo/bin:/usr/local/opt/curl/bin:/usr/local/bin:/usr/local/sbin:/Users/runner/bin:/Users/runner/.yarn/bin:/Users/runner/Library/Android/sdk/tools:/Users/runner/Library/Android/sdk/platform-tools:/Library/Frameworks/Python.framework/Versions/Current/bin:/Library/Frameworks/Mono.framework/Versions/Current/Commands:/usr/bin:/bin:/usr/sbin:/sbin:/Users/runner/.dotnet/tools
    export PATH_PREFIXES_EXCLUDED_FROM_HEADER_DEPENDENCIES\=/usr/include\ /usr/local/include\ /System/Library/Frameworks\ /System/Library/PrivateFrameworks\ /Applications/Xcode_26.6.app/Contents/Developer/Headers\ /Applications/Xcode_26.6.app/Contents/Developer/SDKs\ /Applications/Xcode_26.6.app/Contents/Developer/Platforms
    export PER_ARCH_MODULE_FILE_DIR\=/Users/runner/work/Bangumi/Bangumi/ios/build/Build/Intermediates.noindex/Pods.build/Release-iphoneos/EXConstants.build/Objects-normal/undefined_arch
    export PER_ARCH_OBJECT_FILE_DIR\=/Users/runner/work/Bangumi/Bangumi/ios/build/Build/Intermediates.noindex/Pods.build/Release-iphoneos/EXConstants.build/Objects-normal/undefined_arch
    export PER_VARIANT_OBJECT_FILE_DIR\=/Users/runner/work/Bangumi/Bangumi/ios/build/Build/Intermediates.noindex/Pods.build/Release-iphoneos/EXConstants.build/Objects-normal
    export PKGINFO_FILE_PATH\=/Users/runner/work/Bangumi/Bangumi/ios/build/Build/Intermediates.noindex/Pods.build/Release-iphoneos/EXConstants.build/PkgInfo
    export PLATFORM_DEVELOPER_APPLICATIONS_DIR\=/Applications/Xcode_26.6.app/Contents/Developer/Platforms/iPhoneOS.platform/Developer/Applications
    export PLATFORM_DEVELOPER_BIN_DIR\=/Applications/Xcode_26.6.app/Contents/Developer/Platforms/iPhoneOS.platform/Developer/usr/bin
    export PLATFORM_DEVELOPER_LIBRARY_DIR\=/Applications/Xcode_26.6.app/Contents/Developer/Platforms/iPhoneOS.platform/Developer/Library
    export PLATFORM_DEVELOPER_SDK_DIR\=/Applications/Xcode_26.6.app/Contents/Developer/Platforms/iPhoneOS.platform/Developer/SDKs
    export PLATFORM_DEVELOPER_TOOLS_DIR\=/Applications/Xcode_26.6.app/Contents/Developer/Platforms/iPhoneOS.platform/Developer/Tools
    export PLATFORM_DEVELOPER_USR_DIR\=/Applications/Xcode_26.6.app/Contents/Developer/Platforms/iPhoneOS.platform/Developer/usr
    export PLATFORM_DIR\=/Applications/Xcode_26.6.app/Contents/Developer/Platforms/iPhoneOS.platform
    export PLATFORM_DISPLAY_NAME\=iOS
    export PLATFORM_FAMILY_NAME\=iOS
    export PLATFORM_NAME\=iphoneos
    export PLATFORM_PREFERRED_ARCH\=arm64
    export PLATFORM_PRODUCT_BUILD_VERSION\=23F81a
    export PLATFORM_REQUIRES_SWIFT_AUTOLINK_EXTRACT\=NO
    export PLATFORM_REQUIRES_SWIFT_MODULEWRAP\=NO
    export PLATFORM_USES_DSYMS\=YES
    export PLIST_FILE_OUTPUT_FORMAT\=binary
    export PODFILE_DIR\=/Users/runner/work/Bangumi/Bangumi/ios/Pods/..
    export PODS_BUILD_DIR\=/Users/runner/work/Bangumi/Bangumi/ios/build/Build/Products
    export PODS_CONFIGURATION_BUILD_DIR\=/Users/runner/work/Bangumi/Bangumi/ios/build/Build/Products/Release-iphoneos
    export PODS_DEVELOPMENT_LANGUAGE\=en
    export PODS_ROOT\=/Users/runner/work/Bangumi/Bangumi/ios/Pods
    export PODS_TARGET_SRCROOT\=/Users/runner/work/Bangumi/Bangumi/ios/Pods/../../node_modules/expo-constants/ios
    export PODS_XCFRAMEWORKS_BUILD_DIR\=/Users/runner/work/Bangumi/Bangumi/ios/build/Build/Products/Release-iphoneos/XCFrameworkIntermediates
    export PRECOMPS_INCLUDE_HEADERS_FROM_BUILT_PRODUCTS_DIR\=YES
    export PRECOMP_DESTINATION_DIR\=/Users/runner/work/Bangumi/Bangumi/ios/build/Build/Intermediates.noindex/Pods.build/Release-iphoneos/EXConstants.build/PrefixHeaders
    export PROCESSED_INFOPLIST_PATH\=/Users/runner/work/Bangumi/Bangumi/ios/build/Build/Intermediates.noindex/Pods.build/Release-iphoneos/EXConstants.build/Objects-normal/undefined_arch/Processed-Info.plist
    export PRODUCT_BUNDLE_IDENTIFIER\=org.cocoapods.EXConstants
    export PRODUCT_MODULE_NAME\=EXConstants
    export PRODUCT_NAME\=EXConstants
    export PRODUCT_SETTINGS_PATH\=
    export PRODUCT_TYPE\=com.apple.product-type.library.static
    export PROFILING_CODE\=NO
    export PROJECT\=Pods
    export PROJECT_DERIVED_FILE_DIR\=/Users/runner/work/Bangumi/Bangumi/ios/build/Build/Intermediates.noindex/Pods.build/DerivedSources
    export PROJECT_DIR\=/Users/runner/work/Bangumi/Bangumi/ios/Pods
    export PROJECT_FILE_PATH\=/Users/runner/work/Bangumi/Bangumi/ios/Pods/Pods.xcodeproj
    export PROJECT_GUID\=8699adb1dd336b26511df848a716bd42
    export PROJECT_NAME\=Pods
    export PROJECT_TEMP_DIR\=/Users/runner/work/Bangumi/Bangumi/ios/build/Build/Intermediates.noindex/Pods.build
    export PROJECT_TEMP_ROOT\=/Users/runner/work/Bangumi/Bangumi/ios/build/Build/Intermediates.noindex
    export REACT_NATIVE_PATH\=/Users/runner/work/Bangumi/Bangumi/ios/Pods/../../node_modules/react-native
    export RECOMMENDED_IPHONEOS_DEPLOYMENT_TARGET\=15.0
    export RECURSIVE_SEARCH_PATHS_FOLLOW_SYMLINKS\=YES
    export REMOVE_CVS_FROM_RESOURCES\=YES
    export REMOVE_GIT_FROM_RESOURCES\=YES
    export REMOVE_HEADERS_FROM_EMBEDDED_BUNDLES\=YES
    export REMOVE_HG_FROM_RESOURCES\=YES
    export REMOVE_STATIC_EXECUTABLES_FROM_EMBEDDED_BUNDLES\=YES
    export REMOVE_SVN_FROM_RESOURCES\=YES
    export RESCHEDULE_INDEPENDENT_HEADERS_PHASES\=YES
    export REZ_COLLECTOR_DIR\=/Users/runner/work/Bangumi/Bangumi/ios/build/Build/Intermediates.noindex/Pods.build/Release-iphoneos/EXConstants.build/ResourceManagerResources
    export REZ_EXECUTABLE\=YES
    export REZ_OBJECTS_DIR\=/Users/runner/work/Bangumi/Bangumi/ios/build/Build/Intermediates.noindex/Pods.build/Release-iphoneos/EXConstants.build/ResourceManagerResources/Objects
    export REZ_SEARCH_PATHS\=/Users/runner/work/Bangumi/Bangumi/ios/build/Build/Products/Release-iphoneos/EXConstants\ 
    export RPATH_ORIGIN\=@loader_path
    export RUNTIME_EXCEPTION_ALLOW_DYLD_ENVIRONMENT_VARIABLES\=NO
    export RUNTIME_EXCEPTION_ALLOW_JIT\=NO
    export RUNTIME_EXCEPTION_ALLOW_UNSIGNED_EXECUTABLE_MEMORY\=NO
    export RUNTIME_EXCEPTION_DEBUGGING_TOOL\=NO
    export RUNTIME_EXCEPTION_DISABLE_EXECUTABLE_PAGE_PROTECTION\=NO
    export RUNTIME_EXCEPTION_DISABLE_LIBRARY_VALIDATION\=NO
    export SCANNING_PCM_KEEP_CACHE_DIRECTORY\=YES
    export SCAN_ALL_SOURCE_FILES_FOR_INCLUDES\=NO
    export SCRIPT_INPUT_FILE_0\=/Users/runner/work/Bangumi/Bangumi/ios/build/Build/Intermediates.noindex/Pods.build/Release-iphoneos/EXConstants.build/DerivedSources/EXConstants-Swift.h
    export SCRIPT_INPUT_FILE_1\=/Users/runner/work/Bangumi/Bangumi/ios/Pods/Headers/Public/EXConstants/EXConstants.modulemap
    export SCRIPT_INPUT_FILE_2\=/Users/runner/work/Bangumi/Bangumi/ios/Pods/Headers/Public/EXConstants/EXConstants-umbrella.h
    export SCRIPT_INPUT_FILE_COUNT\=3
    export SCRIPT_INPUT_FILE_LIST_COUNT\=0
    export SCRIPT_OUTPUT_FILE_0\=/Users/runner/work/Bangumi/Bangumi/ios/build/Build/Products/Release-iphoneos/EXConstants/EXConstants.modulemap
    export SCRIPT_OUTPUT_FILE_1\=/Users/runner/work/Bangumi/Bangumi/ios/build/Build/Products/Release-iphoneos/EXConstants/EXConstants-umbrella.h
    export SCRIPT_OUTPUT_FILE_2\=/Users/runner/work/Bangumi/Bangumi/ios/build/Build/Products/Release-iphoneos/EXConstants/Swift\ Compatibility\ Header/EXConstants-Swift.h
    export SCRIPT_OUTPUT_FILE_COUNT\=3
    export SCRIPT_OUTPUT_FILE_LIST_COUNT\=0
    export SDKROOT\=/Applications/Xcode_26.6.app/Contents/Developer/Platforms/iPhoneOS.platform/Developer/SDKs/iPhoneOS26.5.sdk
    export SDK_DIR\=/Applications/Xcode_26.6.app/Contents/Developer/Platforms/iPhoneOS.platform/Developer/SDKs/iPhoneOS26.5.sdk
    export SDK_DIR_iphoneos\=/Applications/Xcode_26.6.app/Contents/Developer/Platforms/iPhoneOS.platform/Developer/SDKs/iPhoneOS26.5.sdk
    export SDK_DIR_iphoneos26_5\=/Applications/Xcode_26.6.app/Contents/Developer/Platforms/iPhoneOS.platform/Developer/SDKs/iPhoneOS26.5.sdk
    export SDK_NAME\=iphoneos26.5
    export SDK_NAMES\=iphoneos26.5
    export SDK_PRODUCT_BUILD_VERSION\=23F81a
    export SDK_STAT_CACHE_DIR\=/Users/runner/work/Bangumi/Bangumi/ios/build
    export SDK_STAT_CACHE_ENABLE\=YES
    export SDK_STAT_CACHE_PATH\=/Users/runner/work/Bangumi/Bangumi/ios/build/SDKStatCaches.noindex/iphoneos26.5-23F81a-688ef53f1462e2c8f657fdc38a81448fee66e23052a0157c865c76b268046726.sdkstatcache
    export SDK_VERSION\=26.5
    export SDK_VERSION_ACTUAL\=260500
    export SDK_VERSION_MAJOR\=260000
    export SDK_VERSION_MINOR\=260500
    export SED\=/usr/bin/sed
    export SEPARATE_STRIP\=NO
    export SEPARATE_SYMBOL_EDIT\=NO
    export SET_DIR_MODE_OWNER_GROUP\=YES
    export SET_FILE_MODE_OWNER_GROUP\=NO
    export SHALLOW_BUNDLE\=NO
    export SHARED_DERIVED_FILE_DIR\=/Users/runner/work/Bangumi/Bangumi/ios/build/Build/Products/Release-iphoneos/EXConstants/DerivedSources
    export SHARED_PRECOMPS_DIR\=/Users/runner/work/Bangumi/Bangumi/ios/build/Build/Intermediates.noindex/PrecompiledHeaders
    export SKIP_INSTALL\=YES
    export SKIP_MERGEABLE_LIBRARY_BUNDLE_HOOK\=NO
    export SOURCE_ROOT\=/Users/runner/work/Bangumi/Bangumi/ios/Pods
    export SRCROOT\=/Users/runner/work/Bangumi/Bangumi/ios/Pods
    export STRINGSDATA_DIR\=/Users/runner/work/Bangumi/Bangumi/ios/build/Build/Intermediates.noindex/Pods.build/Release-iphoneos/EXConstants.build/Objects-normal/undefined_arch
    export STRINGSDATA_ROOT\=/Users/runner/work/Bangumi/Bangumi/ios/build/Build/Intermediates.noindex/Pods.build/Release-iphoneos/EXConstants.build
    export STRINGS_FILE_INFOPLIST_RENAME\=YES
    export STRINGS_FILE_OUTPUT_ENCODING\=binary
    export STRING_CATALOG_GENERATE_SYMBOLS\=NO
    export STRIP_BITCODE_FROM_COPIED_FILES\=YES
    export STRIP_INSTALLED_PRODUCT\=NO
    export STRIP_STYLE\=debugging
    export STRIP_SWIFT_SYMBOLS\=YES
    export SUPPORTED_DEVICE_FAMILIES\=1,2
    export SUPPORTED_PLATFORMS\=iphoneos\ iphonesimulator
    export SUPPORTS_MACCATALYST\=YES
    export SUPPORTS_MAC_DESIGNED_FOR_IPHONE_IPAD\=YES
    export SUPPORTS_TEXT_BASED_API\=NO
    export SUPPORTS_XR_DESIGNED_FOR_IPHONE_IPAD\=YES
    export SUPPRESS_WARNINGS\=NO
    export SWIFT_ACTIVE_COMPILATION_CONDITIONS\=\ 
    export SWIFT_COMPILATION_MODE\=wholemodule
    export SWIFT_EMIT_CONST_VALUE_PROTOCOLS\=AnyResolverProviding\ AppEntity\ AppEnum\ AppExtension\ AppIntent\ AppIntentsPackage\ AppShortcutProviding\ AppShortcutsProvider\ DynamicOptionsProvider\ EntityQuery\ ExtensionPointDefining\ IntentValueQuery\ Resolver\ TransientEntity\ _AssistantIntentsProvider\ _GenerativeFunctionExtractable\ _IntentValueRepresentable
    export SWIFT_EMIT_LOC_STRINGS\=NO
    export SWIFT_EMIT_MODULE_INTERFACE\=NO
    export SWIFT_ENABLE_EXPLICIT_MODULES\=NO
    export SWIFT_INCLUDE_PATHS\=/Users/runner/work/Bangumi/Bangumi/ios/build/Build/Products/Release-iphoneos/EXConstants\ \ \"/Users/runner/work/Bangumi/Bangumi/ios/build/Build/Products/Release-iphoneos/ExpoModulesCore\"\ \"/Users/runner/work/Bangumi/Bangumi/ios/build/Build/Products/Release-iphoneos/ExpoModulesJSI\"
    export SWIFT_INSTALL_OBJC_HEADER\=YES
    export SWIFT_OPTIMIZATION_LEVEL\=-O
    export SWIFT_PLATFORM_TARGET_PREFIX\=ios
    export SWIFT_RESPONSE_FILE_PATH_normal_arm64\=/Users/runner/work/Bangumi/Bangumi/ios/build/Build/Intermediates.noindex/Pods.build/Release-iphoneos/EXConstants.build/Objects-normal/arm64/EXConstants.SwiftFileList
    export SWIFT_SUPPRESS_WARNINGS\=YES
    export SWIFT_VERSION\=5.9
    export SYMROOT\=/Users/runner/work/Bangumi/Bangumi/ios/build/Build/Products
    export SYSTEM_ADMIN_APPS_DIR\=/Applications/Utilities
    export SYSTEM_APPS_DIR\=/Applications
    export SYSTEM_CORE_SERVICES_DIR\=/System/Library/CoreServices
    export SYSTEM_DEMOS_DIR\=/Applications/Extras
    export SYSTEM_DEVELOPER_APPS_DIR\=/Applications/Xcode_26.6.app/Contents/Developer/Applications
    export SYSTEM_DEVELOPER_BIN_DIR\=/Applications/Xcode_26.6.app/Contents/Developer/usr/bin
    export SYSTEM_DEVELOPER_DEMOS_DIR\=/Applications/Xcode_26.6.app/Contents/Developer/Applications/Utilities/Built\ Examples
    export SYSTEM_DEVELOPER_DIR\=/Applications/Xcode_26.6.app/Contents/Developer
    export SYSTEM_DEVELOPER_DOC_DIR\=/Applications/Xcode_26.6.app/Contents/Developer/ADC\ Reference\ Library
    export SYSTEM_DEVELOPER_GRAPHICS_TOOLS_DIR\=/Applications/Xcode_26.6.app/Contents/Developer/Applications/Graphics\ Tools
    export SYSTEM_DEVELOPER_JAVA_TOOLS_DIR\=/Applications/Xcode_26.6.app/Contents/Developer/Applications/Java\ Tools
    export SYSTEM_DEVELOPER_PERFORMANCE_TOOLS_DIR\=/Applications/Xcode_26.6.app/Contents/Developer/Applications/Performance\ Tools
    export SYSTEM_DEVELOPER_RELEASENOTES_DIR\=/Applications/Xcode_26.6.app/Contents/Developer/ADC\ Reference\ Library/releasenotes
    export SYSTEM_DEVELOPER_TOOLS\=/Applications/Xcode_26.6.app/Contents/Developer/Tools
    export SYSTEM_DEVELOPER_TOOLS_DOC_DIR\=/Applications/Xcode_26.6.app/Contents/Developer/ADC\ Reference\ Library/documentation/DeveloperTools
    export SYSTEM_DEVELOPER_TOOLS_RELEASENOTES_DIR\=/Applications/Xcode_26.6.app/Contents/Developer/ADC\ Reference\ Library/releasenotes/DeveloperTools
    export SYSTEM_DEVELOPER_USR_DIR\=/Applications/Xcode_26.6.app/Contents/Developer/usr
    export SYSTEM_DEVELOPER_UTILITIES_DIR\=/Applications/Xcode_26.6.app/Contents/Developer/Applications/Utilities
    export SYSTEM_DEXT_INSTALL_PATH\=/System/Library/DriverExtensions
    export SYSTEM_DOCUMENTATION_DIR\=/Library/Documentation
    export SYSTEM_KEXT_INSTALL_PATH\=/System/Library/Extensions
    export SYSTEM_LIBRARY_DIR\=/System/Library
    export TAPI_DEMANGLE\=YES
    export TAPI_ENABLE_PROJECT_HEADERS\=NO
    export TAPI_LANGUAGE\=objective-c
    export TAPI_LANGUAGE_STANDARD\=compiler-default
    export TAPI_USE_SRCROOT\=YES
    export TAPI_VERIFY_MODE\=Pedantic
    export TARGETED_DEVICE_FAMILY\=1,2
    export TARGETNAME\=EXConstants
    export TARGET_BUILD_DIR\=/Users/runner/work/Bangumi/Bangumi/ios/build/Build/Products/Release-iphoneos/EXConstants
    export TARGET_NAME\=EXConstants
    export TARGET_TEMP_DIR\=/Users/runner/work/Bangumi/Bangumi/ios/build/Build/Intermediates.noindex/Pods.build/Release-iphoneos/EXConstants.build
    export TEMP_DIR\=/Users/runner/work/Bangumi/Bangumi/ios/build/Build/Intermediates.noindex/Pods.build/Release-iphoneos/EXConstants.build
    export TEMP_FILES_DIR\=/Users/runner/work/Bangumi/Bangumi/ios/build/Build/Intermediates.noindex/Pods.build/Release-iphoneos/EXConstants.build
    export TEMP_FILE_DIR\=/Users/runner/work/Bangumi/Bangumi/ios/build/Build/Intermediates.noindex/Pods.build/Release-iphoneos/EXConstants.build
    export TEMP_ROOT\=/Users/runner/work/Bangumi/Bangumi/ios/build/Build/Intermediates.noindex
    export TEMP_SANDBOX_DIR\=/Users/runner/work/Bangumi/Bangumi/ios/build/Build/Intermediates.noindex/TemporaryTaskSandboxes
    export TEST_FRAMEWORK_SEARCH_PATHS\=\ /Applications/Xcode_26.6.app/Contents/Developer/Platforms/iPhoneOS.platform/Developer/Library/Frameworks\ /Applications/Xcode_26.6.app/Contents/Developer/Platforms/iPhoneOS.platform/Developer/SDKs/iPhoneOS26.5.sdk/Developer/Library/Frameworks
    export TEST_LIBRARY_SEARCH_PATHS\=\ /Applications/Xcode_26.6.app/Contents/Developer/Platforms/iPhoneOS.platform/Developer/usr/lib
    export TOOLCHAINS\=com.apple.dt.toolchain.Metal.32023.883\ com.apple.dt.toolchain.XcodeDefault
    export TOOLCHAIN_DIR\=/var/run/com.apple.security.cryptexd/mnt/com.apple.MobileAsset.MetalToolchain-v17.6.109.0.DBd8UQ/Metal.xctoolchain
    export TOOLCHAIN_VERSION\=32023.883
    export TREAT_MISSING_BASELINES_AS_TEST_FAILURES\=NO
    export TREAT_MISSING_SCRIPT_PHASE_OUTPUTS_AS_ERRORS\=NO
    export UID\=501
    export UNINSTALLED_PRODUCTS_DIR\=/Users/runner/work/Bangumi/Bangumi/ios/build/Build/Intermediates.noindex/UninstalledProducts
    export UNSTRIPPED_PRODUCT\=NO
    export USER\=runner
    export USER_APPS_DIR\=/Users/runner/Applications
    export USER_LIBRARY_DIR\=/Users/runner/Library
    export USE_DYNAMIC_NO_PIC\=YES
    export USE_HEADERMAP\=YES
    export USE_HEADER_SYMLINKS\=NO
    export USE_HERMES\=true
    export USE_RECURSIVE_SCRIPT_INPUTS_IN_SCRIPT_PHASES\=YES
    export VALIDATE_DEVELOPMENT_ASSET_PATHS\=YES_ERROR
    export VALIDATE_PRODUCT\=YES
    export VALID_ARCHS\=arm64\ arm64e\ armv7\ armv7s
    export VERBOSE_PBXCP\=NO
    export VERSION_INFO_BUILDER\=runner
    export VERSION_INFO_FILE\=EXConstants_vers.c
    export VERSION_INFO_STRING\=\"@\(\#\)PROGRAM:EXConstants\ \ PROJECT:Pods-\"
    export WORKSPACE_DIR\=/Users/runner/work/Bangumi/Bangumi/ios
    export WRAP_ASSET_PACKS_IN_SEPARATE_DIRECTORIES\=NO
    export XCODE_APP_SUPPORT_DIR\=/Applications/Xcode_26.6.app/Contents/Developer/Library/Xcode
    export XCODE_PRODUCT_BUILD_VERSION\=17F113
    export XCODE_VERSION_ACTUAL\=2660
    export XCODE_VERSION_MAJOR\=2600
    export XCODE_VERSION_MINOR\=2660
    export XPCSERVICES_FOLDER_PATH\=/XPCServices
    export YACC\=yacc
    export _DISCOVER_COMMAND_LINE_LINKER_INPUTS\=YES
    export _DISCOVER_COMMAND_LINE_LINKER_INPUTS_INCLUDE_WL\=YES
    export _LD_MULTIARCH\=YES
    export __DIAGNOSE_DEPRECATED_ARCHS\=YES
    export __ORIGINAL_SDK_DEFINED_LLVM_TARGET_TRIPLE_SYS\=ios
    export arch\=undefined_arch
    export variant\=normal
    /bin/sh -c /Users/runner/work/Bangumi/Bangumi/ios/build/Build/Intermediates.noindex/Pods.build/Release-iphoneos/EXConstants.build/Script-46EB2E000197F0.sh

ExtractAppIntentsMetadata (in target 'EXConstants' from project 'Pods')
    cd /Users/runner/work/Bangumi/Bangumi/ios/Pods
    /Applications/Xcode_26.6.app/Contents/Developer/Toolchains/XcodeDefault.xctoolchain/usr/bin/appintentsmetadataprocessor --toolchain-dir /var/run/com.apple.security.cryptexd/mnt/com.apple.MobileAsset.MetalToolchain-v17.6.109.0.DBd8UQ/Metal.xctoolchain --module-name EXConstants --sdk-root /Applications/Xcode_26.6.app/Contents/Developer/Platforms/iPhoneOS.platform/Developer/SDKs/iPhoneOS26.5.sdk --xcode-version 17F113 --platform-family iOS --deployment-target 16.4 --bundle-identifier org.cocoapods.EXConstants --output /Users/runner/work/Bangumi/Bangumi/ios/build/Build/Products/Release-iphoneos/EXConstants/EXConstants.appintents --target-triple arm64-apple-ios16.4 --binary-file /Users/runner/work/Bangumi/Bangumi/ios/build/Build/Products/Release-iphoneos/EXConstants/libEXConstants.a --dependency-file /Users/runner/work/Bangumi/Bangumi/ios/build/Build/Intermediates.noindex/Pods.build/Release-iphoneos/EXConstants.build/Objects-normal/arm64/EXConstants_libtool_dependency_info.dat --stringsdata-file /Users/runner/work/Bangumi/Bangumi/ios/build/Build/Intermediates.noindex/Pods.build/Release-iphoneos/EXConstants.build/Objects-normal/arm64/ExtractedAppShortcutsMetadata.stringsdata --source-file-list /Users/runner/work/Bangumi/Bangumi/ios/build/Build/Intermediates.noindex/Pods.build/Release-iphoneos/EXConstants.build/Objects-normal/arm64/EXConstants.SwiftFileList --metadata-file-list /Users/runner/work/Bangumi/Bangumi/ios/build/Build/Intermediates.noindex/Pods.build/Release-iphoneos/EXConstants.build/EXConstants.DependencyMetadataFileList --static-metadata-file-list /Users/runner/work/Bangumi/Bangumi/ios/build/Build/Intermediates.noindex/Pods.build/Release-iphoneos/EXConstants.build/EXConstants.DependencyStaticMetadataFileList --swift-const-vals-list /Users/runner/work/Bangumi/Bangumi/ios/build/Build/Intermediates.noindex/Pods.build/Release-iphoneos/EXConstants.build/Objects-normal/arm64/EXConstants.SwiftConstValuesFileList --force --compile-time-extraction --deployment-aware-processing --validate-assistant-intents --no-app-shortcuts-localization
2026-09-18 13:13:38.007 appintentsmetadataprocessor[25434:69476] Starting appintentsmetadataprocessor export
2026-09-18 13:13:38.021 appintentsmetadataprocessor[25434:69476] Extracted no relevant App Intents symbols, skipping writing output

SwiftDriverJobDiscovery normal arm64 Compiling AppDelegatesLoaderDelegate.swift, Expo.swift, ExpoAppDelegate.swift, ExpoAppSceneDelegate.swift, ExpoFetchCustomExtension.swift, ExpoFetchModule.swift, ExpoReactNativeFactory.swift, ExpoReactNativeFactoryDelegate.swift, ExpoReactNativeFactoryProvider.swift, ExpoURLSessionTask.swift, FetchExceptions.swift, NativeRequest.swift, NativeRequestCredentials.swift, NativeRequestInit.swift, NativeRequestRedirect.swift, NativeResponse.swift, NativeResponseInit.swift, ResponseSink.swift, ResponseState.swift, SceneEventForwarder.swift (in target 'Expo' from project 'Pods')

SwiftDriver\ Compilation\ Requirements Expo normal arm64 com.apple.xcode.tools.swift.compiler (in target 'Expo' from project 'Pods')
    cd /Users/runner/work/Bangumi/Bangumi/ios/Pods
    builtin-Swift-Compilation-Requirements -- /Applications/Xcode_26.6.app/Contents/Developer/Toolchains/XcodeDefault.xctoolchain/usr/bin/swiftc -module-name Expo -O -whole-module-optimization @/Users/runner/work/Bangumi/Bangumi/ios/build/Build/Intermediates.noindex/Pods.build/Release-iphoneos/Expo.build/Objects-normal/arm64/Expo.SwiftFileList -D COCOAPODS -Xcc -fmodule-map-file\=/Users/runner/work/Bangumi/Bangumi/ios/Pods/Headers/Public/ReactAppDependencyProvider/ReactAppDependencyProvider.modulemap -Xcc -fmodule-map-file\=/Users/runner/work/Bangumi/Bangumi/ios/Pods/Headers/Public/ReactCodegen/ReactCodegen.modulemap -import-underlying-module -Xcc -fmodule-map-file\=/Users/runner/work/Bangumi/Bangumi/ios/Pods/Headers/Public/Expo/Expo.modulemap -DRCT_NEW_ARCH_ENABLED -Xcc -ivfsoverlay -Xcc /Users/runner/work/Bangumi/Bangumi/ios/Pods/React-Core-prebuilt/React-VFS.yaml -Xfrontend -load-plugin-executable -Xfrontend /Users/runner/work/Bangumi/Bangumi/node_modules/@expo/expo-modules-macros-plugin/apple/ExpoModulesMacros-tool\#ExpoModulesMacros -enable-experimental-feature DebugDescriptionMacro -sdk /Applications/Xcode_26.6.app/Contents/Developer/Platforms/iPhoneOS.platform/Developer/SDKs/iPhoneOS26.5.sdk -target arm64-apple-ios16.4 -g -module-cache-path /Users/runner/work/Bangumi/Bangumi/ios/build/ModuleCache.noindex -Xfrontend -serialize-debugging-options -suppress-warnings -swift-version 6 -I /Users/runner/work/Bangumi/Bangumi/ios/build/Build/Products/Release-iphoneos/Expo -I /Users/runner/work/Bangumi/Bangumi/ios/build/Build/Products/Release-iphoneos/ExpoModulesCore -I /Users/runner/work/Bangumi/Bangumi/ios/build/Build/Products/Release-iphoneos/ExpoModulesJSI -F /Users/runner/work/Bangumi/Bangumi/ios/build/Build/Products/Release-iphoneos/Expo -F /Users/runner/work/Bangumi/Bangumi/node_modules/expo-modules-jsi/apple/Products -F /Users/runner/work/Bangumi/Bangumi/ios/Pods/ExpoModulesCore -F /Users/runner/work/Bangumi/Bangumi/ios/Pods/React-Core-prebuilt -F /Users/runner/work/Bangumi/Bangumi/ios/Pods/ReactNativeDependencies/framework/packages/react-native -F /Users/runner/work/Bangumi/Bangumi/ios/Pods/hermes-engine/destroot/Library/Frameworks/universal -F /Users/runner/work/Bangumi/Bangumi/ios/build/Build/Products/Release-iphoneos/XCFrameworkIntermediates/ExpoModulesCore -F /Users/runner/work/Bangumi/Bangumi/ios/build/Build/Products/Release-iphoneos/XCFrameworkIntermediates/ExpoModulesJSI -F /Users/runner/work/Bangumi/Bangumi/ios/build/Build/Products/Release-iphoneos/XCFrameworkIntermediates/React-Core-prebuilt -F /Users/runner/work/Bangumi/Bangumi/ios/build/Build/Products/Release-iphoneos/XCFrameworkIntermediates/ReactNativeDependencies -F /Users/runner/work/Bangumi/Bangumi/ios/build/Build/Products/Release-iphoneos/XCFrameworkIntermediates/hermes-engine/Pre-built -c -num-threads 3 -Xcc -ivfsstatcache -Xcc /Users/runner/work/Bangumi/Bangumi/ios/build/SDKStatCaches.noindex/iphoneos26.5-23F81a-688ef53f1462e2c8f657fdc38a81448fee66e23052a0157c865c76b268046726.sdkstatcache -output-file-map /Users/runner/work/Bangumi/Bangumi/ios/build/Build/Intermediates.noindex/Pods.build/Release-iphoneos/Expo.build/Objects-normal/arm64/Expo-OutputFileMap.json -use-frontend-parseable-output -save-temps -no-color-diagnostics -serialize-diagnostics -emit-dependencies -emit-module -emit-module-path /Users/runner/work/Bangumi/Bangumi/ios/build/Build/Intermediates.noindex/Pods.build/Release-iphoneos/Expo.build/Objects-normal/arm64/Expo.swiftmodule -validate-clang-modules-once -clang-build-session-file /Users/runner/work/Bangumi/Bangumi/ios/build/ModuleCache.noindex/Session.modulevalidation -Xcc -I/Users/runner/work/Bangumi/Bangumi/ios/build/Build/Intermediates.noindex/Pods.build/Release-iphoneos/Expo.build/swift-overrides.hmap -emit-const-values -Xfrontend -const-gather-protocols-file -Xfrontend /Users/runner/work/Bangumi/Bangumi/ios/build/Build/Intermediates.noindex/Pods.build/Release-iphoneos/Expo.build/Objects-normal/arm64/Expo_const_extract_protocols.json -Xcc -iquote -Xcc /Users/runner/work/Bangumi/Bangumi/ios/build/Build/Intermediates.noindex/Pods.build/Release-iphoneos/Expo.build/Expo-generated-files.hmap -Xcc -I/Users/runner/work/Bangumi/Bangumi/ios/build/Build/Intermediates.noindex/Pods.build/Release-iphoneos/Expo.build/Expo-own-target-headers.hmap -Xcc -I/Users/runner/work/Bangumi/Bangumi/ios/build/Build/Intermediates.noindex/Pods.build/Release-iphoneos/Expo.build/Expo-all-non-framework-target-headers.hmap -Xcc -ivfsoverlay -Xcc /Users/runner/work/Bangumi/Bangumi/ios/build/Build/Intermediates.noindex/Pods.build/Release-iphoneos/Pods-8699adb1dd336b26511df848a716bd42-VFS-iphoneos/all-product-headers.yaml -Xcc -iquote -Xcc /Users/runner/work/Bangumi/Bangumi/ios/build/Build/Intermediates.noindex/Pods.build/Release-iphoneos/Expo.build/Expo-project-headers.hmap -Xcc -I/Users/runner/work/Bangumi/Bangumi/ios/build/Build/Products/Release-iphoneos/Expo/include -Xcc -I/Users/runner/work/Bangumi/Bangumi/ios/Pods/Headers/Private -Xcc -I/Users/runner/work/Bangumi/Bangumi/ios/Pods/Headers/Private/Expo -Xcc -I/Users/runner/work/Bangumi/Bangumi/ios/Pods/Headers/Public -Xcc -I/Users/runner/work/Bangumi/Bangumi/ios/Pods/Headers/Public/Expo -Xcc -I/Users/runner/work/Bangumi/Bangumi/ios/Pods/Headers/Public/FBLazyVector -Xcc -I/Users/runner/work/Bangumi/Bangumi/ios/Pods/Headers/Public/RCTRequired -Xcc -I/Users/runner/work/Bangumi/Bangumi/ios/Pods/Headers/Public/RCTSwiftUIWrapper -Xcc -I/Users/runner/work/Bangumi/Bangumi/ios/Pods/Headers/Public/RCTTypeSafety -Xcc -I/Users/runner/work/Bangumi/Bangumi/ios/Pods/Headers/Public/React-Core -Xcc -I/Users/runner/work/Bangumi/Bangumi/ios/Pods/Headers/Public/React-Core-prebuilt -Xcc -I/Users/runner/work/Bangumi/Bangumi/ios/Pods/Headers/Public/React-CoreModules -Xcc -I/Users/runner/work/Bangumi/Bangumi/ios/Pods/Headers/Public/React-Fabric -Xcc -I/Users/runner/work/Bangumi/Bangumi/ios/Pods/Headers/Public/React-FabricComponents -Xcc -I/Users/runner/work/Bangumi/Bangumi/ios/Pods/Headers/Public/React-FabricImage -Xcc -I/Users/runner/work/Bangumi/Bangumi/ios/Pods/Headers/Public/React-ImageManager -Xcc -I/Users/runner/work/Bangumi/Bangumi/ios/Pods/Headers/Public/React-Mapbuffer -Xcc -I/Users/runner/work/Bangumi/Bangumi/ios/Pods/Headers/Public/React-NativeModulesApple -Xcc -I/Users/runner/work/Bangumi/Bangumi/ios/Pods/Headers/Public/React-RCTAnimation -Xcc -I/Users/runner/work/Bangumi/Bangumi/ios/Pods/Headers/Public/React-RCTBlob -Xcc -I/Users/runner/work/Bangumi/Bangumi/ios/Pods/Headers/Public/React-RCTFBReactNativeSpec -Xcc -I/Users/runner/work/Bangumi/Bangumi/ios/Pods/Headers/Public/React-RCTFabric -Xcc -I/Users/runner/work/Bangumi/Bangumi/ios/Pods/Headers/Public/React-RCTImage -Xcc -I/Users/runner/work/Bangumi/Bangumi/ios/Pods/Headers/Public/React-RCTRuntime -Xcc -I/Users/runner/work/Bangumi/Bangumi/ios/Pods/Headers/Public/React-RCTText -Xcc -I/Users/runner/work/Bangumi/Bangumi/ios/Pods/Headers/Public/React-RuntimeApple -Xcc -I/Users/runner/work/Bangumi/Bangumi/ios/Pods/Headers/Public/React-RuntimeCore -Xcc -I/Users/runner/work/Bangumi/Bangumi/ios/Pods/Headers/Public/React-RuntimeHermes -Xcc -I/Users/runner/work/Bangumi/Bangumi/ios/Pods/Headers/Public/React-callinvoker -Xcc -I/Users/runner/work/Bangumi/Bangumi/ios/Pods/Headers/Public/React-cxxreact -Xcc -I/Users/runner/work/Bangumi/Bangumi/ios/Pods/Headers/Public/React-debug -Xcc -I/Users/runner/work/Bangumi/Bangumi/ios/Pods/Headers/Public/React-defaultsnativemodule -Xcc -I/Users/runner/work/Bangumi/Bangumi/ios/Pods/Headers/Public/React-domnativemodule -Xcc -I/Users/runner/work/Bangumi/Bangumi/ios/Pods/Headers/Public/React-featureflags -Xcc -I/Users/runner/work/Bangumi/Bangumi/ios/Pods/Headers/Public/React-featureflagsnativemodule -Xcc -I/Users/runner/work/Bangumi/Bangumi/ios/Pods/Headers/Public/React-graphics -Xcc -I/Users/runner/work/Bangumi/Bangumi/ios/Pods/Headers/Public/React-hermes -Xcc -I/Users/runner/work/Bangumi/Bangumi/ios/Pods/Headers/Public/React-idlecallbacksnativemodule -Xcc -I/Users/runner/work/Bangumi/Bangumi/ios/Pods/Headers/Public/React-intersectionobservernativemodule -Xcc -I/Users/runner/work/Bangumi/Bangumi/ios/Pods/Headers/Public/React-jserrorhandler -Xcc -I/Users/runner/work/Bangumi/Bangumi/ios/Pods/Headers/Public/React-jsi -Xcc -I/Users/runner/work/Bangumi/Bangumi/ios/Pods/Headers/Public/React-jsiexecutor -Xcc -I/Users/runner/work/Bangumi/Bangumi/ios/Pods/Headers/Public/React-jsinspector -Xcc -I/Users/runner/work/Bangumi/Bangumi/ios/Pods/Headers/Public/React-jsinspectorcdp -Xcc -I/Users/runner/work/Bangumi/Bangumi/ios/Pods/Headers/Public/React-jsinspectornetwork -Xcc -I/Users/runner/work/Bangumi/Bangumi/ios/Pods/Headers/Public/React-jsinspectortracing -Xcc -I/Users/runner/work/Bangumi/Bangumi/ios/Pods/Headers/Public/React-jsitooling -Xcc -I/Users/runner/work/Bangumi/Bangumi/ios/Pods/Headers/Public/React-logger -Xcc -I/Users/runner/work/Bangumi/Bangumi/ios/Pods/Headers/Public/React-microtasksnativemodule -Xcc -I/Users/runner/work/Bangumi/Bangumi/ios/Pods/Headers/Public/React-mutationobservernativemodule -Xcc -I/Users/runner/work/Bangumi/Bangumi/ios/Pods/Headers/Public/React-networking -Xcc -I/Users/runner/work/Bangumi/Bangumi/ios/Pods/Headers/Public/React-oscompat -Xcc -I/Users/runner/work/Bangumi/Bangumi/ios/Pods/Headers/Public/React-perflogger -Xcc -I/Users/runner/work/Bangumi/Bangumi/ios/Pods/Headers/Public/React-performancecdpmetrics -Xcc -I/Users/runner/work/Bangumi/Bangumi/ios/Pods/Headers/Public/React-performancetimeline -Xcc -I/Users/runner/work/Bangumi/Bangumi/ios/Pods/Headers/Public/React-rendererconsistency -Xcc -I/Users/runner/work/Bangumi/Bangumi/ios/Pods/Headers/Public/React-renderercss -Xcc -I/Users/runner/work/Bangumi/Bangumi/ios/Pods/Headers/Public/React-rendererdebug -Xcc -I/Users/runner/work/Bangumi/Bangumi/ios/Pods/Headers/Public/React-runtimeexecutor -Xcc -I/Users/runner/work/Bangumi/Bangumi/ios/Pods/Headers/Public/React-runtimescheduler -Xcc -I/Users/runner/work/Bangumi/Bangumi/ios/Pods/Headers/Public/React-timing -Xcc -I/Users/runner/work/Bangumi/Bangumi/ios/Pods/Headers/Public/React-utils -Xcc -I/Users/runner/work/Bangumi/Bangumi/ios/Pods/Headers/Public/React-viewtransitionnativemodule -Xcc -I/Users/runner/work/Bangumi/Bangumi/ios/Pods/Headers/Public/React-webperformancenativemodule -Xcc -I/Users/runner/work/Bangumi/Bangumi/ios/Pods/Headers/Public/ReactCodegen -Xcc -I/Users/runner/work/Bangumi/Bangumi/ios/Pods/Headers/Public/ReactCommon -Xcc -I/Users/runner/work/Bangumi/Bangumi/ios/Pods/Headers/Public/ReactNativeDependencies -Xcc -I/Users/runner/work/Bangumi/Bangumi/ios/Pods/Headers/Public/Yoga -Xcc -I/Users/runner/work/Bangumi/Bangumi/ios/Pods/Headers/Public/hermes-engine -Xcc -I/Users/runner/work/Bangumi/Bangumi/ios/Pods/Headers/Private/React-Core -Xcc -I/Users/runner/work/Bangumi/Bangumi/ios/Pods/DoubleConversion -Xcc -I/Users/runner/work/Bangumi/Bangumi/ios/build/Build/Products/Release-iphoneos/ExpoModulesCore/Swift\ Compatibility\ Header -Xcc -I/Users/runner/work/Bangumi/Bangumi/ios/Pods/Headers/Private/Yoga -Xcc -I/Users/runner/work/Bangumi/Bangumi/ios/Pods/ExpoModulesCore/ExpoModulesCore.xcframework/ios-arm64_x86_64-simulator/ExpoModulesCore.framework/Headers -Xcc -I/Users/runner/work/Bangumi/Bangumi/ios/Pods/ExpoModulesCore/ExpoModulesCore.xcframework/ios-arm64/ExpoModulesCore.framework/Headers -Xcc -I/Users/runner/work/Bangumi/Bangumi/ios/Pods/ExpoModulesCore/ExpoModulesCore.xcframework/ios-arm64_x86_64-simulator/ExpoModulesCore.framework/Headers -Xcc -I/Users/runner/work/Bangumi/Bangumi/ios/Pods/ExpoModulesCore/ExpoModulesCore.xcframework/ios-arm64/ExpoModulesCore.framework/Headers -Xcc -I/Users/runner/work/Bangumi/Bangumi/ios/build/Build/Intermediates.noindex/Pods.build/Release-iphoneos/Expo.build/DerivedSources-normal/arm64 -Xcc -I/Users/runner/work/Bangumi/Bangumi/ios/build/Build/Intermediates.noindex/Pods.build/Release-iphoneos/Expo.build/DerivedSources/arm64 -Xcc -I/Users/runner/work/Bangumi/Bangumi/ios/build/Build/Intermediates.noindex/Pods.build/Release-iphoneos/Expo.build/DerivedSources -Xcc -DPOD_CONFIGURATION_RELEASE\=1 -Xcc -DCOCOAPODS\=1 -emit-objc-header -emit-objc-header-path /Users/runner/work/Bangumi/Bangumi/ios/build/Build/Intermediates.noindex/Pods.build/Release-iphoneos/Expo.build/Objects-normal/arm64/Expo-Swift.h -working-directory /Users/runner/work/Bangumi/Bangumi/ios/Pods -no-emit-module-separately-wmo

Copy /Users/runner/work/Bangumi/Bangumi/ios/build/Build/Products/Release-iphoneos/Expo/Expo.swiftmodule/arm64-apple-ios.swiftmodule /Users/runner/work/Bangumi/Bangumi/ios/build/Build/Intermediates.noindex/Pods.build/Release-iphoneos/Expo.build/Objects-normal/arm64/Expo.swiftmodule (in target 'Expo' from project 'Pods')
    cd /Users/runner/work/Bangumi/Bangumi/ios/Pods
    builtin-copy -exclude .DS_Store -exclude CVS -exclude .svn -exclude .git -exclude .hg -resolve-src-symlinks -rename /Users/runner/work/Bangumi/Bangumi/ios/build/Build/Intermediates.noindex/Pods.build/Release-iphoneos/Expo.build/Objects-normal/arm64/Expo.swiftmodule /Users/runner/work/Bangumi/Bangumi/ios/build/Build/Products/Release-iphoneos/Expo/Expo.swiftmodule/arm64-apple-ios.swiftmodule

SwiftMergeGeneratedHeaders /Users/runner/work/Bangumi/Bangumi/ios/build/Build/Intermediates.noindex/Pods.build/Release-iphoneos/Expo.build/DerivedSources/Expo-Swift.h /Users/runner/work/Bangumi/Bangumi/ios/build/Build/Intermediates.noindex/Pods.build/Release-iphoneos/Expo.build/Objects-normal/arm64/Expo-Swift.h (in target 'Expo' from project 'Pods')
    cd /Users/runner/work/Bangumi/Bangumi/ios/Pods
    builtin-swiftHeaderTool -arch arm64 /Users/runner/work/Bangumi/Bangumi/ios/build/Build/Intermediates.noindex/Pods.build/Release-iphoneos/Expo.build/Objects-normal/arm64/Expo-Swift.h -o /Users/runner/work/Bangumi/Bangumi/ios/build/Build/Intermediates.noindex/Pods.build/Release-iphoneos/Expo.build/DerivedSources/Expo-Swift.h

Copy /Users/runner/work/Bangumi/Bangumi/ios/build/Build/Products/Release-iphoneos/Expo/Expo.swiftmodule/arm64-apple-ios.swiftdoc /Users/runner/work/Bangumi/Bangumi/ios/build/Build/Intermediates.noindex/Pods.build/Release-iphoneos/Expo.build/Objects-normal/arm64/Expo.swiftdoc (in target 'Expo' from project 'Pods')
    cd /Users/runner/work/Bangumi/Bangumi/ios/Pods
    builtin-copy -exclude .DS_Store -exclude CVS -exclude .svn -exclude .git -exclude .hg -resolve-src-symlinks -rename /Users/runner/work/Bangumi/Bangumi/ios/build/Build/Intermediates.noindex/Pods.build/Release-iphoneos/Expo.build/Objects-normal/arm64/Expo.swiftdoc /Users/runner/work/Bangumi/Bangumi/ios/build/Build/Products/Release-iphoneos/Expo/Expo.swiftmodule/arm64-apple-ios.swiftdoc

Copy /Users/runner/work/Bangumi/Bangumi/ios/build/Build/Products/Release-iphoneos/Expo/Expo.swiftmodule/arm64-apple-ios.abi.json /Users/runner/work/Bangumi/Bangumi/ios/build/Build/Intermediates.noindex/Pods.build/Release-iphoneos/Expo.build/Objects-normal/arm64/Expo.abi.json (in target 'Expo' from project 'Pods')
    cd /Users/runner/work/Bangumi/Bangumi/ios/Pods
    builtin-copy -exclude .DS_Store -exclude CVS -exclude .svn -exclude .git -exclude .hg -resolve-src-symlinks -rename /Users/runner/work/Bangumi/Bangumi/ios/build/Build/Intermediates.noindex/Pods.build/Release-iphoneos/Expo.build/Objects-normal/arm64/Expo.abi.json /Users/runner/work/Bangumi/Bangumi/ios/build/Build/Products/Release-iphoneos/Expo/Expo.swiftmodule/arm64-apple-ios.abi.json

Copy /Users/runner/work/Bangumi/Bangumi/ios/build/Build/Products/Release-iphoneos/Expo/Expo.swiftmodule/Project/arm64-apple-ios.swiftsourceinfo /Users/runner/work/Bangumi/Bangumi/ios/build/Build/Intermediates.noindex/Pods.build/Release-iphoneos/Expo.build/Objects-normal/arm64/Expo.swiftsourceinfo (in target 'Expo' from project 'Pods')
    cd /Users/runner/work/Bangumi/Bangumi/ios/Pods
    builtin-copy -exclude .DS_Store -exclude CVS -exclude .svn -exclude .git -exclude .hg -resolve-src-symlinks -rename /Users/runner/work/Bangumi/Bangumi/ios/build/Build/Intermediates.noindex/Pods.build/Release-iphoneos/Expo.build/Objects-normal/arm64/Expo.swiftsourceinfo /Users/runner/work/Bangumi/Bangumi/ios/build/Build/Products/Release-iphoneos/Expo/Expo.swiftmodule/Project/arm64-apple-ios.swiftsourceinfo

CompileC /Users/runner/work/Bangumi/Bangumi/ios/build/Build/Intermediates.noindex/Pods.build/Release-iphoneos/Expo.build/Objects-normal/arm64/ExpoReactNativeFactory-229013095c9ff59613b602a3c0810b04.o /Users/runner/work/Bangumi/Bangumi/node_modules/expo/ios/AppDelegates/ExpoReactNativeFactory.mm normal arm64 objective-c++ com.apple.compilers.llvm.clang.1_0.compiler (in target 'Expo' from project 'Pods')
    cd /Users/runner/work/Bangumi/Bangumi/ios/Pods
    
    Using response file: /Users/runner/work/Bangumi/Bangumi/ios/build/Build/Intermediates.noindex/Pods.build/Release-iphoneos/Expo.build/Objects-normal/arm64/af3fcb34312c57c0f52879cdce924b91-common-args.resp
    
    /Applications/Xcode_26.6.app/Contents/Developer/Toolchains/XcodeDefault.xctoolchain/usr/bin/clang -x objective-c++ -ivfsstatcache /Users/runner/work/Bangumi/Bangumi/ios/build/SDKStatCaches.noindex/iphoneos26.5-23F81a-688ef53f1462e2c8f657fdc38a81448fee66e23052a0157c865c76b268046726.sdkstatcache -target arm64-apple-ios16.4 -fmessage-length\=0 -fdiagnostics-show-note-include-stack -fmacro-backtrace-limit\=0 -fno-color-diagnostics -fmodules-prune-interval\=86400 -fmodules-prune-after\=345600 -fbuild-session-file\=/Users/runner/work/Bangumi/Bangumi/ios/build/ModuleCache.noindex/Session.modulevalidation -fmodules-validate-once-per-build-session -Wnon-modular-include-in-framework-module -Werror\=non-modular-include-in-framework-module -Wno-trigraphs -Wno-missing-field-initializers -Wno-missing-prototypes -Werror\=return-type -Wunreachable-code -Wno-implicit-atomic-properties -Werror\=deprecated-objc-isa-usage -Wno-objc-interface-ivars -Werror\=objc-root-class -Wno-arc-repeated-use-of-weak -Wimplicit-retain-self -Wno-non-virtual-dtor -Wno-overloaded-virtual -Wno-exit-time-destructors -Wduplicate-method-match -Wno-missing-braces -Wparentheses -Wswitch -Wunused-function -Wno-unused-label -Wno-unused-parameter -Wunused-variable -Wunused-value -Wempty-body -Wuninitialized -Wconditional-uninitialized -Wno-unknown-pragmas -w -Wno-shadow -Wno-four-char-constants -Wno-conversion -Wconstant-conversion -Wint-conversion -Wbool-conversion -Wenum-conversion -Wno-float-conversion -Wnon-literal-null-conversion -Wobjc-literal-conversion -Wshorten-64-to-32 -Wno-newline-eof -Wno-selector -Wno-strict-selector-match -Wundeclared-selector -Wdeprecated-implementations -Wno-c++11-extensions -Wno-implicit-fallthrough -isysroot /Applications/Xcode_26.6.app/Contents/Developer/Platforms/iPhoneOS.platform/Developer/SDKs/iPhoneOS26.5.sdk -fstrict-aliasing -Wprotocol -Wdeprecated-declarations -Winvalid-offsetof -Wno-sign-conversion -Winfinite-recursion -Wmove -Wcomma -Wblock-capture-autoreleasing -Wstrict-prototypes -Wrange-loop-analysis -Wno-semicolon-before-method-body -Wunguarded-availability @/Users/runner/work/Bangumi/Bangumi/ios/build/Build/Intermediates.noindex/Pods.build/Release-iphoneos/Expo.build/Objects-normal/arm64/af3fcb34312c57c0f52879cdce924b91-common-args.resp -DFOLLY_MOBILE\=1 -DFOLLY_USE_LIBCPP\=1 -DFOLLY_CFG_NO_COROUTINES\=1 -DFOLLY_HAVE_CLOCK_GETTIME\=1 -Wno-comma -Wno-shorten-64-to-32 -include /Users/runner/work/Bangumi/Bangumi/ios/Pods/Target\ Support\ Files/Expo/Expo-prefix.pch -MMD -MT dependencies -MF /Users/runner/work/Bangumi/Bangumi/ios/build/Build/Intermediates.noindex/Pods.build/Release-iphoneos/Expo.build/Objects-normal/arm64/ExpoReactNativeFactory-229013095c9ff59613b602a3c0810b04.d --serialize-diagnostics /Users/runner/work/Bangumi/Bangumi/ios/build/Build/Intermediates.noindex/Pods.build/Release-iphoneos/Expo.build/Objects-normal/arm64/ExpoReactNativeFactory-229013095c9ff59613b602a3c0810b04.dia -c /Users/runner/work/Bangumi/Bangumi/node_modules/expo/ios/AppDelegates/ExpoReactNativeFactory.mm -o /Users/runner/work/Bangumi/Bangumi/ios/build/Build/Intermediates.noindex/Pods.build/Release-iphoneos/Expo.build/Objects-normal/arm64/ExpoReactNativeFactory-229013095c9ff59613b602a3c0810b04.o

CompileC /Users/runner/work/Bangumi/Bangumi/ios/build/Build/Intermediates.noindex/Pods.build/Release-iphoneos/Expo.build/Objects-normal/arm64/EXReactRootViewFactory.o /Users/runner/work/Bangumi/Bangumi/node_modules/expo/ios/AppDelegates/EXReactRootViewFactory.mm normal arm64 objective-c++ com.apple.compilers.llvm.clang.1_0.compiler (in target 'Expo' from project 'Pods')
    cd /Users/runner/work/Bangumi/Bangumi/ios/Pods
    
    Using response file: /Users/runner/work/Bangumi/Bangumi/ios/build/Build/Intermediates.noindex/Pods.build/Release-iphoneos/Expo.build/Objects-normal/arm64/af3fcb34312c57c0f52879cdce924b91-common-args.resp
    
    /Applications/Xcode_26.6.app/Contents/Developer/Toolchains/XcodeDefault.xctoolchain/usr/bin/clang -x objective-c++ -ivfsstatcache /Users/runner/work/Bangumi/Bangumi/ios/build/SDKStatCaches.noindex/iphoneos26.5-23F81a-688ef53f1462e2c8f657fdc38a81448fee66e23052a0157c865c76b268046726.sdkstatcache -target arm64-apple-ios16.4 -fmessage-length\=0 -fdiagnostics-show-note-include-stack -fmacro-backtrace-limit\=0 -fno-color-diagnostics -fmodules-prune-interval\=86400 -fmodules-prune-after\=345600 -fbuild-session-file\=/Users/runner/work/Bangumi/Bangumi/ios/build/ModuleCache.noindex/Session.modulevalidation -fmodules-validate-once-per-build-session -Wnon-modular-include-in-framework-module -Werror\=non-modular-include-in-framework-module -Wno-trigraphs -Wno-missing-field-initializers -Wno-missing-prototypes -Werror\=return-type -Wunreachable-code -Wno-implicit-atomic-properties -Werror\=deprecated-objc-isa-usage -Wno-objc-interface-ivars -Werror\=objc-root-class -Wno-arc-repeated-use-of-weak -Wimplicit-retain-self -Wno-non-virtual-dtor -Wno-overloaded-virtual -Wno-exit-time-destructors -Wduplicate-method-match -Wno-missing-braces -Wparentheses -Wswitch -Wunused-function -Wno-unused-label -Wno-unused-parameter -Wunused-variable -Wunused-value -Wempty-body -Wuninitialized -Wconditional-uninitialized -Wno-unknown-pragmas -w -Wno-shadow -Wno-four-char-constants -Wno-conversion -Wconstant-conversion -Wint-conversion -Wbool-conversion -Wenum-conversion -Wno-float-conversion -Wnon-literal-null-conversion -Wobjc-literal-conversion -Wshorten-64-to-32 -Wno-newline-eof -Wno-selector -Wno-strict-selector-match -Wundeclared-selector -Wdeprecated-implementations -Wno-c++11-extensions -Wno-implicit-fallthrough -isysroot /Applications/Xcode_26.6.app/Contents/Developer/Platforms/iPhoneOS.platform/Developer/SDKs/iPhoneOS26.5.sdk -fstrict-aliasing -Wprotocol -Wdeprecated-declarations -Winvalid-offsetof -Wno-sign-conversion -Winfinite-recursion -Wmove -Wcomma -Wblock-capture-autoreleasing -Wstrict-prototypes -Wrange-loop-analysis -Wno-semicolon-before-method-body -Wunguarded-availability @/Users/runner/work/Bangumi/Bangumi/ios/build/Build/Intermediates.noindex/Pods.build/Release-iphoneos/Expo.build/Objects-normal/arm64/af3fcb34312c57c0f52879cdce924b91-common-args.resp -DFOLLY_MOBILE\=1 -DFOLLY_USE_LIBCPP\=1 -DFOLLY_CFG_NO_COROUTINES\=1 -DFOLLY_HAVE_CLOCK_GETTIME\=1 -Wno-comma -Wno-shorten-64-to-32 -include /Users/runner/work/Bangumi/Bangumi/ios/Pods/Target\ Support\ Files/Expo/Expo-prefix.pch -MMD -MT dependencies -MF /Users/runner/work/Bangumi/Bangumi/ios/build/Build/Intermediates.noindex/Pods.build/Release-iphoneos/Expo.build/Objects-normal/arm64/EXReactRootViewFactory.d --serialize-diagnostics /Users/runner/work/Bangumi/Bangumi/ios/build/Build/Intermediates.noindex/Pods.build/Release-iphoneos/Expo.build/Objects-normal/arm64/EXReactRootViewFactory.dia -c /Users/runner/work/Bangumi/Bangumi/node_modules/expo/ios/AppDelegates/EXReactRootViewFactory.mm -o /Users/runner/work/Bangumi/Bangumi/ios/build/Build/Intermediates.noindex/Pods.build/Release-iphoneos/Expo.build/Objects-normal/arm64/EXReactRootViewFactory.o

CompileC /Users/runner/work/Bangumi/Bangumi/ios/build/Build/Intermediates.noindex/Pods.build/Release-iphoneos/Expo.build/Objects-normal/arm64/EXBundleConfiguration.o /Users/runner/work/Bangumi/Bangumi/node_modules/expo/ios/AppDelegates/EXBundleConfiguration.mm normal arm64 objective-c++ com.apple.compilers.llvm.clang.1_0.compiler (in target 'Expo' from project 'Pods')
    cd /Users/runner/work/Bangumi/Bangumi/ios/Pods
    
    Using response file: /Users/runner/work/Bangumi/Bangumi/ios/build/Build/Intermediates.noindex/Pods.build/Release-iphoneos/Expo.build/Objects-normal/arm64/af3fcb34312c57c0f52879cdce924b91-common-args.resp
    
    /Applications/Xcode_26.6.app/Contents/Developer/Toolchains/XcodeDefault.xctoolchain/usr/bin/clang -x objective-c++ -ivfsstatcache /Users/runner/work/Bangumi/Bangumi/ios/build/SDKStatCaches.noindex/iphoneos26.5-23F81a-688ef53f1462e2c8f657fdc38a81448fee66e23052a0157c865c76b268046726.sdkstatcache -target arm64-apple-ios16.4 -fmessage-length\=0 -fdiagnostics-show-note-include-stack -fmacro-backtrace-limit\=0 -fno-color-diagnostics -fmodules-prune-interval\=86400 -fmodules-prune-after\=345600 -fbuild-session-file\=/Users/runner/work/Bangumi/Bangumi/ios/build/ModuleCache.noindex/Session.modulevalidation -fmodules-validate-once-per-build-session -Wnon-modular-include-in-framework-module -Werror\=non-modular-include-in-framework-module -Wno-trigraphs -Wno-missing-field-initializers -Wno-missing-prototypes -Werror\=return-type -Wunreachable-code -Wno-implicit-atomic-properties -Werror\=deprecated-objc-isa-usage -Wno-objc-interface-ivars -Werror\=objc-root-class -Wno-arc-repeated-use-of-weak -Wimplicit-retain-self -Wno-non-virtual-dtor -Wno-overloaded-virtual -Wno-exit-time-destructors -Wduplicate-method-match -Wno-missing-braces -Wparentheses -Wswitch -Wunused-function -Wno-unused-label -Wno-unused-parameter -Wunused-variable -Wunused-value -Wempty-body -Wuninitialized -Wconditional-uninitialized -Wno-unknown-pragmas -w -Wno-shadow -Wno-four-char-constants -Wno-conversion -Wconstant-conversion -Wint-conversion -Wbool-conversion -Wenum-conversion -Wno-float-conversion -Wnon-literal-null-conversion -Wobjc-literal-conversion -Wshorten-64-to-32 -Wno-newline-eof -Wno-selector -Wno-strict-selector-match -Wundeclared-selector -Wdeprecated-implementations -Wno-c++11-extensions -Wno-implicit-fallthrough -isysroot /Applications/Xcode_26.6.app/Contents/Developer/Platforms/iPhoneOS.platform/Developer/SDKs/iPhoneOS26.5.sdk -fstrict-aliasing -Wprotocol -Wdeprecated-declarations -Winvalid-offsetof -Wno-sign-conversion -Winfinite-recursion -Wmove -Wcomma -Wblock-capture-autoreleasing -Wstrict-prototypes -Wrange-loop-analysis -Wno-semicolon-before-method-body -Wunguarded-availability @/Users/runner/work/Bangumi/Bangumi/ios/build/Build/Intermediates.noindex/Pods.build/Release-iphoneos/Expo.build/Objects-normal/arm64/af3fcb34312c57c0f52879cdce924b91-common-args.resp -DFOLLY_MOBILE\=1 -DFOLLY_USE_LIBCPP\=1 -DFOLLY_CFG_NO_COROUTINES\=1 -DFOLLY_HAVE_CLOCK_GETTIME\=1 -Wno-comma -Wno-shorten-64-to-32 -include /Users/runner/work/Bangumi/Bangumi/ios/Pods/Target\ Support\ Files/Expo/Expo-prefix.pch -MMD -MT dependencies -MF /Users/runner/work/Bangumi/Bangumi/ios/build/Build/Intermediates.noindex/Pods.build/Release-iphoneos/Expo.build/Objects-normal/arm64/EXBundleConfiguration.d --serialize-diagnostics /Users/runner/work/Bangumi/Bangumi/ios/build/Build/Intermediates.noindex/Pods.build/Release-iphoneos/Expo.build/Objects-normal/arm64/EXBundleConfiguration.dia -c /Users/runner/work/Bangumi/Bangumi/node_modules/expo/ios/AppDelegates/EXBundleConfiguration.mm -o /Users/runner/work/Bangumi/Bangumi/ios/build/Build/Intermediates.noindex/Pods.build/Release-iphoneos/Expo.build/Objects-normal/arm64/EXBundleConfiguration.o

ScanDependencies /Users/runner/work/Bangumi/Bangumi/ios/build/Build/Intermediates.noindex/Pods.build/Release-iphoneos/Expo.build/Objects-normal/arm64/Expo-dummy.o /Users/runner/work/Bangumi/Bangumi/ios/Pods/Target\ Support\ Files/Expo/Expo-dummy.m normal arm64 objective-c com.apple.compilers.llvm.clang.1_0.compiler (in target 'Expo' from project 'Pods')
    cd /Users/runner/work/Bangumi/Bangumi/ios/Pods
    
    Using response file: /Users/runner/work/Bangumi/Bangumi/ios/build/Build/Intermediates.noindex/Pods.build/Release-iphoneos/Expo.build/Objects-normal/arm64/e6072d4f65d7061329687fe24e3d63a7-common-args.resp
    
    builtin-ScanDependencies -o /Users/runner/work/Bangumi/Bangumi/ios/build/Build/Intermediates.noindex/Pods.build/Release-iphoneos/Expo.build/Objects-normal/arm64/Expo-dummy.o.scan -- /Applications/Xcode_26.6.app/Contents/Developer/Toolchains/XcodeDefault.xctoolchain/usr/bin/clang -x objective-c -ivfsstatcache /Users/runner/work/Bangumi/Bangumi/ios/build/SDKStatCaches.noindex/iphoneos26.5-23F81a-688ef53f1462e2c8f657fdc38a81448fee66e23052a0157c865c76b268046726.sdkstatcache -target arm64-apple-ios16.4 -fmessage-length\=0 -fdiagnostics-show-note-include-stack -fmacro-backtrace-limit\=0 -fno-color-diagnostics -fmodules-prune-interval\=86400 -fmodules-prune-after\=345600 -fbuild-session-file\=/Users/runner/work/Bangumi/Bangumi/ios/build/ModuleCache.noindex/Session.modulevalidation -fmodules-validate-once-per-build-session -Wnon-modular-include-in-framework-module -Werror\=non-modular-include-in-framework-module -Wno-trigraphs -Wno-missing-field-initializers -Wno-missing-prototypes -Werror\=return-type -Wunreachable-code -Wno-implicit-atomic-properties -Werror\=deprecated-objc-isa-usage -Wno-objc-interface-ivars -Werror\=objc-root-class -Wno-arc-repeated-use-of-weak -Wimplicit-retain-self -Wduplicate-method-match -Wno-missing-braces -Wparentheses -Wswitch -Wunused-function -Wno-unused-label -Wno-unused-parameter -Wunused-variable -Wunused-value -Wempty-body -Wuninitialized -Wconditional-uninitialized -Wno-unknown-pragmas -w -Wno-shadow -Wno-four-char-constants -Wno-conversion -Wconstant-conversion -Wint-conversion -Wbool-conversion -Wenum-conversion -Wno-float-conversion -Wnon-literal-null-conversion -Wobjc-literal-conversion -Wshorten-64-to-32 -Wpointer-sign -Wno-newline-eof -Wno-selector -Wno-strict-selector-match -Wundeclared-selector -Wdeprecated-implementations -Wno-implicit-fallthrough -isysroot /Applications/Xcode_26.6.app/Contents/Developer/Platforms/iPhoneOS.platform/Developer/SDKs/iPhoneOS26.5.sdk -fstrict-aliasing -Wprotocol -Wdeprecated-declarations -Wno-sign-conversion -Winfinite-recursion -Wcomma -Wblock-capture-autoreleasing -Wstrict-prototypes -Wno-semicolon-before-method-body -Wunguarded-availability @/Users/runner/work/Bangumi/Bangumi/ios/build/Build/Intermediates.noindex/Pods.build/Release-iphoneos/Expo.build/Objects-normal/arm64/e6072d4f65d7061329687fe24e3d63a7-common-args.resp -include /Users/runner/work/Bangumi/Bangumi/ios/Pods/Target\ Support\ Files/Expo/Expo-prefix.pch -MMD -MT dependencies -MF /Users/runner/work/Bangumi/Bangumi/ios/build/Build/Intermediates.noindex/Pods.build/Release-iphoneos/Expo.build/Objects-normal/arm64/Expo-dummy.d --serialize-diagnostics /Users/runner/work/Bangumi/Bangumi/ios/build/Build/Intermediates.noindex/Pods.build/Release-iphoneos/Expo.build/Objects-normal/arm64/Expo-dummy.dia -c /Users/runner/work/Bangumi/Bangumi/ios/Pods/Target\ Support\ Files/Expo/Expo-dummy.m -o /Users/runner/work/Bangumi/Bangumi/ios/build/Build/Intermediates.noindex/Pods.build/Release-iphoneos/Expo.build/Objects-normal/arm64/Expo-dummy.o

ScanDependencies /Users/runner/work/Bangumi/Bangumi/ios/build/Build/Intermediates.noindex/Pods.build/Release-iphoneos/Expo.build/Objects-normal/arm64/EXLegacyAppDelegateWrapper.o /Users/runner/work/Bangumi/Bangumi/node_modules/expo/ios/AppDelegates/EXLegacyAppDelegateWrapper.m normal arm64 objective-c com.apple.compilers.llvm.clang.1_0.compiler (in target 'Expo' from project 'Pods')
    cd /Users/runner/work/Bangumi/Bangumi/ios/Pods
    
    Using response file: /Users/runner/work/Bangumi/Bangumi/ios/build/Build/Intermediates.noindex/Pods.build/Release-iphoneos/Expo.build/Objects-normal/arm64/e6072d4f65d7061329687fe24e3d63a7-common-args.resp
    
    builtin-ScanDependencies -o /Users/runner/work/Bangumi/Bangumi/ios/build/Build/Intermediates.noindex/Pods.build/Release-iphoneos/Expo.build/Objects-normal/arm64/EXLegacyAppDelegateWrapper.o.scan -- /Applications/Xcode_26.6.app/Contents/Developer/Toolchains/XcodeDefault.xctoolchain/usr/bin/clang -x objective-c -ivfsstatcache /Users/runner/work/Bangumi/Bangumi/ios/build/SDKStatCaches.noindex/iphoneos26.5-23F81a-688ef53f1462e2c8f657fdc38a81448fee66e23052a0157c865c76b268046726.sdkstatcache -target arm64-apple-ios16.4 -fmessage-length\=0 -fdiagnostics-show-note-include-stack -fmacro-backtrace-limit\=0 -fno-color-diagnostics -fmodules-prune-interval\=86400 -fmodules-prune-after\=345600 -fbuild-session-file\=/Users/runner/work/Bangumi/Bangumi/ios/build/ModuleCache.noindex/Session.modulevalidation -fmodules-validate-once-per-build-session -Wnon-modular-include-in-framework-module -Werror\=non-modular-include-in-framework-module -Wno-trigraphs -Wno-missing-field-initializers -Wno-missing-prototypes -Werror\=return-type -Wunreachable-code -Wno-implicit-atomic-properties -Werror\=deprecated-objc-isa-usage -Wno-objc-interface-ivars -Werror\=objc-root-class -Wno-arc-repeated-use-of-weak -Wimplicit-retain-self -Wduplicate-method-match -Wno-missing-braces -Wparentheses -Wswitch -Wunused-function -Wno-unused-label -Wno-unused-parameter -Wunused-variable -Wunused-value -Wempty-body -Wuninitialized -Wconditional-uninitialized -Wno-unknown-pragmas -w -Wno-shadow -Wno-four-char-constants -Wno-conversion -Wconstant-conversion -Wint-conversion -Wbool-conversion -Wenum-conversion -Wno-float-conversion -Wnon-literal-null-conversion -Wobjc-literal-conversion -Wshorten-64-to-32 -Wpointer-sign -Wno-newline-eof -Wno-selector -Wno-strict-selector-match -Wundeclared-selector -Wdeprecated-implementations -Wno-implicit-fallthrough -isysroot /Applications/Xcode_26.6.app/Contents/Developer/Platforms/iPhoneOS.platform/Developer/SDKs/iPhoneOS26.5.sdk -fstrict-aliasing -Wprotocol -Wdeprecated-declarations -Wno-sign-conversion -Winfinite-recursion -Wcomma -Wblock-capture-autoreleasing -Wstrict-prototypes -Wno-semicolon-before-method-body -Wunguarded-availability @/Users/runner/work/Bangumi/Bangumi/ios/build/Build/Intermediates.noindex/Pods.build/Release-iphoneos/Expo.build/Objects-normal/arm64/e6072d4f65d7061329687fe24e3d63a7-common-args.resp -DFOLLY_MOBILE\=1 -DFOLLY_USE_LIBCPP\=1 -DFOLLY_CFG_NO_COROUTINES\=1 -DFOLLY_HAVE_CLOCK_GETTIME\=1 -Wno-comma -Wno-shorten-64-to-32 -include /Users/runner/work/Bangumi/Bangumi/ios/Pods/Target\ Support\ Files/Expo/Expo-prefix.pch -MMD -MT dependencies -MF /Users/runner/work/Bangumi/Bangumi/ios/build/Build/Intermediates.noindex/Pods.build/Release-iphoneos/Expo.build/Objects-normal/arm64/EXLegacyAppDelegateWrapper.d --serialize-diagnostics /Users/runner/work/Bangumi/Bangumi/ios/build/Build/Intermediates.noindex/Pods.build/Release-iphoneos/Expo.build/Objects-normal/arm64/EXLegacyAppDelegateWrapper.dia -c /Users/runner/work/Bangumi/Bangumi/node_modules/expo/ios/AppDelegates/EXLegacyAppDelegateWrapper.m -o /Users/runner/work/Bangumi/Bangumi/ios/build/Build/Intermediates.noindex/Pods.build/Release-iphoneos/Expo.build/Objects-normal/arm64/EXLegacyAppDelegateWrapper.o

CompileC /Users/runner/work/Bangumi/Bangumi/ios/build/Build/Intermediates.noindex/Pods.build/Release-iphoneos/Expo.build/Objects-normal/arm64/Expo-dummy.o /Users/runner/work/Bangumi/Bangumi/ios/Pods/Target\ Support\ Files/Expo/Expo-dummy.m normal arm64 objective-c com.apple.compilers.llvm.clang.1_0.compiler (in target 'Expo' from project 'Pods')
    cd /Users/runner/work/Bangumi/Bangumi/ios/Pods
    
    Using response file: /Users/runner/work/Bangumi/Bangumi/ios/build/Build/Intermediates.noindex/Pods.build/Release-iphoneos/Expo.build/Objects-normal/arm64/e6072d4f65d7061329687fe24e3d63a7-common-args.resp
    
    /Applications/Xcode_26.6.app/Contents/Developer/Toolchains/XcodeDefault.xctoolchain/usr/bin/clang -x objective-c -ivfsstatcache /Users/runner/work/Bangumi/Bangumi/ios/build/SDKStatCaches.noindex/iphoneos26.5-23F81a-688ef53f1462e2c8f657fdc38a81448fee66e23052a0157c865c76b268046726.sdkstatcache -target arm64-apple-ios16.4 -fmessage-length\=0 -fdiagnostics-show-note-include-stack -fmacro-backtrace-limit\=0 -fno-color-diagnostics -fmodules-prune-interval\=86400 -fmodules-prune-after\=345600 -fbuild-session-file\=/Users/runner/work/Bangumi/Bangumi/ios/build/ModuleCache.noindex/Session.modulevalidation -fmodules-validate-once-per-build-session -Wnon-modular-include-in-framework-module -Werror\=non-modular-include-in-framework-module -Wno-trigraphs -Wno-missing-field-initializers -Wno-missing-prototypes -Werror\=return-type -Wunreachable-code -Wno-implicit-atomic-properties -Werror\=deprecated-objc-isa-usage -Wno-objc-interface-ivars -Werror\=objc-root-class -Wno-arc-repeated-use-of-weak -Wimplicit-retain-self -Wduplicate-method-match -Wno-missing-braces -Wparentheses -Wswitch -Wunused-function -Wno-unused-label -Wno-unused-parameter -Wunused-variable -Wunused-value -Wempty-body -Wuninitialized -Wconditional-uninitialized -Wno-unknown-pragmas -w -Wno-shadow -Wno-four-char-constants -Wno-conversion -Wconstant-conversion -Wint-conversion -Wbool-conversion -Wenum-conversion -Wno-float-conversion -Wnon-literal-null-conversion -Wobjc-literal-conversion -Wshorten-64-to-32 -Wpointer-sign -Wno-newline-eof -Wno-selector -Wno-strict-selector-match -Wundeclared-selector -Wdeprecated-implementations -Wno-implicit-fallthrough -isysroot /Applications/Xcode_26.6.app/Contents/Developer/Platforms/iPhoneOS.platform/Developer/SDKs/iPhoneOS26.5.sdk -fstrict-aliasing -Wprotocol -Wdeprecated-declarations -Wno-sign-conversion -Winfinite-recursion -Wcomma -Wblock-capture-autoreleasing -Wstrict-prototypes -Wno-semicolon-before-method-body -Wunguarded-availability @/Users/runner/work/Bangumi/Bangumi/ios/build/Build/Intermediates.noindex/Pods.build/Release-iphoneos/Expo.build/Objects-normal/arm64/e6072d4f65d7061329687fe24e3d63a7-common-args.resp -include /Users/runner/work/Bangumi/Bangumi/ios/Pods/Target\ Support\ Files/Expo/Expo-prefix.pch -MMD -MT dependencies -MF /Users/runner/work/Bangumi/Bangumi/ios/build/Build/Intermediates.noindex/Pods.build/Release-iphoneos/Expo.build/Objects-normal/arm64/Expo-dummy.d --serialize-diagnostics /Users/runner/work/Bangumi/Bangumi/ios/build/Build/Intermediates.noindex/Pods.build/Release-iphoneos/Expo.build/Objects-normal/arm64/Expo-dummy.dia -c /Users/runner/work/Bangumi/Bangumi/ios/Pods/Target\ Support\ Files/Expo/Expo-dummy.m -o /Users/runner/work/Bangumi/Bangumi/ios/build/Build/Intermediates.noindex/Pods.build/Release-iphoneos/Expo.build/Objects-normal/arm64/Expo-dummy.o

PrecompileModule /Users/runner/work/Bangumi/Bangumi/ios/build/Build/Intermediates.noindex/ExplicitPrecompiledModules/_Builtin_stdbool-EQHWL5A7QAUWHNO95GD4MLLXC.scan
    cd /
    builtin-precompileModule /Users/runner/work/Bangumi/Bangumi/ios/build/Build/Intermediates.noindex/ExplicitPrecompiledModules/_Builtin_stdbool-EQHWL5A7QAUWHNO95GD4MLLXC.scan

PrecompileModule /Users/runner/work/Bangumi/Bangumi/ios/build/Build/Intermediates.noindex/ExplicitPrecompiledModules/ptrauth-8O4NW5XINN9IOCJAYW3NY364G.scan
    cd /
    builtin-precompileModule /Users/runner/work/Bangumi/Bangumi/ios/build/Build/Intermediates.noindex/ExplicitPrecompiledModules/ptrauth-8O4NW5XINN9IOCJAYW3NY364G.scan

PrecompileModule /Users/runner/work/Bangumi/Bangumi/ios/build/Build/Intermediates.noindex/ExplicitPrecompiledModules/_Builtin_stddef-AZR7MBKYOJ14PB29F2392EIPV.scan
    cd /
    builtin-precompileModule /Users/runner/work/Bangumi/Bangumi/ios/build/Build/Intermediates.noindex/ExplicitPrecompiledModules/_Builtin_stddef-AZR7MBKYOJ14PB29F2392EIPV.scan

PrecompileModule /Users/runner/work/Bangumi/Bangumi/ios/build/Build/Intermediates.noindex/ExplicitPrecompiledModules/ptrcheck-8TWZ8MBJV507JUWL108XTDQN3.scan
    cd /
    builtin-precompileModule /Users/runner/work/Bangumi/Bangumi/ios/build/Build/Intermediates.noindex/ExplicitPrecompiledModules/ptrcheck-8TWZ8MBJV507JUWL108XTDQN3.scan

PrecompileModule /Users/runner/work/Bangumi/Bangumi/ios/build/Build/Intermediates.noindex/ExplicitPrecompiledModules/_Builtin_float-1RZMOG4ZB6DYX1PUWIIQFQ8WX.scan
    cd /
    builtin-precompileModule /Users/runner/work/Bangumi/Bangumi/ios/build/Build/Intermediates.noindex/ExplicitPrecompiledModules/_Builtin_float-1RZMOG4ZB6DYX1PUWIIQFQ8WX.scan

PrecompileModule /Users/runner/work/Bangumi/Bangumi/ios/build/Build/Intermediates.noindex/ExplicitPrecompiledModules/_Builtin_stdarg-7CT2P2I620OYMDV9Q8GC8OELV.scan
    cd /
    builtin-precompileModule /Users/runner/work/Bangumi/Bangumi/ios/build/Build/Intermediates.noindex/ExplicitPrecompiledModules/_Builtin_stdarg-7CT2P2I620OYMDV9Q8GC8OELV.scan

PrecompileModule /Users/runner/work/Bangumi/Bangumi/ios/build/Build/Intermediates.noindex/ExplicitPrecompiledModules/_AvailabilityInternal-D4QNF5BMV8QGOYNTDMAC0AMVL.scan
    cd /
    builtin-precompileModule /Users/runner/work/Bangumi/Bangumi/ios/build/Build/Intermediates.noindex/ExplicitPrecompiledModules/_AvailabilityInternal-D4QNF5BMV8QGOYNTDMAC0AMVL.scan

ScanDependencies /Users/runner/work/Bangumi/Bangumi/ios/build/Build/Intermediates.noindex/Pods.build/Release-iphoneos/Expo.build/Objects-normal/arm64/EXAppDelegatesLoader.o /Users/runner/work/Bangumi/Bangumi/node_modules/expo/ios/AppDelegates/EXAppDelegatesLoader.m normal arm64 objective-c com.apple.compilers.llvm.clang.1_0.compiler (in target 'Expo' from project 'Pods')
    cd /Users/runner/work/Bangumi/Bangumi/ios/Pods
    
    Using response file: /Users/runner/work/Bangumi/Bangumi/ios/build/Build/Intermediates.noindex/Pods.build/Release-iphoneos/Expo.build/Objects-normal/arm64/e6072d4f65d7061329687fe24e3d63a7-common-args.resp
    
    builtin-ScanDependencies -o /Users/runner/work/Bangumi/Bangumi/ios/build/Build/Intermediates.noindex/Pods.build/Release-iphoneos/Expo.build/Objects-normal/arm64/EXAppDelegatesLoader.o.scan -- /Applications/Xcode_26.6.app/Contents/Developer/Toolchains/XcodeDefault.xctoolchain/usr/bin/clang -x objective-c -ivfsstatcache /Users/runner/work/Bangumi/Bangumi/ios/build/SDKStatCaches.noindex/iphoneos26.5-23F81a-688ef53f1462e2c8f657fdc38a81448fee66e23052a0157c865c76b268046726.sdkstatcache -target arm64-apple-ios16.4 -fmessage-length\=0 -fdiagnostics-show-note-include-stack -fmacro-backtrace-limit\=0 -fno-color-diagnostics -fmodules-prune-interval\=86400 -fmodules-prune-after\=345600 -fbuild-session-file\=/Users/runner/work/Bangumi/Bangumi/ios/build/ModuleCache.noindex/Session.modulevalidation -fmodules-validate-once-per-build-session -Wnon-modular-include-in-framework-module -Werror\=non-modular-include-in-framework-module -Wno-trigraphs -Wno-missing-field-initializers -Wno-missing-prototypes -Werror\=return-type -Wunreachable-code -Wno-implicit-atomic-properties -Werror\=deprecated-objc-isa-usage -Wno-objc-interface-ivars -Werror\=objc-root-class -Wno-arc-repeated-use-of-weak -Wimplicit-retain-self -Wduplicate-method-match -Wno-missing-braces -Wparentheses -Wswitch -Wunused-function -Wno-unused-label -Wno-unused-parameter -Wunused-variable -Wunused-value -Wempty-body -Wuninitialized -Wconditional-uninitialized -Wno-unknown-pragmas -w -Wno-shadow -Wno-four-char-constants -Wno-conversion -Wconstant-conversion -Wint-conversion -Wbool-conversion -Wenum-conversion -Wno-float-conversion -Wnon-literal-null-conversion -Wobjc-literal-conversion -Wshorten-64-to-32 -Wpointer-sign -Wno-newline-eof -Wno-selector -Wno-strict-selector-match -Wundeclared-selector -Wdeprecated-implementations -Wno-implicit-fallthrough -isysroot /Applications/Xcode_26.6.app/Contents/Developer/Platforms/iPhoneOS.platform/Developer/SDKs/iPhoneOS26.5.sdk -fstrict-aliasing -Wprotocol -Wdeprecated-declarations -Wno-sign-conversion -Winfinite-recursion -Wcomma -Wblock-capture-autoreleasing -Wstrict-prototypes -Wno-semicolon-before-method-body -Wunguarded-availability @/Users/runner/work/Bangumi/Bangumi/ios/build/Build/Intermediates.noindex/Pods.build/Release-iphoneos/Expo.build/Objects-normal/arm64/e6072d4f65d7061329687fe24e3d63a7-common-args.resp -DFOLLY_MOBILE\=1 -DFOLLY_USE_LIBCPP\=1 -DFOLLY_CFG_NO_COROUTINES\=1 -DFOLLY_HAVE_CLOCK_GETTIME\=1 -Wno-comma -Wno-shorten-64-to-32 -include /Users/runner/work/Bangumi/Bangumi/ios/Pods/Target\ Support\ Files/Expo/Expo-prefix.pch -MMD -MT dependencies -MF /Users/runner/work/Bangumi/Bangumi/ios/build/Build/Intermediates.noindex/Pods.build/Release-iphoneos/Expo.build/Objects-normal/arm64/EXAppDelegatesLoader.d --serialize-diagnostics /Users/runner/work/Bangumi/Bangumi/ios/build/Build/Intermediates.noindex/Pods.build/Release-iphoneos/Expo.build/Objects-normal/arm64/EXAppDelegatesLoader.dia -c /Users/runner/work/Bangumi/Bangumi/node_modules/expo/ios/AppDelegates/EXAppDelegatesLoader.m -o /Users/runner/work/Bangumi/Bangumi/ios/build/Build/Intermediates.noindex/Pods.build/Release-iphoneos/Expo.build/Objects-normal/arm64/EXAppDelegatesLoader.o

PrecompileModule /Users/runner/work/Bangumi/Bangumi/ios/build/Build/Intermediates.noindex/ExplicitPrecompiledModules/_DarwinFoundation1-EO665C7E6EG633KZG7ZSBPXH8.scan
    cd /
    builtin-precompileModule /Users/runner/work/Bangumi/Bangumi/ios/build/Build/Intermediates.noindex/ExplicitPrecompiledModules/_DarwinFoundation1-EO665C7E6EG633KZG7ZSBPXH8.scan

ScanDependencies /Users/runner/work/Bangumi/Bangumi/ios/build/Build/Intermediates.noindex/Pods.build/Release-iphoneos/Expo.build/Objects-normal/arm64/EXAppDefinesLoader.o /Users/runner/work/Bangumi/Bangumi/node_modules/expo/ios/EXAppDefinesLoader.m normal arm64 objective-c com.apple.compilers.llvm.clang.1_0.compiler (in target 'Expo' from project 'Pods')
    cd /Users/runner/work/Bangumi/Bangumi/ios/Pods
    
    Using response file: /Users/runner/work/Bangumi/Bangumi/ios/build/Build/Intermediates.noindex/Pods.build/Release-iphoneos/Expo.build/Objects-normal/arm64/e6072d4f65d7061329687fe24e3d63a7-common-args.resp
    
    builtin-ScanDependencies -o /Users/runner/work/Bangumi/Bangumi/ios/build/Build/Intermediates.noindex/Pods.build/Release-iphoneos/Expo.build/Objects-normal/arm64/EXAppDefinesLoader.o.scan -- /Applications/Xcode_26.6.app/Contents/Developer/Toolchains/XcodeDefault.xctoolchain/usr/bin/clang -x objective-c -ivfsstatcache /Users/runner/work/Bangumi/Bangumi/ios/build/SDKStatCaches.noindex/iphoneos26.5-23F81a-688ef53f1462e2c8f657fdc38a81448fee66e23052a0157c865c76b268046726.sdkstatcache -target arm64-apple-ios16.4 -fmessage-length\=0 -fdiagnostics-show-note-include-stack -fmacro-backtrace-limit\=0 -fno-color-diagnostics -fmodules-prune-interval\=86400 -fmodules-prune-after\=345600 -fbuild-session-file\=/Users/runner/work/Bangumi/Bangumi/ios/build/ModuleCache.noindex/Session.modulevalidation -fmodules-validate-once-per-build-session -Wnon-modular-include-in-framework-module -Werror\=non-modular-include-in-framework-module -Wno-trigraphs -Wno-missing-field-initializers -Wno-missing-prototypes -Werror\=return-type -Wunreachable-code -Wno-implicit-atomic-properties -Werror\=deprecated-objc-isa-usage -Wno-objc-interface-ivars -Werror\=objc-root-class -Wno-arc-repeated-use-of-weak -Wimplicit-retain-self -Wduplicate-method-match -Wno-missing-braces -Wparentheses -Wswitch -Wunused-function -Wno-unused-label -Wno-unused-parameter -Wunused-variable -Wunused-value -Wempty-body -Wuninitialized -Wconditional-uninitialized -Wno-unknown-pragmas -w -Wno-shadow -Wno-four-char-constants -Wno-conversion -Wconstant-conversion -Wint-conversion -Wbool-conversion -Wenum-conversion -Wno-float-conversion -Wnon-literal-null-conversion -Wobjc-literal-conversion -Wshorten-64-to-32 -Wpointer-sign -Wno-newline-eof -Wno-selector -Wno-strict-selector-match -Wundeclared-selector -Wdeprecated-implementations -Wno-implicit-fallthrough -isysroot /Applications/Xcode_26.6.app/Contents/Developer/Platforms/iPhoneOS.platform/Developer/SDKs/iPhoneOS26.5.sdk -fstrict-aliasing -Wprotocol -Wdeprecated-declarations -Wno-sign-conversion -Winfinite-recursion -Wcomma -Wblock-capture-autoreleasing -Wstrict-prototypes -Wno-semicolon-before-method-body -Wunguarded-availability @/Users/runner/work/Bangumi/Bangumi/ios/build/Build/Intermediates.noindex/Pods.build/Release-iphoneos/Expo.build/Objects-normal/arm64/e6072d4f65d7061329687fe24e3d63a7-common-args.resp -DFOLLY_MOBILE\=1 -DFOLLY_USE_LIBCPP\=1 -DFOLLY_CFG_NO_COROUTINES\=1 -DFOLLY_HAVE_CLOCK_GETTIME\=1 -Wno-comma -Wno-shorten-64-to-32 -include /Users/runner/work/Bangumi/Bangumi/ios/Pods/Target\ Support\ Files/Expo/Expo-prefix.pch -MMD -MT dependencies -MF /Users/runner/work/Bangumi/Bangumi/ios/build/Build/Intermediates.noindex/Pods.build/Release-iphoneos/Expo.build/Objects-normal/arm64/EXAppDefinesLoader.d --serialize-diagnostics /Users/runner/work/Bangumi/Bangumi/ios/build/Build/Intermediates.noindex/Pods.build/Release-iphoneos/Expo.build/Objects-normal/arm64/EXAppDefinesLoader.dia -c /Users/runner/work/Bangumi/Bangumi/node_modules/expo/ios/EXAppDefinesLoader.m -o /Users/runner/work/Bangumi/Bangumi/ios/build/Build/Intermediates.noindex/Pods.build/Release-iphoneos/Expo.build/Objects-normal/arm64/EXAppDefinesLoader.o

PrecompileModule /Users/runner/work/Bangumi/Bangumi/ios/build/Build/Intermediates.noindex/ExplicitPrecompiledModules/_DarwinFoundation2-DVY8C55XX58D8ZTFCRIDHL4P5.scan
    cd /
    builtin-precompileModule /Users/runner/work/Bangumi/Bangumi/ios/build/Build/Intermediates.noindex/ExplicitPrecompiledModules/_DarwinFoundation2-DVY8C55XX58D8ZTFCRIDHL4P5.scan

PrecompileModule /Users/runner/work/Bangumi/Bangumi/ios/build/Build/Intermediates.noindex/ExplicitPrecompiledModules/_Builtin_limits-AWMKP3F01UUHPF838KDA9FYYQ.scan
    cd /
    builtin-precompileModule /Users/runner/work/Bangumi/Bangumi/ios/build/Build/Intermediates.noindex/ExplicitPrecompiledModules/_Builtin_limits-AWMKP3F01UUHPF838KDA9FYYQ.scan

PrecompileModule /Users/runner/work/Bangumi/Bangumi/ios/build/Build/Intermediates.noindex/ExplicitPrecompiledModules/_Builtin_tgmath-9A1B3JTQJBCB94JHL01HAZT8Q.scan
    cd /
    builtin-precompileModule /Users/runner/work/Bangumi/Bangumi/ios/build/Build/Intermediates.noindex/ExplicitPrecompiledModules/_Builtin_tgmath-9A1B3JTQJBCB94JHL01HAZT8Q.scan

PrecompileModule /Users/runner/work/Bangumi/Bangumi/ios/build/Build/Intermediates.noindex/ExplicitPrecompiledModules/_Builtin_stdint-3OWA1SR4PY61RNKMW04D4B903.scan
    cd /
    builtin-precompileModule /Users/runner/work/Bangumi/Bangumi/ios/build/Build/Intermediates.noindex/ExplicitPrecompiledModules/_Builtin_stdint-3OWA1SR4PY61RNKMW04D4B903.scan

PrecompileModule /Users/runner/work/Bangumi/Bangumi/ios/build/Build/Intermediates.noindex/ExplicitPrecompiledModules/_DarwinFoundation3-9MHBY7XO9O3HVV7D9WS7WQ4KW.scan
    cd /
    builtin-precompileModule /Users/runner/work/Bangumi/Bangumi/ios/build/Build/Intermediates.noindex/ExplicitPrecompiledModules/_DarwinFoundation3-9MHBY7XO9O3HVV7D9WS7WQ4KW.scan

PrecompileModule /Users/runner/work/Bangumi/Bangumi/ios/build/Build/Intermediates.noindex/ExplicitPrecompiledModules/_Builtin_intrinsics-EUP60HG7FN7IYEB5JTTVY44P8.scan
    cd /
    builtin-precompileModule /Users/runner/work/Bangumi/Bangumi/ios/build/Build/Intermediates.noindex/ExplicitPrecompiledModules/_Builtin_intrinsics-EUP60HG7FN7IYEB5JTTVY44P8.scan

PrecompileModule /Users/runner/work/Bangumi/Bangumi/ios/build/Build/Intermediates.noindex/ExplicitPrecompiledModules/_Builtin_inttypes-62OZVQVFXFS09FRVALJW5S8EJ.scan
    cd /
    builtin-precompileModule /Users/runner/work/Bangumi/Bangumi/ios/build/Build/Intermediates.noindex/ExplicitPrecompiledModules/_Builtin_inttypes-62OZVQVFXFS09FRVALJW5S8EJ.scan

PrecompileModule /Users/runner/work/Bangumi/Bangumi/ios/build/Build/Intermediates.noindex/ExplicitPrecompiledModules/simd-BTSO1545S8ZGVSFW3TETYBCMO.scan
    cd /
    builtin-precompileModule /Users/runner/work/Bangumi/Bangumi/ios/build/Build/Intermediates.noindex/ExplicitPrecompiledModules/simd-BTSO1545S8ZGVSFW3TETYBCMO.scan

PrecompileModule /Users/runner/work/Bangumi/Bangumi/ios/build/Build/Intermediates.noindex/ExplicitPrecompiledModules/Darwin-1I6SJIB32Z0AULEMNSUKK387W.scan
    cd /
    builtin-precompileModule /Users/runner/work/Bangumi/Bangumi/ios/build/Build/Intermediates.noindex/ExplicitPrecompiledModules/Darwin-1I6SJIB32Z0AULEMNSUKK387W.scan

PrecompileModule /Users/runner/work/Bangumi/Bangumi/ios/build/Build/Intermediates.noindex/ExplicitPrecompiledModules/ObjectiveC-9W2Q8RT3J9UQET26TECTXAKH3.scan
    cd /
    builtin-precompileModule /Users/runner/work/Bangumi/Bangumi/ios/build/Build/Intermediates.noindex/ExplicitPrecompiledModules/ObjectiveC-9W2Q8RT3J9UQET26TECTXAKH3.scan

PrecompileModule /Users/runner/work/Bangumi/Bangumi/ios/build/Build/Intermediates.noindex/ExplicitPrecompiledModules/os_object-8PE0LQEHBGEPBPNA1RULFNAP0.scan
    cd /
    builtin-precompileModule /Users/runner/work/Bangumi/Bangumi/ios/build/Build/Intermediates.noindex/ExplicitPrecompiledModules/os_object-8PE0LQEHBGEPBPNA1RULFNAP0.scan

PrecompileModule /Users/runner/work/Bangumi/Bangumi/ios/build/Build/Intermediates.noindex/ExplicitPrecompiledModules/os_workgroup-9GA3J24XVQRUXNFXHT7MDLKT9.scan
    cd /
    builtin-precompileModule /Users/runner/work/Bangumi/Bangumi/ios/build/Build/Intermediates.noindex/ExplicitPrecompiledModules/os_workgroup-9GA3J24XVQRUXNFXHT7MDLKT9.scan

PrecompileModule /Users/runner/work/Bangumi/Bangumi/ios/build/Build/Intermediates.noindex/ExplicitPrecompiledModules/Dispatch-6GTZ39BW6O2JUT595MQ3B1EJG.scan
    cd /
    builtin-precompileModule /Users/runner/work/Bangumi/Bangumi/ios/build/Build/Intermediates.noindex/ExplicitPrecompiledModules/Dispatch-6GTZ39BW6O2JUT595MQ3B1EJG.scan

PrecompileModule /Users/runner/work/Bangumi/Bangumi/ios/build/Build/Intermediates.noindex/ExplicitPrecompiledModules/XPC-OTV98AL01HY4HO74GDFX8GFN.scan
    cd /
    builtin-precompileModule /Users/runner/work/Bangumi/Bangumi/ios/build/Build/Intermediates.noindex/ExplicitPrecompiledModules/XPC-OTV98AL01HY4HO74GDFX8GFN.scan

PrecompileModule /Users/runner/work/Bangumi/Bangumi/ios/build/Build/Intermediates.noindex/ExplicitPrecompiledModules/CoreFoundation-7A98N020MF2P789E13ENS9DG1.scan
    cd /
    builtin-precompileModule /Users/runner/work/Bangumi/Bangumi/ios/build/Build/Intermediates.noindex/ExplicitPrecompiledModules/CoreFoundation-7A98N020MF2P789E13ENS9DG1.scan

PrecompileModule /Users/runner/work/Bangumi/Bangumi/ios/build/Build/Intermediates.noindex/ExplicitPrecompiledModules/dnssd-7J2S5RKJOS0NJCKVLL5OYNQDF.scan
    cd /
    builtin-precompileModule /Users/runner/work/Bangumi/Bangumi/ios/build/Build/Intermediates.noindex/ExplicitPrecompiledModules/dnssd-7J2S5RKJOS0NJCKVLL5OYNQDF.scan

PrecompileModule /Users/runner/work/Bangumi/Bangumi/ios/build/Build/Intermediates.noindex/ExplicitPrecompiledModules/CoreGraphics-EKXC3KYTECKX1FONDED9MS1E5.scan
    cd /
    builtin-precompileModule /Users/runner/work/Bangumi/Bangumi/ios/build/Build/Intermediates.noindex/ExplicitPrecompiledModules/CoreGraphics-EKXC3KYTECKX1FONDED9MS1E5.scan

PrecompileModule /Users/runner/work/Bangumi/Bangumi/ios/build/Build/Intermediates.noindex/ExplicitPrecompiledModules/CoreAudioTypes-536GWLRSPVWE4CK9AB9ZOHQKD.scan
    cd /
    builtin-precompileModule /Users/runner/work/Bangumi/Bangumi/ios/build/Build/Intermediates.noindex/ExplicitPrecompiledModules/CoreAudioTypes-536GWLRSPVWE4CK9AB9ZOHQKD.scan

PrecompileModule /Users/runner/work/Bangumi/Bangumi/ios/build/Build/Intermediates.noindex/ExplicitPrecompiledModules/CoreText-8V9SLICLAVP3BK2JSI27NLGUI.scan
    cd /
    builtin-precompileModule /Users/runner/work/Bangumi/Bangumi/ios/build/Build/Intermediates.noindex/ExplicitPrecompiledModules/CoreText-8V9SLICLAVP3BK2JSI27NLGUI.scan

PrecompileModule /Users/runner/work/Bangumi/Bangumi/ios/build/Build/Intermediates.noindex/ExplicitPrecompiledModules/Security-97ATJVGBZ222OLA70S6QPPFIB.scan
    cd /
    builtin-precompileModule /Users/runner/work/Bangumi/Bangumi/ios/build/Build/Intermediates.noindex/ExplicitPrecompiledModules/Security-97ATJVGBZ222OLA70S6QPPFIB.scan

PrecompileModule /Users/runner/work/Bangumi/Bangumi/ios/build/Build/Intermediates.noindex/ExplicitPrecompiledModules/CoreAudio-34FU1ZNR4DYN8JTFWKKHCOL8Z.scan
    cd /
    builtin-precompileModule /Users/runner/work/Bangumi/Bangumi/ios/build/Build/Intermediates.noindex/ExplicitPrecompiledModules/CoreAudio-34FU1ZNR4DYN8JTFWKKHCOL8Z.scan

PrecompileModule /Users/runner/work/Bangumi/Bangumi/ios/build/Build/Intermediates.noindex/ExplicitPrecompiledModules/CFNetwork-4V6L72EJTFPNK3DQGVQRFYULL.scan
    cd /
    builtin-precompileModule /Users/runner/work/Bangumi/Bangumi/ios/build/Build/Intermediates.noindex/ExplicitPrecompiledModules/CFNetwork-4V6L72EJTFPNK3DQGVQRFYULL.scan

PrecompileModule /Users/runner/work/Bangumi/Bangumi/ios/build/Build/Intermediates.noindex/ExplicitPrecompiledModules/ImageIO-684Y75UGKPA7W3FAB9J8CSIX2.scan
    cd /
    builtin-precompileModule /Users/runner/work/Bangumi/Bangumi/ios/build/Build/Intermediates.noindex/ExplicitPrecompiledModules/ImageIO-684Y75UGKPA7W3FAB9J8CSIX2.scan

PrecompileModule /Users/runner/work/Bangumi/Bangumi/ios/build/Build/Intermediates.noindex/ExplicitPrecompiledModules/Foundation-87WGLGVZSH7BGRQNQE8WWW53P.scan
    cd /
    builtin-precompileModule /Users/runner/work/Bangumi/Bangumi/ios/build/Build/Intermediates.noindex/ExplicitPrecompiledModules/Foundation-87WGLGVZSH7BGRQNQE8WWW53P.scan

PrecompileModule /Users/runner/work/Bangumi/Bangumi/ios/build/Build/Intermediates.noindex/ExplicitPrecompiledModules/Symbols-5S93UL2ZOKIS3L6FNC8AQIP93.scan
    cd /
    builtin-precompileModule /Users/runner/work/Bangumi/Bangumi/ios/build/Build/Intermediates.noindex/ExplicitPrecompiledModules/Symbols-5S93UL2ZOKIS3L6FNC8AQIP93.scan

PrecompileModule /Users/runner/work/Bangumi/Bangumi/ios/build/Build/Intermediates.noindex/ExplicitPrecompiledModules/CoreMIDI-BTC6ZSBGYWGMA6EOAZJNH6ZF5.scan
    cd /
    builtin-precompileModule /Users/runner/work/Bangumi/Bangumi/ios/build/Build/Intermediates.noindex/ExplicitPrecompiledModules/CoreMIDI-BTC6ZSBGYWGMA6EOAZJNH6ZF5.scan

PrecompileModule /Users/runner/work/Bangumi/Bangumi/ios/build/Build/Intermediates.noindex/ExplicitPrecompiledModules/UIUtilities-27WU8T65SEH99VQGNYST0AQDM.scan
    cd /
    builtin-precompileModule /Users/runner/work/Bangumi/Bangumi/ios/build/Build/Intermediates.noindex/ExplicitPrecompiledModules/UIUtilities-27WU8T65SEH99VQGNYST0AQDM.scan

PrecompileModule /Users/runner/work/Bangumi/Bangumi/ios/build/Build/Intermediates.noindex/ExplicitPrecompiledModules/JavaScriptCore-2FV1H4Z2DR3SO91TU6F6K9X9F.scan
    cd /
    builtin-precompileModule /Users/runner/work/Bangumi/Bangumi/ios/build/Build/Intermediates.noindex/ExplicitPrecompiledModules/JavaScriptCore-2FV1H4Z2DR3SO91TU6F6K9X9F.scan

PrecompileModule /Users/runner/work/Bangumi/Bangumi/ios/build/Build/Intermediates.noindex/ExplicitPrecompiledModules/IOSurface-5ALOSPMXLJAY299KBD77452XK.scan
    cd /
    builtin-precompileModule /Users/runner/work/Bangumi/Bangumi/ios/build/Build/Intermediates.noindex/ExplicitPrecompiledModules/IOSurface-5ALOSPMXLJAY299KBD77452XK.scan

PrecompileModule /Users/runner/work/Bangumi/Bangumi/ios/build/Build/Intermediates.noindex/ExplicitPrecompiledModules/UserNotifications-E8FIKVSAKCUM0E0DHWYZLMXEH.scan
    cd /
    builtin-precompileModule /Users/runner/work/Bangumi/Bangumi/ios/build/Build/Intermediates.noindex/ExplicitPrecompiledModules/UserNotifications-E8FIKVSAKCUM0E0DHWYZLMXEH.scan

PrecompileModule /Users/runner/work/Bangumi/Bangumi/ios/build/Build/Intermediates.noindex/ExplicitPrecompiledModules/OpenGLES-5SLO2L42JY6I6QBC39LQKB8C1.scan
    cd /
    builtin-precompileModule /Users/runner/work/Bangumi/Bangumi/ios/build/Build/Intermediates.noindex/ExplicitPrecompiledModules/OpenGLES-5SLO2L42JY6I6QBC39LQKB8C1.scan

PrecompileModule /Users/runner/work/Bangumi/Bangumi/ios/build/Build/Intermediates.noindex/ExplicitPrecompiledModules/FileProvider-5LIACD8G3CV9GDY1KH4JUWY9Z.scan
    cd /
    builtin-precompileModule /Users/runner/work/Bangumi/Bangumi/ios/build/Build/Intermediates.noindex/ExplicitPrecompiledModules/FileProvider-5LIACD8G3CV9GDY1KH4JUWY9Z.scan

PrecompileModule /Users/runner/work/Bangumi/Bangumi/ios/build/Build/Intermediates.noindex/ExplicitPrecompiledModules/UniformTypeIdentifiers-3HN485NW9IUFE9VRCPOH984FD.scan
    cd /
    builtin-precompileModule /Users/runner/work/Bangumi/Bangumi/ios/build/Build/Intermediates.noindex/ExplicitPrecompiledModules/UniformTypeIdentifiers-3HN485NW9IUFE9VRCPOH984FD.scan

PrecompileModule /Users/runner/work/Bangumi/Bangumi/ios/build/Build/Intermediates.noindex/ExplicitPrecompiledModules/AudioToolbox-1TWVF5KCUV5S8MCKPMQPY92TW.scan
    cd /
    builtin-precompileModule /Users/runner/work/Bangumi/Bangumi/ios/build/Build/Intermediates.noindex/ExplicitPrecompiledModules/AudioToolbox-1TWVF5KCUV5S8MCKPMQPY92TW.scan

PrecompileModule /Users/runner/work/Bangumi/Bangumi/ios/build/Build/Intermediates.noindex/ExplicitPrecompiledModules/Metal-AIAXEATGGQZKNC81H6Y9IJYX3.scan
    cd /
    builtin-precompileModule /Users/runner/work/Bangumi/Bangumi/ios/build/Build/Intermediates.noindex/ExplicitPrecompiledModules/Metal-AIAXEATGGQZKNC81H6Y9IJYX3.scan

PrecompileModule /Users/runner/work/Bangumi/Bangumi/ios/build/Build/Intermediates.noindex/ExplicitPrecompiledModules/Network-B7VUP2FN3TQXJQQ6W4AT0JATL.scan
    cd /
    builtin-precompileModule /Users/runner/work/Bangumi/Bangumi/ios/build/Build/Intermediates.noindex/ExplicitPrecompiledModules/Network-B7VUP2FN3TQXJQQ6W4AT0JATL.scan

PrecompileModule /Users/runner/work/Bangumi/Bangumi/ios/build/Build/Intermediates.noindex/ExplicitPrecompiledModules/AVRouting-5XB27615466NEMWJ1PKHXMETK.scan
    cd /
    builtin-precompileModule /Users/runner/work/Bangumi/Bangumi/ios/build/Build/Intermediates.noindex/ExplicitPrecompiledModules/AVRouting-5XB27615466NEMWJ1PKHXMETK.scan

PrecompileModule /Users/runner/work/Bangumi/Bangumi/ios/build/Build/Intermediates.noindex/ExplicitPrecompiledModules/CoreVideo-7LNH6ZF5MR73MZV1IWGGTIWSE.scan
    cd /
    builtin-precompileModule /Users/runner/work/Bangumi/Bangumi/ios/build/Build/Intermediates.noindex/ExplicitPrecompiledModules/CoreVideo-7LNH6ZF5MR73MZV1IWGGTIWSE.scan

PrecompileModule /Users/runner/work/Bangumi/Bangumi/ios/build/Build/Intermediates.noindex/ExplicitPrecompiledModules/CoreMedia-D9OK395V1MWQH0OU5QYKXD0W2.scan
    cd /
    builtin-precompileModule /Users/runner/work/Bangumi/Bangumi/ios/build/Build/Intermediates.noindex/ExplicitPrecompiledModules/CoreMedia-D9OK395V1MWQH0OU5QYKXD0W2.scan

PrecompileModule /Users/runner/work/Bangumi/Bangumi/ios/build/Build/Intermediates.noindex/ExplicitPrecompiledModules/QuartzCore-8KH9GO0MJYHTARAM2IX8K104L.scan
    cd /
    builtin-precompileModule /Users/runner/work/Bangumi/Bangumi/ios/build/Build/Intermediates.noindex/ExplicitPrecompiledModules/QuartzCore-8KH9GO0MJYHTARAM2IX8K104L.scan

PrecompileModule /Users/runner/work/Bangumi/Bangumi/ios/build/Build/Intermediates.noindex/ExplicitPrecompiledModules/CoreImage-8IQOSQO8ENZF9UWAH911YBC0Z.scan
    cd /
    builtin-precompileModule /Users/runner/work/Bangumi/Bangumi/ios/build/Build/Intermediates.noindex/ExplicitPrecompiledModules/CoreImage-8IQOSQO8ENZF9UWAH911YBC0Z.scan

PrecompileModule /Users/runner/work/Bangumi/Bangumi/ios/build/Build/Intermediates.noindex/ExplicitPrecompiledModules/MediaToolbox-DI0FVGO3QA578L126LRY5LBC0.scan
    cd /
    builtin-precompileModule /Users/runner/work/Bangumi/Bangumi/ios/build/Build/Intermediates.noindex/ExplicitPrecompiledModules/MediaToolbox-DI0FVGO3QA578L126LRY5LBC0.scan

PrecompileModule /Users/runner/work/Bangumi/Bangumi/ios/build/Build/Intermediates.noindex/ExplicitPrecompiledModules/AVFAudio-D28FSJ6AJRC1O5PVOUG47P87D.scan
    cd /
    builtin-precompileModule /Users/runner/work/Bangumi/Bangumi/ios/build/Build/Intermediates.noindex/ExplicitPrecompiledModules/AVFAudio-D28FSJ6AJRC1O5PVOUG47P87D.scan

PrecompileModule /Users/runner/work/Bangumi/Bangumi/ios/build/Build/Intermediates.noindex/ExplicitPrecompiledModules/UIKit-EFQ8I5A2ZZZC2627JFEF6UMLH.scan
    cd /
    builtin-precompileModule /Users/runner/work/Bangumi/Bangumi/ios/build/Build/Intermediates.noindex/ExplicitPrecompiledModules/UIKit-EFQ8I5A2ZZZC2627JFEF6UMLH.scan

PrecompileModule /Users/runner/work/Bangumi/Bangumi/ios/build/Build/Intermediates.noindex/ExplicitPrecompiledModules/AVFoundation-BN1XXG38WUGBSWY3F494GL03M.scan
    cd /
    builtin-precompileModule /Users/runner/work/Bangumi/Bangumi/ios/build/Build/Intermediates.noindex/ExplicitPrecompiledModules/AVFoundation-BN1XXG38WUGBSWY3F494GL03M.scan

PrecompileModule /Users/runner/work/Bangumi/Bangumi/ios/build/Build/Intermediates.noindex/ExplicitPrecompiledModules/AVKit-4TBTT9UVYF0Y150IL36E9FHVQ.scan
    cd /
    builtin-precompileModule /Users/runner/work/Bangumi/Bangumi/ios/build/Build/Intermediates.noindex/ExplicitPrecompiledModules/AVKit-4TBTT9UVYF0Y150IL36E9FHVQ.scan

PrecompileModule /Users/runner/work/Bangumi/Bangumi/ios/build/Build/Intermediates.noindex/ExplicitPrecompiledModules/ExpoModulesCore-2GHPNRO8IVHX4V0ZVIP5K3U6P.scan
    cd /
    builtin-precompileModule /Users/runner/work/Bangumi/Bangumi/ios/build/Build/Intermediates.noindex/ExplicitPrecompiledModules/ExpoModulesCore-2GHPNRO8IVHX4V0ZVIP5K3U6P.scan

CompileC /Users/runner/work/Bangumi/Bangumi/ios/build/Build/Intermediates.noindex/Pods.build/Release-iphoneos/Expo.build/Objects-normal/arm64/EXLegacyAppDelegateWrapper.o /Users/runner/work/Bangumi/Bangumi/node_modules/expo/ios/AppDelegates/EXLegacyAppDelegateWrapper.m normal arm64 objective-c com.apple.compilers.llvm.clang.1_0.compiler (in target 'Expo' from project 'Pods')
    cd /Users/runner/work/Bangumi/Bangumi/ios/Pods
    
    Using response file: /Users/runner/work/Bangumi/Bangumi/ios/build/Build/Intermediates.noindex/Pods.build/Release-iphoneos/Expo.build/Objects-normal/arm64/e6072d4f65d7061329687fe24e3d63a7-common-args.resp
    
    /Applications/Xcode_26.6.app/Contents/Developer/Toolchains/XcodeDefault.xctoolchain/usr/bin/clang -x objective-c -ivfsstatcache /Users/runner/work/Bangumi/Bangumi/ios/build/SDKStatCaches.noindex/iphoneos26.5-23F81a-688ef53f1462e2c8f657fdc38a81448fee66e23052a0157c865c76b268046726.sdkstatcache -target arm64-apple-ios16.4 -fmessage-length\=0 -fdiagnostics-show-note-include-stack -fmacro-backtrace-limit\=0 -fno-color-diagnostics -fmodules-prune-interval\=86400 -fmodules-prune-after\=345600 -fbuild-session-file\=/Users/runner/work/Bangumi/Bangumi/ios/build/ModuleCache.noindex/Session.modulevalidation -fmodules-validate-once-per-build-session -Wnon-modular-include-in-framework-module -Werror\=non-modular-include-in-framework-module -Wno-trigraphs -Wno-missing-field-initializers -Wno-missing-prototypes -Werror\=return-type -Wunreachable-code -Wno-implicit-atomic-properties -Werror\=deprecated-objc-isa-usage -Wno-objc-interface-ivars -Werror\=objc-root-class -Wno-arc-repeated-use-of-weak -Wimplicit-retain-self -Wduplicate-method-match -Wno-missing-braces -Wparentheses -Wswitch -Wunused-function -Wno-unused-label -Wno-unused-parameter -Wunused-variable -Wunused-value -Wempty-body -Wuninitialized -Wconditional-uninitialized -Wno-unknown-pragmas -w -Wno-shadow -Wno-four-char-constants -Wno-conversion -Wconstant-conversion -Wint-conversion -Wbool-conversion -Wenum-conversion -Wno-float-conversion -Wnon-literal-null-conversion -Wobjc-literal-conversion -Wshorten-64-to-32 -Wpointer-sign -Wno-newline-eof -Wno-selector -Wno-strict-selector-match -Wundeclared-selector -Wdeprecated-implementations -Wno-implicit-fallthrough -isysroot /Applications/Xcode_26.6.app/Contents/Developer/Platforms/iPhoneOS.platform/Developer/SDKs/iPhoneOS26.5.sdk -fstrict-aliasing -Wprotocol -Wdeprecated-declarations -Wno-sign-conversion -Winfinite-recursion -Wcomma -Wblock-capture-autoreleasing -Wstrict-prototypes -Wno-semicolon-before-method-body -Wunguarded-availability @/Users/runner/work/Bangumi/Bangumi/ios/build/Build/Intermediates.noindex/Pods.build/Release-iphoneos/Expo.build/Objects-normal/arm64/e6072d4f65d7061329687fe24e3d63a7-common-args.resp -DFOLLY_MOBILE\=1 -DFOLLY_USE_LIBCPP\=1 -DFOLLY_CFG_NO_COROUTINES\=1 -DFOLLY_HAVE_CLOCK_GETTIME\=1 -Wno-comma -Wno-shorten-64-to-32 -include /Users/runner/work/Bangumi/Bangumi/ios/Pods/Target\ Support\ Files/Expo/Expo-prefix.pch -MMD -MT dependencies -MF /Users/runner/work/Bangumi/Bangumi/ios/build/Build/Intermediates.noindex/Pods.build/Release-iphoneos/Expo.build/Objects-normal/arm64/EXLegacyAppDelegateWrapper.d --serialize-diagnostics /Users/runner/work/Bangumi/Bangumi/ios/build/Build/Intermediates.noindex/Pods.build/Release-iphoneos/Expo.build/Objects-normal/arm64/EXLegacyAppDelegateWrapper.dia -c /Users/runner/work/Bangumi/Bangumi/node_modules/expo/ios/AppDelegates/EXLegacyAppDelegateWrapper.m -o /Users/runner/work/Bangumi/Bangumi/ios/build/Build/Intermediates.noindex/Pods.build/Release-iphoneos/Expo.build/Objects-normal/arm64/EXLegacyAppDelegateWrapper.o

CompileC /Users/runner/work/Bangumi/Bangumi/ios/build/Build/Intermediates.noindex/Pods.build/Release-iphoneos/Expo.build/Objects-normal/arm64/EXAppDelegatesLoader.o /Users/runner/work/Bangumi/Bangumi/node_modules/expo/ios/AppDelegates/EXAppDelegatesLoader.m normal arm64 objective-c com.apple.compilers.llvm.clang.1_0.compiler (in target 'Expo' from project 'Pods')
    cd /Users/runner/work/Bangumi/Bangumi/ios/Pods
    
    Using response file: /Users/runner/work/Bangumi/Bangumi/ios/build/Build/Intermediates.noindex/Pods.build/Release-iphoneos/Expo.build/Objects-normal/arm64/e6072d4f65d7061329687fe24e3d63a7-common-args.resp
    
    /Applications/Xcode_26.6.app/Contents/Developer/Toolchains/XcodeDefault.xctoolchain/usr/bin/clang -x objective-c -ivfsstatcache /Users/runner/work/Bangumi/Bangumi/ios/build/SDKStatCaches.noindex/iphoneos26.5-23F81a-688ef53f1462e2c8f657fdc38a81448fee66e23052a0157c865c76b268046726.sdkstatcache -target arm64-apple-ios16.4 -fmessage-length\=0 -fdiagnostics-show-note-include-stack -fmacro-backtrace-limit\=0 -fno-color-diagnostics -fmodules-prune-interval\=86400 -fmodules-prune-after\=345600 -fbuild-session-file\=/Users/runner/work/Bangumi/Bangumi/ios/build/ModuleCache.noindex/Session.modulevalidation -fmodules-validate-once-per-build-session -Wnon-modular-include-in-framework-module -Werror\=non-modular-include-in-framework-module -Wno-trigraphs -Wno-missing-field-initializers -Wno-missing-prototypes -Werror\=return-type -Wunreachable-code -Wno-implicit-atomic-properties -Werror\=deprecated-objc-isa-usage -Wno-objc-interface-ivars -Werror\=objc-root-class -Wno-arc-repeated-use-of-weak -Wimplicit-retain-self -Wduplicate-method-match -Wno-missing-braces -Wparentheses -Wswitch -Wunused-function -Wno-unused-label -Wno-unused-parameter -Wunused-variable -Wunused-value -Wempty-body -Wuninitialized -Wconditional-uninitialized -Wno-unknown-pragmas -w -Wno-shadow -Wno-four-char-constants -Wno-conversion -Wconstant-conversion -Wint-conversion -Wbool-conversion -Wenum-conversion -Wno-float-conversion -Wnon-literal-null-conversion -Wobjc-literal-conversion -Wshorten-64-to-32 -Wpointer-sign -Wno-newline-eof -Wno-selector -Wno-strict-selector-match -Wundeclared-selector -Wdeprecated-implementations -Wno-implicit-fallthrough -isysroot /Applications/Xcode_26.6.app/Contents/Developer/Platforms/iPhoneOS.platform/Developer/SDKs/iPhoneOS26.5.sdk -fstrict-aliasing -Wprotocol -Wdeprecated-declarations -Wno-sign-conversion -Winfinite-recursion -Wcomma -Wblock-capture-autoreleasing -Wstrict-prototypes -Wno-semicolon-before-method-body -Wunguarded-availability @/Users/runner/work/Bangumi/Bangumi/ios/build/Build/Intermediates.noindex/Pods.build/Release-iphoneos/Expo.build/Objects-normal/arm64/e6072d4f65d7061329687fe24e3d63a7-common-args.resp -DFOLLY_MOBILE\=1 -DFOLLY_USE_LIBCPP\=1 -DFOLLY_CFG_NO_COROUTINES\=1 -DFOLLY_HAVE_CLOCK_GETTIME\=1 -Wno-comma -Wno-shorten-64-to-32 -include /Users/runner/work/Bangumi/Bangumi/ios/Pods/Target\ Support\ Files/Expo/Expo-prefix.pch -MMD -MT dependencies -MF /Users/runner/work/Bangumi/Bangumi/ios/build/Build/Intermediates.noindex/Pods.build/Release-iphoneos/Expo.build/Objects-normal/arm64/EXAppDelegatesLoader.d --serialize-diagnostics /Users/runner/work/Bangumi/Bangumi/ios/build/Build/Intermediates.noindex/Pods.build/Release-iphoneos/Expo.build/Objects-normal/arm64/EXAppDelegatesLoader.dia -c /Users/runner/work/Bangumi/Bangumi/node_modules/expo/ios/AppDelegates/EXAppDelegatesLoader.m -o /Users/runner/work/Bangumi/Bangumi/ios/build/Build/Intermediates.noindex/Pods.build/Release-iphoneos/Expo.build/Objects-normal/arm64/EXAppDelegatesLoader.o

CompileC /Users/runner/work/Bangumi/Bangumi/ios/build/Build/Intermediates.noindex/Pods.build/Release-iphoneos/Expo.build/Objects-normal/arm64/EXAppDefinesLoader.o /Users/runner/work/Bangumi/Bangumi/node_modules/expo/ios/EXAppDefinesLoader.m normal arm64 objective-c com.apple.compilers.llvm.clang.1_0.compiler (in target 'Expo' from project 'Pods')
    cd /Users/runner/work/Bangumi/Bangumi/ios/Pods
    
    Using response file: /Users/runner/work/Bangumi/Bangumi/ios/build/Build/Intermediates.noindex/Pods.build/Release-iphoneos/Expo.build/Objects-normal/arm64/e6072d4f65d7061329687fe24e3d63a7-common-args.resp
    
    /Applications/Xcode_26.6.app/Contents/Developer/Toolchains/XcodeDefault.xctoolchain/usr/bin/clang -x objective-c -ivfsstatcache /Users/runner/work/Bangumi/Bangumi/ios/build/SDKStatCaches.noindex/iphoneos26.5-23F81a-688ef53f1462e2c8f657fdc38a81448fee66e23052a0157c865c76b268046726.sdkstatcache -target arm64-apple-ios16.4 -fmessage-length\=0 -fdiagnostics-show-note-include-stack -fmacro-backtrace-limit\=0 -fno-color-diagnostics -fmodules-prune-interval\=86400 -fmodules-prune-after\=345600 -fbuild-session-file\=/Users/runner/work/Bangumi/Bangumi/ios/build/ModuleCache.noindex/Session.modulevalidation -fmodules-validate-once-per-build-session -Wnon-modular-include-in-framework-module -Werror\=non-modular-include-in-framework-module -Wno-trigraphs -Wno-missing-field-initializers -Wno-missing-prototypes -Werror\=return-type -Wunreachable-code -Wno-implicit-atomic-properties -Werror\=deprecated-objc-isa-usage -Wno-objc-interface-ivars -Werror\=objc-root-class -Wno-arc-repeated-use-of-weak -Wimplicit-retain-self -Wduplicate-method-match -Wno-missing-braces -Wparentheses -Wswitch -Wunused-function -Wno-unused-label -Wno-unused-parameter -Wunused-variable -Wunused-value -Wempty-body -Wuninitialized -Wconditional-uninitialized -Wno-unknown-pragmas -w -Wno-shadow -Wno-four-char-constants -Wno-conversion -Wconstant-conversion -Wint-conversion -Wbool-conversion -Wenum-conversion -Wno-float-conversion -Wnon-literal-null-conversion -Wobjc-literal-conversion -Wshorten-64-to-32 -Wpointer-sign -Wno-newline-eof -Wno-selector -Wno-strict-selector-match -Wundeclared-selector -Wdeprecated-implementations -Wno-implicit-fallthrough -isysroot /Applications/Xcode_26.6.app/Contents/Developer/Platforms/iPhoneOS.platform/Developer/SDKs/iPhoneOS26.5.sdk -fstrict-aliasing -Wprotocol -Wdeprecated-declarations -Wno-sign-conversion -Winfinite-recursion -Wcomma -Wblock-capture-autoreleasing -Wstrict-prototypes -Wno-semicolon-before-method-body -Wunguarded-availability @/Users/runner/work/Bangumi/Bangumi/ios/build/Build/Intermediates.noindex/Pods.build/Release-iphoneos/Expo.build/Objects-normal/arm64/e6072d4f65d7061329687fe24e3d63a7-common-args.resp -DFOLLY_MOBILE\=1 -DFOLLY_USE_LIBCPP\=1 -DFOLLY_CFG_NO_COROUTINES\=1 -DFOLLY_HAVE_CLOCK_GETTIME\=1 -Wno-comma -Wno-shorten-64-to-32 -include /Users/runner/work/Bangumi/Bangumi/ios/Pods/Target\ Support\ Files/Expo/Expo-prefix.pch -MMD -MT dependencies -MF /Users/runner/work/Bangumi/Bangumi/ios/build/Build/Intermediates.noindex/Pods.build/Release-iphoneos/Expo.build/Objects-normal/arm64/EXAppDefinesLoader.d --serialize-diagnostics /Users/runner/work/Bangumi/Bangumi/ios/build/Build/Intermediates.noindex/Pods.build/Release-iphoneos/Expo.build/Objects-normal/arm64/EXAppDefinesLoader.dia -c /Users/runner/work/Bangumi/Bangumi/node_modules/expo/ios/EXAppDefinesLoader.m -o /Users/runner/work/Bangumi/Bangumi/ios/build/Build/Intermediates.noindex/Pods.build/Release-iphoneos/Expo.build/Objects-normal/arm64/EXAppDefinesLoader.o

Libtool /Users/runner/work/Bangumi/Bangumi/ios/build/Build/Products/Release-iphoneos/Expo/libExpo.a normal (in target 'Expo' from project 'Pods')
    cd /Users/runner/work/Bangumi/Bangumi/ios/Pods
    /Applications/Xcode_26.6.app/Contents/Developer/Toolchains/XcodeDefault.xctoolchain/usr/bin/libtool -static -arch_only arm64 -D -syslibroot /Applications/Xcode_26.6.app/Contents/Developer/Platforms/iPhoneOS.platform/Developer/SDKs/iPhoneOS26.5.sdk -L/Users/runner/work/Bangumi/Bangumi/ios/build/Build/Products/Release-iphoneos/Expo -filelist /Users/runner/work/Bangumi/Bangumi/ios/build/Build/Intermediates.noindex/Pods.build/Release-iphoneos/Expo.build/Objects-normal/arm64/Expo.LinkFileList -dependency_info /Users/runner/work/Bangumi/Bangumi/ios/build/Build/Intermediates.noindex/Pods.build/Release-iphoneos/Expo.build/Objects-normal/arm64/Expo_libtool_dependency_info.dat -o /Users/runner/work/Bangumi/Bangumi/ios/build/Build/Products/Release-iphoneos/Expo/libExpo.a

PhaseScriptExecution Copy\ generated\ compatibility\ header /Users/runner/work/Bangumi/Bangumi/ios/build/Build/Intermediates.noindex/Pods.build/Release-iphoneos/Expo.build/Script-46EB2E0001A8D0.sh (in target 'Expo' from project 'Pods')
    cd /Users/runner/work/Bangumi/Bangumi/ios/Pods
    export ACTION\=build
    export AD_HOC_CODE_SIGNING_ALLOWED\=NO
    export ALLOW_BUILD_REQUEST_OVERRIDES\=NO
    export ALLOW_TARGET_PLATFORM_SPECIALIZATION\=NO
    export ALTERNATE_GROUP\=staff
    export ALTERNATE_MODE\=u+w,go-w,a+rX
    export ALTERNATE_OWNER\=runner
    export ALTERNATIVE_DISTRIBUTION_WEB\=NO
    export ALWAYS_EMBED_SWIFT_STANDARD_LIBRARIES\=NO
    export ALWAYS_SEARCH_USER_PATHS\=NO
    export ALWAYS_USE_SEPARATE_HEADERMAPS\=NO
    export ANDROID_DEPLOYMENT_TARGET\=21.0
    export APPLICATION_EXTENSION_API_ONLY\=NO
    export APPLY_RULES_IN_COPY_FILES\=NO
    export APPLY_RULES_IN_COPY_HEADERS\=NO
    export APP_SHORTCUTS_ENABLE_FLEXIBLE_MATCHING\=YES
    export ARCHS\=arm64
    export ARCHS_BASE\=arm64
    export ARCHS_STANDARD\=arm64
    export ARCHS_STANDARD_32_64_BIT\=armv7\ arm64
    export ARCHS_STANDARD_32_BIT\=armv7
    export ARCHS_STANDARD_64_BIT\=arm64
    export ARCHS_STANDARD_INCLUDING_64_BIT\=arm64
    export ARCHS_UNIVERSAL_IPHONE_OS\=armv7\ arm64
    export AUTOMATICALLY_MERGE_DEPENDENCIES\=NO
    export AUTOMATION_APPLE_EVENTS\=NO
    export AVAILABLE_PLATFORMS\=android\ appletvos\ appletvsimulator\ driverkit\ freebsd\ iphoneos\ iphonesimulator\ linux\ macosx\ none\ openbsd\ qnx\ watchos\ watchsimulator\ webassembly\ xros\ xrsimulator
    export BUILD_ACTIVE_RESOURCES_ONLY\=NO
    export BUILD_COMPONENTS\=headers\ build
    export BUILD_DIR\=/Users/runner/work/Bangumi/Bangumi/ios/build/Build/Products
    export BUILD_LIBRARY_FOR_DISTRIBUTION\=NO
    export BUILD_ONLY_KNOWN_LOCALIZATIONS\=NO
    export BUILD_ROOT\=/Users/runner/work/Bangumi/Bangumi/ios/build/Build/Products
    export BUILD_STYLE\=
    export BUILD_VARIANTS\=normal
    export BUILT_PRODUCTS_DIR\=/Users/runner/work/Bangumi/Bangumi/ios/build/Build/Products/Release-iphoneos/Expo
    export BUNDLE_CONTENTS_FOLDER_PATH_deep\=Contents/
    export BUNDLE_EXECUTABLE_FOLDER_NAME_deep\=MacOS
    export BUNDLE_EXTENSIONS_FOLDER_PATH\=Extensions
    export BUNDLE_FORMAT\=shallow
    export BUNDLE_FRAMEWORKS_FOLDER_PATH\=Frameworks
    export BUNDLE_PLUGINS_FOLDER_PATH\=PlugIns
    export BUNDLE_PRIVATE_HEADERS_FOLDER_PATH\=PrivateHeaders
    export BUNDLE_PUBLIC_HEADERS_FOLDER_PATH\=Headers
    export CACHE_ROOT\=/var/folders/36/tjdph2t965j8snz9_vkdnw0r0000gn/C/com.apple.DeveloperTools/26.6-17F113/Xcode
    export CCHROOT\=/var/folders/36/tjdph2t965j8snz9_vkdnw0r0000gn/C/com.apple.DeveloperTools/26.6-17F113/Xcode
    export CHMOD\=/bin/chmod
    export CHOWN\=chown
    export CLANG_ANALYZER_LOCALIZABILITY_NONLOCALIZED\=YES
    export CLANG_ANALYZER_NONNULL\=YES
    export CLANG_ANALYZER_NUMBER_OBJECT_CONVERSION\=YES_AGGRESSIVE
    export CLANG_CACHE_FINE_GRAINED_OUTPUTS\=YES
    export CLANG_CXX_LANGUAGE_STANDARD\=c++20
    export CLANG_CXX_LIBRARY\=libc++
    export CLANG_ENABLE_EXPLICIT_MODULES\=YES
    export CLANG_ENABLE_MODULES\=YES
    export CLANG_ENABLE_MODULE_DEBUGGING\=NO
    export CLANG_ENABLE_OBJC_ARC\=YES
    export CLANG_ENABLE_OBJC_WEAK\=NO
    export CLANG_MODULES_BUILD_SESSION_FILE\=/Users/runner/work/Bangumi/Bangumi/ios/build/ModuleCache.noindex/Session.modulevalidation
    export CLANG_WARN_BLOCK_CAPTURE_AUTORELEASING\=YES
    export CLANG_WARN_BOOL_CONVERSION\=YES
    export CLANG_WARN_COMMA\=YES
    export CLANG_WARN_CONSTANT_CONVERSION\=YES
    export CLANG_WARN_DEPRECATED_OBJC_IMPLEMENTATIONS\=YES
    export CLANG_WARN_DIRECT_OBJC_ISA_USAGE\=YES_ERROR
    export CLANG_WARN_DOCUMENTATION_COMMENTS\=NO
    export CLANG_WARN_EMPTY_BODY\=YES
    export CLANG_WARN_ENUM_CONVERSION\=YES
    export CLANG_WARN_INFINITE_RECURSION\=YES
    export CLANG_WARN_INT_CONVERSION\=YES
    export CLANG_WARN_NON_LITERAL_NULL_CONVERSION\=YES
    export CLANG_WARN_OBJC_IMPLICIT_RETAIN_SELF\=YES
    export CLANG_WARN_OBJC_LITERAL_CONVERSION\=YES
    export CLANG_WARN_OBJC_ROOT_CLASS\=YES_ERROR
    export CLANG_WARN_QUOTED_INCLUDE_IN_FRAMEWORK_HEADER\=NO
    export CLANG_WARN_RANGE_LOOP_ANALYSIS\=YES
    export CLANG_WARN_STRICT_PROTOTYPES\=YES
    export CLANG_WARN_SUSPICIOUS_MOVE\=YES
    export CLANG_WARN_UNGUARDED_AVAILABILITY\=YES_AGGRESSIVE
    export CLANG_WARN_UNREACHABLE_CODE\=YES
    export CLANG_WARN__DUPLICATE_METHOD_MATCH\=YES
    export CLASS_FILE_DIR\=/Users/runner/work/Bangumi/Bangumi/ios/build/Build/Intermediates.noindex/Pods.build/Release-iphoneos/Expo.build/JavaClasses
    export CLEAN_PRECOMPS\=YES
    export CLONE_HEADERS\=NO
    export CODESIGNING_FOLDER_PATH\=/Users/runner/work/Bangumi/Bangumi/ios/build/Build/Products/Release-iphoneos/Expo/libExpo.a
    export CODE_SIGNING_ALLOWED\=NO
    export CODE_SIGNING_REQUIRED\=NO
    export CODE_SIGN_CONTEXT_CLASS\=XCiPhoneOSCodeSignContext
    export CODE_SIGN_INJECT_BASE_ENTITLEMENTS\=YES
    export COLOR_DIAGNOSTICS\=NO
    export COMBINE_HIDPI_IMAGES\=NO
    export COMPILATION_CACHE_CAS_PATH\=/Users/runner/work/Bangumi/Bangumi/ios/build/CompilationCache.noindex
    export COMPILATION_CACHE_KEEP_CAS_DIRECTORY\=YES
    export COMPILER_INDEX_STORE_ENABLE\=NO
    export COMPOSITE_SDK_DIRS\=/Users/runner/work/Bangumi/Bangumi/ios/build/Build/Intermediates.noindex/CompositeSDKs
    export COMPRESS_PNG_FILES\=YES
    export CONFIGURATION\=Release
    export CONFIGURATION_BUILD_DIR\=/Users/runner/work/Bangumi/Bangumi/ios/build/Build/Products/Release-iphoneos/Expo
    export CONFIGURATION_TEMP_DIR\=/Users/runner/work/Bangumi/Bangumi/ios/build/Build/Intermediates.noindex/Pods.build/Release-iphoneos
    export COPYING_PRESERVES_HFS_DATA\=NO
    export COPY_HEADERS_RUN_UNIFDEF\=NO
    export COPY_PHASE_STRIP\=NO
    export CORRESPONDING_SIMULATOR_PLATFORM_DIR\=/Applications/Xcode_26.6.app/Contents/Developer/Platforms/iPhoneSimulator.platform
    export CORRESPONDING_SIMULATOR_PLATFORM_NAME\=iphonesimulator
    export CORRESPONDING_SIMULATOR_SDK_DIR\=/Applications/Xcode_26.6.app/Contents/Developer/Platforms/iPhoneSimulator.platform/Developer/SDKs/iPhoneSimulator26.5.sdk
    export CORRESPONDING_SIMULATOR_SDK_NAME\=iphonesimulator26.5
    export CP\=/bin/cp
    export CREATE_INFOPLIST_SECTION_IN_BINARY\=NO
    export CURRENT_ARCH\=undefined_arch
    export CURRENT_VARIANT\=normal
    export DEAD_CODE_STRIPPING\=YES
    export DEBUGGING_SYMBOLS\=YES
    export DEBUG_INFORMATION_FORMAT\=dwarf-with-dsym
    export DEBUG_INFORMATION_VERSION\=compiler-default
    export DEFAULT_COMPILER\=com.apple.compilers.llvm.clang.1_0
    export DEFAULT_DEXT_INSTALL_PATH\=/System/Library/DriverExtensions
    export DEFAULT_KEXT_INSTALL_PATH\=/System/Library/Extensions
    export DEFINES_MODULE\=NO
    export DEPLOYMENT_LOCATION\=NO
    export DEPLOYMENT_POSTPROCESSING\=NO
    export DEPLOYMENT_TARGET_SETTING_NAME\=IPHONEOS_DEPLOYMENT_TARGET
    export DEPLOYMENT_TARGET_SUGGESTED_VALUES\=12.0\ 12.1\ 12.2\ 12.3\ 12.4\ 13.0\ 13.1\ 13.2\ 13.3\ 13.4\ 13.5\ 13.6\ 14.0\ 14.1\ 14.2\ 14.3\ 14.4\ 14.5\ 14.6\ 14.7\ 15.0\ 15.1\ 15.2\ 15.3\ 15.4\ 15.5\ 15.6\ 16.0\ 16.1\ 16.2\ 16.3\ 16.4\ 16.5\ 16.6\ 17.0\ 17.1\ 17.2\ 17.3\ 17.4\ 17.5\ 17.6\ 18.0\ 18.1\ 18.2\ 18.3\ 18.4\ 18.5\ 18.6\ 26.0\ 26.2\ 26.3\ 26.4\ 26.5
    export DERIVED_FILES_DIR\=/Users/runner/work/Bangumi/Bangumi/ios/build/Build/Intermediates.noindex/Pods.build/Release-iphoneos/Expo.build/DerivedSources
    export DERIVED_FILE_DIR\=/Users/runner/work/Bangumi/Bangumi/ios/build/Build/Intermediates.noindex/Pods.build/Release-iphoneos/Expo.build/DerivedSources
    export DERIVED_SOURCES_DIR\=/Users/runner/work/Bangumi/Bangumi/ios/build/Build/Intermediates.noindex/Pods.build/Release-iphoneos/Expo.build/DerivedSources
    export DERIVE_MACCATALYST_PRODUCT_BUNDLE_IDENTIFIER\=NO
    export DEVELOPER_APPLICATIONS_DIR\=/Applications/Xcode_26.6.app/Contents/Developer/Applications
    export DEVELOPER_BIN_DIR\=/Applications/Xcode_26.6.app/Contents/Developer/usr/bin
    export DEVELOPER_DIR\=/Applications/Xcode_26.6.app/Contents/Developer
    export DEVELOPER_FRAMEWORKS_DIR\=/Applications/Xcode_26.6.app/Contents/Developer/Library/Frameworks
    export DEVELOPER_FRAMEWORKS_DIR_QUOTED\=/Applications/Xcode_26.6.app/Contents/Developer/Library/Frameworks
    export DEVELOPER_LIBRARY_DIR\=/Applications/Xcode_26.6.app/Contents/Developer/Library
    export DEVELOPER_SDK_DIR\=/Applications/Xcode_26.6.app/Contents/Developer/Platforms/MacOSX.platform/Developer/SDKs
    export DEVELOPER_TOOLS_DIR\=/Applications/Xcode_26.6.app/Contents/Developer/Tools
    export DEVELOPER_USR_DIR\=/Applications/Xcode_26.6.app/Contents/Developer/usr
    export DEVELOPMENT_LANGUAGE\=en
    export DIAGNOSE_MISSING_TARGET_DEPENDENCIES\=YES
    export DIFF\=/usr/bin/diff
    export DONT_GENERATE_INFOPLIST_FILE\=NO
    export DSTROOT\=/tmp/Pods.dst
    export DT_TOOLCHAIN_DIR\=/Applications/Xcode_26.6.app/Contents/Developer/Toolchains/XcodeDefault.xctoolchain
    export DUMP_DEPENDENCIES\=NO
    export DUMP_DEPENDENCIES_OUTPUT_PATH\=/Users/runner/work/Bangumi/Bangumi/ios/build/Build/Intermediates.noindex/Pods.build/Release-iphoneos/Expo.build/Expo-BuildDependencyInfo.json
    export DWARF_DSYM_FILE_NAME\=libExpo.a.dSYM
    export DWARF_DSYM_FILE_SHOULD_ACCOMPANY_PRODUCT\=NO
    export DWARF_DSYM_FOLDER_PATH\=/Users/runner/work/Bangumi/Bangumi/ios/build/Build/Products/Release-iphoneos/Expo
    export DYNAMIC_LIBRARY_EXTENSION\=dylib
    export EAGER_COMPILATION_ALLOW_SCRIPTS\=NO
    export EAGER_LINKING\=NO
    export EFFECTIVE_PLATFORM_NAME\=-iphoneos
    export EFFECTIVE_SWIFT_VERSION\=6
    export EMBEDDED_CONTENT_CONTAINS_SWIFT\=NO
    export EMBEDDED_PROFILE_NAME\=embedded.mobileprovision
    export EMBED_ASSET_PACKS_IN_PRODUCT_BUNDLE\=NO
    export ENABLE_APP_SANDBOX\=NO
    export ENABLE_CODE_COVERAGE\=YES
    export ENABLE_COHORT_ARCHS\=NO
    export ENABLE_CPLUSPLUS_BOUNDS_SAFE_BUFFERS\=NO
    export ENABLE_C_BOUNDS_SAFETY\=NO
    export ENABLE_DEBUG_DYLIB\=NO
    export ENABLE_DEFAULT_HEADER_SEARCH_PATHS\=YES
    export ENABLE_DEFAULT_SEARCH_PATHS\=YES
    export ENABLE_ENHANCED_SECURITY\=NO
    export ENABLE_HARDENED_RUNTIME\=NO
    export ENABLE_HEADER_DEPENDENCIES\=YES
    export ENABLE_INCOMING_NETWORK_CONNECTIONS\=NO
    export ENABLE_MODULE_VERIFIER\=NO
    export ENABLE_NS_ASSERTIONS\=NO
    export ENABLE_ON_DEMAND_RESOURCES\=NO
    export ENABLE_OUTGOING_NETWORK_CONNECTIONS\=NO
    export ENABLE_POINTER_AUTHENTICATION\=NO
    export ENABLE_PREVIEWS\=NO
    export ENABLE_RESOURCE_ACCESS_AUDIO_INPUT\=NO
    export ENABLE_RESOURCE_ACCESS_BLUETOOTH\=NO
    export ENABLE_RESOURCE_ACCESS_CALENDARS\=NO
    export ENABLE_RESOURCE_ACCESS_CAMERA\=NO
    export ENABLE_RESOURCE_ACCESS_CONTACTS\=NO
    export ENABLE_RESOURCE_ACCESS_LOCATION\=NO
    export ENABLE_RESOURCE_ACCESS_PHOTO_LIBRARY\=NO
    export ENABLE_RESOURCE_ACCESS_PRINTING\=NO
    export ENABLE_RESOURCE_ACCESS_USB\=NO
    export ENABLE_SDK_IMPORTS\=NO
    export ENABLE_SECURITY_COMPILER_WARNINGS\=NO
    export ENABLE_STRICT_OBJC_MSGSEND\=YES
    export ENABLE_TESTABILITY\=NO
    export ENABLE_TESTING_SEARCH_PATHS\=NO
    export ENABLE_USER_SCRIPT_SANDBOXING\=NO
    export ENABLE_XOJIT_PREVIEWS\=NO
    export ENFORCE_VALID_ARCHS\=YES
    export ENTITLEMENTS_DESTINATION\=Signature
    export ENTITLEMENTS_REQUIRED\=YES
    export EXCLUDED_INSTALLSRC_SUBDIRECTORY_PATTERNS\=.DS_Store\ .svn\ .git\ .hg\ CVS
    export EXCLUDED_RECURSIVE_SEARCH_PATH_SUBDIRECTORIES\=\*.nib\ \*.lproj\ \*.framework\ \*.gch\ \*.xcode\*\ \*.xcassets\ \*.icon\ \(\*\)\ .DS_Store\ CVS\ .svn\ .git\ .hg\ \*.pbproj\ \*.pbxproj
    export EXECUTABLE_EXTENSION\=a
    export EXECUTABLE_NAME\=libExpo.a
    export EXECUTABLE_PATH\=libExpo.a
    export EXECUTABLE_PREFIX\=lib
    export EXECUTABLE_SUFFIX\=.a
    export FILE_LIST\=/Users/runner/work/Bangumi/Bangumi/ios/build/Build/Intermediates.noindex/Pods.build/Release-iphoneos/Expo.build/Objects/LinkFileList
    export FIXED_FILES_DIR\=/Users/runner/work/Bangumi/Bangumi/ios/build/Build/Intermediates.noindex/Pods.build/Release-iphoneos/Expo.build/FixedFiles
    export FRAMEWORK_FLAG_PREFIX\=-framework
    export FRAMEWORK_SEARCH_PATHS\=/Users/runner/work/Bangumi/Bangumi/ios/build/Build/Products/Release-iphoneos/Expo\ \ \"/Users/runner/work/Bangumi/Bangumi/ios/Pods/../../node_modules/expo-modules-jsi/apple/Products\"\ \"/Users/runner/work/Bangumi/Bangumi/ios/Pods/ExpoModulesCore\"\ \"/Users/runner/work/Bangumi/Bangumi/ios/Pods/React-Core-prebuilt\"\ \"/Users/runner/work/Bangumi/Bangumi/ios/Pods/ReactNativeDependencies/framework/packages/react-native\"\ \"/Users/runner/work/Bangumi/Bangumi/ios/Pods/hermes-engine/destroot/Library/Frameworks/universal\"\ \"/Users/runner/work/Bangumi/Bangumi/ios/build/Build/Products/Release-iphoneos/XCFrameworkIntermediates/ExpoModulesCore\"\ \"/Users/runner/work/Bangumi/Bangumi/ios/build/Build/Products/Release-iphoneos/XCFrameworkIntermediates/ExpoModulesJSI\"\ \"/Users/runner/work/Bangumi/Bangumi/ios/build/Build/Products/Release-iphoneos/XCFrameworkIntermediates/React-Core-prebuilt\"\ \"/Users/runner/work/Bangumi/Bangumi/ios/build/Build/Products/Release-iphoneos/XCFrameworkIntermediates/ReactNativeDependencies\"\ \"/Users/runner/work/Bangumi/Bangumi/ios/build/Build/Products/Release-iphoneos/XCFrameworkIntermediates/hermes-engine/Pre-built\"
    export FRAMEWORK_VERSION\=A
    export FULL_PRODUCT_NAME\=libExpo.a
    export FUSE_BUILD_PHASES\=YES
    export FUSE_BUILD_SCRIPT_PHASES\=NO
    export GCC3_VERSION\=3.3
    export GCC_C_LANGUAGE_STANDARD\=gnu11
    export GCC_NO_COMMON_BLOCKS\=YES
    export GCC_PFE_FILE_C_DIALECTS\=c\ objective-c\ c++\ objective-c++
    export GCC_PREFIX_HEADER\=Target\ Support\ Files/Expo/Expo-prefix.pch
    export GCC_PREPROCESSOR_DEFINITIONS\=POD_CONFIGURATION_RELEASE\=1\ \ COCOAPODS\=1
    export GCC_THUMB_SUPPORT\=YES
    export GCC_TREAT_WARNINGS_AS_ERRORS\=NO
    export GCC_VERSION\=com.apple.compilers.llvm.clang.1_0
    export GCC_VERSION_IDENTIFIER\=com_apple_compilers_llvm_clang_1_0
    export GCC_WARN_64_TO_32_BIT_CONVERSION\=YES
    export GCC_WARN_ABOUT_RETURN_TYPE\=YES_ERROR
    export GCC_WARN_INHIBIT_ALL_WARNINGS\=YES
    export GCC_WARN_UNDECLARED_SELECTOR\=YES
    export GCC_WARN_UNINITIALIZED_AUTOS\=YES_AGGRESSIVE
    export GCC_WARN_UNUSED_FUNCTION\=YES
    export GCC_WARN_UNUSED_VARIABLE\=YES
    export GENERATED_MODULEMAP_DIR\=/Users/runner/work/Bangumi/Bangumi/ios/build/Build/Intermediates.noindex/GeneratedModuleMaps-iphoneos
    export GENERATE_INFOPLIST_FILE\=NO
    export GENERATE_INTERMEDIATE_TEXT_BASED_STUBS\=YES
    export GENERATE_PKGINFO_FILE\=NO
    export GENERATE_PRELINK_OBJECT_FILE\=NO
    export GENERATE_PROFILING_CODE\=NO
    export GENERATE_TEXT_BASED_STUBS\=NO
    export GID\=20
    export GROUP\=staff
    export HEADERMAP_INCLUDES_FLAT_ENTRIES_FOR_TARGET_BEING_BUILT\=YES
    export HEADERMAP_INCLUDES_FRAMEWORK_ENTRIES_FOR_ALL_PRODUCT_TYPES\=YES
    export HEADERMAP_INCLUDES_FRAMEWORK_ENTRIES_FOR_TARGETS_NOT_BEING_BUILT\=YES
    export HEADERMAP_INCLUDES_NONPUBLIC_NONPRIVATE_HEADERS\=YES
    export HEADERMAP_INCLUDES_PROJECT_HEADERS\=YES
    export HEADERMAP_USES_FRAMEWORK_PREFIX_ENTRIES\=YES
    export HEADERMAP_USES_VFS\=NO
    export HEADER_SEARCH_PATHS\=/Users/runner/work/Bangumi/Bangumi/ios/build/Build/Products/Release-iphoneos/Expo/include\ \ \"/Users/runner/work/Bangumi/Bangumi/ios/Pods/Headers/Private\"\ \"/Users/runner/work/Bangumi/Bangumi/ios/Pods/Headers/Private/Expo\"\ \"/Users/runner/work/Bangumi/Bangumi/ios/Pods/Headers/Public\"\ \"/Users/runner/work/Bangumi/Bangumi/ios/Pods/Headers/Public/Expo\"\ \"/Users/runner/work/Bangumi/Bangumi/ios/Pods/Headers/Public/FBLazyVector\"\ \"/Users/runner/work/Bangumi/Bangumi/ios/Pods/Headers/Public/RCTRequired\"\ \"/Users/runner/work/Bangumi/Bangumi/ios/Pods/Headers/Public/RCTSwiftUIWrapper\"\ \"/Users/runner/work/Bangumi/Bangumi/ios/Pods/Headers/Public/RCTTypeSafety\"\ \"/Users/runner/work/Bangumi/Bangumi/ios/Pods/Headers/Public/React-Core\"\ \"/Users/runner/work/Bangumi/Bangumi/ios/Pods/Headers/Public/React-Core-prebuilt\"\ \"/Users/runner/work/Bangumi/Bangumi/ios/Pods/Headers/Public/React-CoreModules\"\ \"/Users/runner/work/Bangumi/Bangumi/ios/Pods/Headers/Public/React-Fabric\"\ \"/Users/runner/work/Bangumi/Bangumi/ios/Pods/Headers/Public/React-FabricComponents\"\ \"/Users/runner/work/Bangumi/Bangumi/ios/Pods/Headers/Public/React-FabricImage\"\ \"/Users/runner/work/Bangumi/Bangumi/ios/Pods/Headers/Public/React-ImageManager\"\ \"/Users/runner/work/Bangumi/Bangumi/ios/Pods/Headers/Public/React-Mapbuffer\"\ \"/Users/runner/work/Bangumi/Bangumi/ios/Pods/Headers/Public/React-NativeModulesApple\"\ \"/Users/runner/work/Bangumi/Bangumi/ios/Pods/Headers/Public/React-RCTAnimation\"\ \"/Users/runner/work/Bangumi/Bangumi/ios/Pods/Headers/Public/React-RCTBlob\"\ \"/Users/runner/work/Bangumi/Bangumi/ios/Pods/Headers/Public/React-RCTFBReactNativeSpec\"\ \"/Users/runner/work/Bangumi/Bangumi/ios/Pods/Headers/Public/React-RCTFabric\"\ \"/Users/runner/work/Bangumi/Bangumi/ios/Pods/Headers/Public/React-RCTImage\"\ \"/Users/runner/work/Bangumi/Bangumi/ios/Pods/Headers/Public/React-RCTRuntime\"\ \"/Users/runner/work/Bangumi/Bangumi/ios/Pods/Headers/Public/React-RCTText\"\ \"/Users/runner/work/Bangumi/Bangumi/ios/Pods/Headers/Public/React-RuntimeApple\"\ \"/Users/runner/work/Bangumi/Bangumi/ios/Pods/Headers/Public/React-RuntimeCore\"\ \"/Users/runner/work/Bangumi/Bangumi/ios/Pods/Headers/Public/React-RuntimeHermes\"\ \"/Users/runner/work/Bangumi/Bangumi/ios/Pods/Headers/Public/React-callinvoker\"\ \"/Users/runner/work/Bangumi/Bangumi/ios/Pods/Headers/Public/React-cxxreact\"\ \"/Users/runner/work/Bangumi/Bangumi/ios/Pods/Headers/Public/React-debug\"\ \"/Users/runner/work/Bangumi/Bangumi/ios/Pods/Headers/Public/React-defaultsnativemodule\"\ \"/Users/runner/work/Bangumi/Bangumi/ios/Pods/Headers/Public/React-domnativemodule\"\ \"/Users/runner/work/Bangumi/Bangumi/ios/Pods/Headers/Public/React-featureflags\"\ \"/Users/runner/work/Bangumi/Bangumi/ios/Pods/Headers/Public/React-featureflagsnativemodule\"\ \"/Users/runner/work/Bangumi/Bangumi/ios/Pods/Headers/Public/React-graphics\"\ \"/Users/runner/work/Bangumi/Bangumi/ios/Pods/Headers/Public/React-hermes\"\ \"/Users/runner/work/Bangumi/Bangumi/ios/Pods/Headers/Public/React-idlecallbacksnativemodule\"\ \"/Users/runner/work/Bangumi/Bangumi/ios/Pods/Headers/Public/React-intersectionobservernativemodule\"\ \"/Users/runner/work/Bangumi/Bangumi/ios/Pods/Headers/Public/React-jserrorhandler\"\ \"/Users/runner/work/Bangumi/Bangumi/ios/Pods/Headers/Public/React-jsi\"\ \"/Users/runner/work/Bangumi/Bangumi/ios/Pods/Headers/Public/React-jsiexecutor\"\ \"/Users/runner/work/Bangumi/Bangumi/ios/Pods/Headers/Public/React-jsinspector\"\ \"/Users/runner/work/Bangumi/Bangumi/ios/Pods/Headers/Public/React-jsinspectorcdp\"\ \"/Users/runner/work/Bangumi/Bangumi/ios/Pods/Headers/Public/React-jsinspectornetwork\"\ \"/Users/runner/work/Bangumi/Bangumi/ios/Pods/Headers/Public/React-jsinspectortracing\"\ \"/Users/runner/work/Bangumi/Bangumi/ios/Pods/Headers/Public/React-jsitooling\"\ \"/Users/runner/work/Bangumi/Bangumi/ios/Pods/Headers/Public/React-logger\"\ \"/Users/runner/work/Bangumi/Bangumi/ios/Pods/Headers/Public/React-microtasksnativemodule\"\ \"/Users/runner/work/Bangumi/Bangumi/ios/Pods/Headers/Public/React-mutationobservernativemodule\"\ \"/Users/runner/work/Bangumi/Bangumi/ios/Pods/Headers/Public/React-networking\"\ \"/Users/runner/work/Bangumi/Bangumi/ios/Pods/Headers/Public/React-oscompat\"\ \"/Users/runner/work/Bangumi/Bangumi/ios/Pods/Headers/Public/React-perflogger\"\ \"/Users/runner/work/Bangumi/Bangumi/ios/Pods/Headers/Public/React-performancecdpmetrics\"\ \"/Users/runner/work/Bangumi/Bangumi/ios/Pods/Headers/Public/React-performancetimeline\"\ \"/Users/runner/work/Bangumi/Bangumi/ios/Pods/Headers/Public/React-rendererconsistency\"\ \"/Users/runner/work/Bangumi/Bangumi/ios/Pods/Headers/Public/React-renderercss\"\ \"/Users/runner/work/Bangumi/Bangumi/ios/Pods/Headers/Public/React-rendererdebug\"\ \"/Users/runner/work/Bangumi/Bangumi/ios/Pods/Headers/Public/React-runtimeexecutor\"\ \"/Users/runner/work/Bangumi/Bangumi/ios/Pods/Headers/Public/React-runtimescheduler\"\ \"/Users/runner/work/Bangumi/Bangumi/ios/Pods/Headers/Public/React-timing\"\ \"/Users/runner/work/Bangumi/Bangumi/ios/Pods/Headers/Public/React-utils\"\ \"/Users/runner/work/Bangumi/Bangumi/ios/Pods/Headers/Public/React-viewtransitionnativemodule\"\ \"/Users/runner/work/Bangumi/Bangumi/ios/Pods/Headers/Public/React-webperformancenativemodule\"\ \"/Users/runner/work/Bangumi/Bangumi/ios/Pods/Headers/Public/ReactCodegen\"\ \"/Users/runner/work/Bangumi/Bangumi/ios/Pods/Headers/Public/ReactCommon\"\ \"/Users/runner/work/Bangumi/Bangumi/ios/Pods/Headers/Public/ReactNativeDependencies\"\ \"/Users/runner/work/Bangumi/Bangumi/ios/Pods/Headers/Public/Yoga\"\ \"/Users/runner/work/Bangumi/Bangumi/ios/Pods/Headers/Public/hermes-engine\"\ \"/Users/runner/work/Bangumi/Bangumi/ios/Pods/Headers/Private/React-Core\"\ \"/Users/runner/work/Bangumi/Bangumi/ios/Pods/DoubleConversion\"\ \"/Users/runner/work/Bangumi/Bangumi/ios/build/Build/Products/Release-iphoneos/ExpoModulesCore/Swift\ Compatibility\ Header\"\ \"/Users/runner/work/Bangumi/Bangumi/ios/Pods/Headers/Private/Yoga\"\ \"/Users/runner/work/Bangumi/Bangumi/ios/Pods/ExpoModulesCore/ExpoModulesCore.xcframework/ios-arm64_x86_64-simulator/ExpoModulesCore.framework/Headers\"\ \"/Users/runner/work/Bangumi/Bangumi/ios/Pods/ExpoModulesCore/ExpoModulesCore.xcframework/ios-arm64/ExpoModulesCore.framework/Headers\"\ \"/Users/runner/work/Bangumi/Bangumi/ios/Pods/ExpoModulesCore/ExpoModulesCore.xcframework/ios-arm64_x86_64-simulator/ExpoModulesCore.framework/Headers\"\ \"/Users/runner/work/Bangumi/Bangumi/ios/Pods/ExpoModulesCore/ExpoModulesCore.xcframework/ios-arm64/ExpoModulesCore.framework/Headers\"
    export HOME\=/Users/runner
    export HOST_ARCH\=arm64
    export HOST_PLATFORM\=macosx
    export ICONV\=/usr/bin/iconv
    export IMPLICIT_DEPENDENCY_DOMAIN\=default
    export INDEX_STORE_COMPRESS\=NO
    export INDEX_STORE_ONLY_PROJECT_FILES\=NO
    export INFOPLIST_ENABLE_CFBUNDLEICONS_MERGE\=YES
    export INFOPLIST_EXPAND_BUILD_SETTINGS\=YES
    export INFOPLIST_OUTPUT_FORMAT\=binary
    export INFOPLIST_PREPROCESS\=NO
    export INLINE_PRIVATE_FRAMEWORKS\=NO
    export INSTALLAPI_IGNORE_SKIP_INSTALL\=YES
    export INSTALLHDRS_COPY_PHASE\=NO
    export INSTALLHDRS_SCRIPT_PHASE\=NO
    export INSTALL_DIR\=/tmp/Pods.dst/usr/local/lib
    export INSTALL_GROUP\=staff
    export INSTALL_MODE_FLAG\=u+w,go-w,a+rX
    export INSTALL_OWNER\=runner
    export INSTALL_PATH\=/usr/local/lib
    export INSTALL_ROOT\=/tmp/Pods.dst
    export IPHONEOS_DEPLOYMENT_TARGET\=16.4
    export IS_UNOPTIMIZED_BUILD\=NO
    export JAVAC_DEFAULT_FLAGS\=-J-Xms64m\ -J-XX:NewSize\=4M\ -J-Dfile.encoding\=UTF8
    export JAVA_APP_STUB\=/System/Library/Frameworks/JavaVM.framework/Resources/MacOS/JavaApplicationStub
    export JAVA_ARCHIVE_CLASSES\=YES
    export JAVA_ARCHIVE_TYPE\=JAR
    export JAVA_COMPILER\=/usr/bin/javac
    export JAVA_FRAMEWORK_RESOURCES_DIRS\=Resources
    export JAVA_JAR_FLAGS\=cv
    export JAVA_SOURCE_SUBDIR\=.
    export JAVA_USE_DEPENDENCIES\=YES
    export JAVA_ZIP_FLAGS\=-urg
    export JIKES_DEFAULT_FLAGS\=+E\ +OLDCSO
    export KASAN_CFLAGS_CLASSIC\=-DKASAN\=1\ -DKASAN_CLASSIC\=1\ -fsanitize\=address\ -mllvm\ -asan-globals-live-support\ -mllvm\ -asan-force-dynamic-shadow
    export KASAN_CFLAGS_TBI\=-DKASAN\=1\ -DKASAN_TBI\=1\ -fsanitize\=kernel-hwaddress\ -mllvm\ -hwasan-recover\=0\ -mllvm\ -hwasan-instrument-atomics\=0\ -mllvm\ -hwasan-instrument-stack\=1\ -mllvm\ -hwasan-generate-tags-with-calls\=1\ -mllvm\ -hwasan-instrument-with-calls\=1\ -mllvm\ -hwasan-use-short-granules\=0\ -mllvm\ -hwasan-memory-access-callback-prefix\=__asan_
    export KASAN_DEFAULT_CFLAGS\=-DKASAN\=1\ -DKASAN_CLASSIC\=1\ -fsanitize\=address\ -mllvm\ -asan-globals-live-support\ -mllvm\ -asan-force-dynamic-shadow
    export KEEP_PRIVATE_EXTERNS\=NO
    export LD_DEPENDENCY_INFO_FILE\=/Users/runner/work/Bangumi/Bangumi/ios/build/Build/Intermediates.noindex/Pods.build/Release-iphoneos/Expo.build/Objects-normal/undefined_arch/Expo_dependency_info.dat
    export LD_EXPORT_SYMBOLS\=YES
    export LD_GENERATE_MAP_FILE\=NO
    export LD_MAP_FILE_PATH\=/Users/runner/work/Bangumi/Bangumi/ios/build/Build/Intermediates.noindex/Pods.build/Release-iphoneos/Expo.build/Expo-LinkMap-normal-undefined_arch.txt
    export LD_NO_PIE\=NO
    export LD_QUOTE_LINKER_ARGUMENTS_FOR_COMPILER_DRIVER\=YES
    export LD_SHARED_CACHE_ELIGIBLE\=Automatic
    export LD_WARN_DUPLICATE_LIBRARIES\=NO
    export LD_WARN_UNUSED_DYLIBS\=NO
    export LEGACY_DEVELOPER_DIR\=/Applications/Xcode_26.6.app/Contents/PlugIns/Xcode3Core.ideplugin/Contents/SharedSupport/Developer
    export LEX\=lex
    export LIBRARY_DEXT_INSTALL_PATH\=/Library/DriverExtensions
    export LIBRARY_FLAG_NOSPACE\=YES
    export LIBRARY_FLAG_PREFIX\=-l
    export LIBRARY_KEXT_INSTALL_PATH\=/Library/Extensions
    export LIBRARY_SEARCH_PATHS\=/Users/runner/work/Bangumi/Bangumi/ios/build/Build/Products/Release-iphoneos/Expo\ 
    export LINKER_DISPLAYS_MANGLED_NAMES\=NO
    export LINK_FILE_LIST_normal_arm64\=/Users/runner/work/Bangumi/Bangumi/ios/build/Build/Intermediates.noindex/Pods.build/Release-iphoneos/Expo.build/Objects-normal/arm64/Expo.LinkFileList
    export LINK_OBJC_RUNTIME\=YES
    export LINK_WITH_STANDARD_LIBRARIES\=YES
    export LLVM_TARGET_TRIPLE_OS_VERSION\=ios16.4
    export LLVM_TARGET_TRIPLE_VENDOR\=apple
    export LM_AUX_CONST_METADATA_LIST_PATH_normal_arm64\=/Users/runner/work/Bangumi/Bangumi/ios/build/Build/Intermediates.noindex/Pods.build/Release-iphoneos/Expo.build/Objects-normal/arm64/Expo.SwiftConstValuesFileList
    export LOCALIZATION_EXPORT_SUPPORTED\=YES
    export LOCALIZATION_PREFERS_STRING_CATALOGS\=NO
    export LOCALIZED_STRING_CODE_COMMENTS\=NO
    export LOCALIZED_STRING_MACRO_NAMES\=NSLocalizedString\ CFCopyLocalizedString
    export LOCALIZED_STRING_SWIFTUI_SUPPORT\=YES
    export LOCAL_ADMIN_APPS_DIR\=/Applications/Utilities
    export LOCAL_APPS_DIR\=/Applications
    export LOCAL_DEVELOPER_DIR\=/Library/Developer
    export LOCAL_LIBRARY_DIR\=/Library
    export LOCROOT\=/Users/runner/work/Bangumi/Bangumi/ios/Pods
    export LOCSYMROOT\=/Users/runner/work/Bangumi/Bangumi/ios/Pods
    export MACH_O_TYPE\=staticlib
    export MAC_OS_X_PRODUCT_BUILD_VERSION\=25G83
    export MAC_OS_X_VERSION_ACTUAL\=260602
    export MAC_OS_X_VERSION_MAJOR\=260000
    export MAC_OS_X_VERSION_MINOR\=260600
    export MAKE_MERGEABLE\=NO
    export MERGEABLE_LIBRARY\=NO
    export MERGED_BINARY_TYPE\=none
    export MERGE_LINKED_LIBRARIES\=NO
    export METAL_LIBRARY_FILE_BASE\=default
    export METAL_LIBRARY_OUTPUT_DIR\=/Users/runner/work/Bangumi/Bangumi/ios/build/Build/Products/Release-iphoneos/Expo/
    export MODULEMAP_FILE\=Headers/Public/Expo/Expo.modulemap
    export MODULE_CACHE_DIR\=/Users/runner/work/Bangumi/Bangumi/ios/build/ModuleCache.noindex
    export MTL_ENABLE_DEBUG_INFO\=NO
    export MTL_FAST_MATH\=YES
    export NATIVE_ARCH\=arm64
    export NATIVE_ARCH_32_BIT\=arm
    export NATIVE_ARCH_64_BIT\=arm64
    export NATIVE_ARCH_ACTUAL\=arm64
    export NO_COMMON\=YES
    export OBJECT_FILE_DIR\=/Users/runner/work/Bangumi/Bangumi/ios/build/Build/Intermediates.noindex/Pods.build/Release-iphoneos/Expo.build/Objects
    export OBJECT_FILE_DIR_normal\=/Users/runner/work/Bangumi/Bangumi/ios/build/Build/Intermediates.noindex/Pods.build/Release-iphoneos/Expo.build/Objects-normal
    export OBJROOT\=/Users/runner/work/Bangumi/Bangumi/ios/build/Build/Intermediates.noindex
    export ONLY_ACTIVE_ARCH\=NO
    export OS\=MACOS
    export OSAC\=/usr/bin/osacompile
    export OTHER_CFLAGS\=\ -DRCT_REMOVE_LEGACY_ARCH\=1\ -fmodule-map-file\=\"/Users/runner/work/Bangumi/Bangumi/ios/Pods/Headers/Public/ReactAppDependencyProvider/ReactAppDependencyProvider.modulemap\"\ -fmodule-map-file\=\"/Users/runner/work/Bangumi/Bangumi/ios/Pods/Headers/Public/ReactCodegen/ReactCodegen.modulemap\"\ \ -DRCT_REMOVE_LEGACY_ARCH\=1\ -ivfsoverlay\ /Users/runner/work/Bangumi/Bangumi/ios/Pods/React-Core-prebuilt/React-VFS.yaml\ -DNDEBUG
    export OTHER_CPLUSPLUSFLAGS\=\ -DRCT_REMOVE_LEGACY_ARCH\=1\ -fmodule-map-file\=\"/Users/runner/work/Bangumi/Bangumi/ios/Pods/Headers/Public/ReactAppDependencyProvider/ReactAppDependencyProvider.modulemap\"\ -fmodule-map-file\=\"/Users/runner/work/Bangumi/Bangumi/ios/Pods/Headers/Public/ReactCodegen/ReactCodegen.modulemap\"\ \ -DRCT_REMOVE_LEGACY_ARCH\=1\ -ivfsoverlay\ /Users/runner/work/Bangumi/Bangumi/ios/Pods/React-Core-prebuilt/React-VFS.yaml\ -DNDEBUG\ -DRCT_REMOVE_LEGACY_ARCH\=1\ -DRCT_NEW_ARCH_ENABLED\=1\ \ -ivfsoverlay\ /Users/runner/work/Bangumi/Bangumi/ios/Pods/React-Core-prebuilt/React-VFS.yaml\ -DNDEBUG
    export OTHER_SWIFT_FLAGS\=\ -D\ COCOAPODS\ -Xcc\ -fmodule-map-file\=\"/Users/runner/work/Bangumi/Bangumi/ios/Pods/Headers/Public/ReactAppDependencyProvider/ReactAppDependencyProvider.modulemap\"\ -Xcc\ -fmodule-map-file\=\"/Users/runner/work/Bangumi/Bangumi/ios/Pods/Headers/Public/ReactCodegen/ReactCodegen.modulemap\"\ -import-underlying-module\ -Xcc\ -fmodule-map-file\=\"/Users/runner/work/Bangumi/Bangumi/ios/Pods/Headers/Public/Expo/Expo.modulemap\"\ \ -DRCT_NEW_ARCH_ENABLED\ -Xcc\ -ivfsoverlay\ -Xcc\ /Users/runner/work/Bangumi/Bangumi/ios/Pods/React-Core-prebuilt/React-VFS.yaml\ -Xfrontend\ -load-plugin-executable\ -Xfrontend\ \"/Users/runner/work/Bangumi/Bangumi/node_modules/@expo/expo-modules-macros-plugin/apple/ExpoModulesMacros-tool\#ExpoModulesMacros\"
    export PACKAGE_TYPE\=com.apple.package-type.static-library
    export PASCAL_STRINGS\=YES
    export PATH\=/Applications/Xcode_26.6.app/Contents/SharedFrameworks/SwiftBuild.framework/Versions/A/PlugIns/SWBBuildService.bundle/Contents/PlugIns/SWBUniversalPlatformPlugin.bundle/Contents/Frameworks/SWBUniversalPlatform.framework/Resources:/var/run/com.apple.security.cryptexd/mnt/com.apple.MobileAsset.MetalToolchain-v17.6.109.0.DBd8UQ/Metal.xctoolchain/usr/bin:/var/run/com.apple.security.cryptexd/mnt/com.apple.MobileAsset.MetalToolchain-v17.6.109.0.DBd8UQ/Metal.xctoolchain/usr/local/bin:/var/run/com.apple.security.cryptexd/mnt/com.apple.MobileAsset.MetalToolchain-v17.6.109.0.DBd8UQ/Metal.xctoolchain/usr/libexec:/Applications/Xcode_26.6.app/Contents/Developer/Toolchains/XcodeDefault.xctoolchain/usr/bin:/Applications/Xcode_26.6.app/Contents/Developer/Toolchains/XcodeDefault.xctoolchain/usr/local/bin:/Applications/Xcode_26.6.app/Contents/Developer/Toolchains/XcodeDefault.xctoolchain/usr/libexec:/Applications/Xcode_26.6.app/Contents/Developer/Platforms/iPhoneOS.platform/usr/bin:/Applications/Xcode_26.6.app/Contents/Developer/Platforms/iPhoneOS.platform/usr/local/bin:/Applications/Xcode_26.6.app/Contents/Developer/Platforms/iPhoneOS.platform/Developer/usr/bin:/Applications/Xcode_26.6.app/Contents/Developer/Platforms/iPhoneOS.platform/Developer/usr/local/bin:/Applications/Xcode_26.6.app/Contents/Developer/usr/bin:/Applications/Xcode_26.6.app/Contents/Developer/usr/local/bin:/Users/runner/hostedtoolcache/node/20.20.2/arm64/bin:/opt/homebrew/lib/ruby/gems/3.4.0/bin:/opt/homebrew/opt/ruby@3.4/bin:/Users/runner/.local/bin:/opt/homebrew/bin:/opt/homebrew/sbin:/Users/runner/.cargo/bin:/usr/local/opt/curl/bin:/usr/local/bin:/usr/local/sbin:/Users/runner/bin:/Users/runner/.yarn/bin:/Users/runner/Library/Android/sdk/tools:/Users/runner/Library/Android/sdk/platform-tools:/Library/Frameworks/Python.framework/Versions/Current/bin:/Library/Frameworks/Mono.framework/Versions/Current/Commands:/usr/bin:/bin:/usr/sbin:/sbin:/Users/runner/.dotnet/tools
    export PATH_PREFIXES_EXCLUDED_FROM_HEADER_DEPENDENCIES\=/usr/include\ /usr/local/include\ /System/Library/Frameworks\ /System/Library/PrivateFrameworks\ /Applications/Xcode_26.6.app/Contents/Developer/Headers\ /Applications/Xcode_26.6.app/Contents/Developer/SDKs\ /Applications/Xcode_26.6.app/Contents/Developer/Platforms
    export PER_ARCH_MODULE_FILE_DIR\=/Users/runner/work/Bangumi/Bangumi/ios/build/Build/Intermediates.noindex/Pods.build/Release-iphoneos/Expo.build/Objects-normal/undefined_arch
    export PER_ARCH_OBJECT_FILE_DIR\=/Users/runner/work/Bangumi/Bangumi/ios/build/Build/Intermediates.noindex/Pods.build/Release-iphoneos/Expo.build/Objects-normal/undefined_arch
    export PER_VARIANT_OBJECT_FILE_DIR\=/Users/runner/work/Bangumi/Bangumi/ios/build/Build/Intermediates.noindex/Pods.build/Release-iphoneos/Expo.build/Objects-normal
    export PKGINFO_FILE_PATH\=/Users/runner/work/Bangumi/Bangumi/ios/build/Build/Intermediates.noindex/Pods.build/Release-iphoneos/Expo.build/PkgInfo
    export PLATFORM_DEVELOPER_APPLICATIONS_DIR\=/Applications/Xcode_26.6.app/Contents/Developer/Platforms/iPhoneOS.platform/Developer/Applications
    export PLATFORM_DEVELOPER_BIN_DIR\=/Applications/Xcode_26.6.app/Contents/Developer/Platforms/iPhoneOS.platform/Developer/usr/bin
    export PLATFORM_DEVELOPER_LIBRARY_DIR\=/Applications/Xcode_26.6.app/Contents/Developer/Platforms/iPhoneOS.platform/Developer/Library
    export PLATFORM_DEVELOPER_SDK_DIR\=/Applications/Xcode_26.6.app/Contents/Developer/Platforms/iPhoneOS.platform/Developer/SDKs
    export PLATFORM_DEVELOPER_TOOLS_DIR\=/Applications/Xcode_26.6.app/Contents/Developer/Platforms/iPhoneOS.platform/Developer/Tools
    export PLATFORM_DEVELOPER_USR_DIR\=/Applications/Xcode_26.6.app/Contents/Developer/Platforms/iPhoneOS.platform/Developer/usr
    export PLATFORM_DIR\=/Applications/Xcode_26.6.app/Contents/Developer/Platforms/iPhoneOS.platform
    export PLATFORM_DISPLAY_NAME\=iOS
    export PLATFORM_FAMILY_NAME\=iOS
    export PLATFORM_NAME\=iphoneos
    export PLATFORM_PREFERRED_ARCH\=arm64
    export PLATFORM_PRODUCT_BUILD_VERSION\=23F81a
    export PLATFORM_REQUIRES_SWIFT_AUTOLINK_EXTRACT\=NO
    export PLATFORM_REQUIRES_SWIFT_MODULEWRAP\=NO
    export PLATFORM_USES_DSYMS\=YES
    export PLIST_FILE_OUTPUT_FORMAT\=binary
    export PODFILE_DIR\=/Users/runner/work/Bangumi/Bangumi/ios/Pods/..
    export PODS_BUILD_DIR\=/Users/runner/work/Bangumi/Bangumi/ios/build/Build/Products
    export PODS_CONFIGURATION_BUILD_DIR\=/Users/runner/work/Bangumi/Bangumi/ios/build/Build/Products/Release-iphoneos
    export PODS_DEVELOPMENT_LANGUAGE\=en
    export PODS_ROOT\=/Users/runner/work/Bangumi/Bangumi/ios/Pods
    export PODS_TARGET_SRCROOT\=/Users/runner/work/Bangumi/Bangumi/ios/Pods/../../node_modules/expo
    export PODS_XCFRAMEWORKS_BUILD_DIR\=/Users/runner/work/Bangumi/Bangumi/ios/build/Build/Products/Release-iphoneos/XCFrameworkIntermediates
    export PRECOMPS_INCLUDE_HEADERS_FROM_BUILT_PRODUCTS_DIR\=YES
    export PRECOMP_DESTINATION_DIR\=/Users/runner/work/Bangumi/Bangumi/ios/build/Build/Intermediates.noindex/Pods.build/Release-iphoneos/Expo.build/PrefixHeaders
    export PROCESSED_INFOPLIST_PATH\=/Users/runner/work/Bangumi/Bangumi/ios/build/Build/Intermediates.noindex/Pods.build/Release-iphoneos/Expo.build/Objects-normal/undefined_arch/Processed-Info.plist
    export PRODUCT_BUNDLE_IDENTIFIER\=org.cocoapods.Expo
    export PRODUCT_MODULE_NAME\=Expo
    export PRODUCT_NAME\=Expo
    export PRODUCT_SETTINGS_PATH\=
    export PRODUCT_TYPE\=com.apple.product-type.library.static
    export PROFILING_CODE\=NO
    export PROJECT\=Pods
    export PROJECT_DERIVED_FILE_DIR\=/Users/runner/work/Bangumi/Bangumi/ios/build/Build/Intermediates.noindex/Pods.build/DerivedSources
    export PROJECT_DIR\=/Users/runner/work/Bangumi/Bangumi/ios/Pods
    export PROJECT_FILE_PATH\=/Users/runner/work/Bangumi/Bangumi/ios/Pods/Pods.xcodeproj
    export PROJECT_GUID\=8699adb1dd336b26511df848a716bd42
    export PROJECT_NAME\=Pods
    export PROJECT_TEMP_DIR\=/Users/runner/work/Bangumi/Bangumi/ios/build/Build/Intermediates.noindex/Pods.build
    export PROJECT_TEMP_ROOT\=/Users/runner/work/Bangumi/Bangumi/ios/build/Build/Intermediates.noindex
    export REACT_NATIVE_PATH\=/Users/runner/work/Bangumi/Bangumi/ios/Pods/../../node_modules/react-native
    export RECOMMENDED_IPHONEOS_DEPLOYMENT_TARGET\=15.0
    export RECURSIVE_SEARCH_PATHS_FOLLOW_SYMLINKS\=YES
    export REMOVE_CVS_FROM_RESOURCES\=YES
    export REMOVE_GIT_FROM_RESOURCES\=YES
    export REMOVE_HEADERS_FROM_EMBEDDED_BUNDLES\=YES
    export REMOVE_HG_FROM_RESOURCES\=YES
    export REMOVE_STATIC_EXECUTABLES_FROM_EMBEDDED_BUNDLES\=YES
    export REMOVE_SVN_FROM_RESOURCES\=YES
    export RESCHEDULE_INDEPENDENT_HEADERS_PHASES\=YES
    export REZ_COLLECTOR_DIR\=/Users/runner/work/Bangumi/Bangumi/ios/build/Build/Intermediates.noindex/Pods.build/Release-iphoneos/Expo.build/ResourceManagerResources
    export REZ_EXECUTABLE\=YES
    export REZ_OBJECTS_DIR\=/Users/runner/work/Bangumi/Bangumi/ios/build/Build/Intermediates.noindex/Pods.build/Release-iphoneos/Expo.build/ResourceManagerResources/Objects
    export REZ_SEARCH_PATHS\=/Users/runner/work/Bangumi/Bangumi/ios/build/Build/Products/Release-iphoneos/Expo\ 
    export RPATH_ORIGIN\=@loader_path
    export RUNTIME_EXCEPTION_ALLOW_DYLD_ENVIRONMENT_VARIABLES\=NO
    export RUNTIME_EXCEPTION_ALLOW_JIT\=NO
    export RUNTIME_EXCEPTION_ALLOW_UNSIGNED_EXECUTABLE_MEMORY\=NO
    export RUNTIME_EXCEPTION_DEBUGGING_TOOL\=NO
    export RUNTIME_EXCEPTION_DISABLE_EXECUTABLE_PAGE_PROTECTION\=NO
    export RUNTIME_EXCEPTION_DISABLE_LIBRARY_VALIDATION\=NO
    export SCANNING_PCM_KEEP_CACHE_DIRECTORY\=YES
    export SCAN_ALL_SOURCE_FILES_FOR_INCLUDES\=NO
    export SCRIPT_INPUT_FILE_0\=/Users/runner/work/Bangumi/Bangumi/ios/build/Build/Intermediates.noindex/Pods.build/Release-iphoneos/Expo.build/DerivedSources/Expo-Swift.h
    export SCRIPT_INPUT_FILE_1\=/Users/runner/work/Bangumi/Bangumi/ios/Pods/Headers/Public/Expo/Expo.modulemap
    export SCRIPT_INPUT_FILE_2\=/Users/runner/work/Bangumi/Bangumi/ios/Pods/Headers/Public/Expo/Expo-umbrella.h
    export SCRIPT_INPUT_FILE_COUNT\=3
    export SCRIPT_INPUT_FILE_LIST_COUNT\=0
    export SCRIPT_OUTPUT_FILE_0\=/Users/runner/work/Bangumi/Bangumi/ios/build/Build/Products/Release-iphoneos/Expo/Expo.modulemap
    export SCRIPT_OUTPUT_FILE_1\=/Users/runner/work/Bangumi/Bangumi/ios/build/Build/Products/Release-iphoneos/Expo/Expo-umbrella.h
    export SCRIPT_OUTPUT_FILE_2\=/Users/runner/work/Bangumi/Bangumi/ios/build/Build/Products/Release-iphoneos/Expo/Swift\ Compatibility\ Header/Expo-Swift.h
    export SCRIPT_OUTPUT_FILE_COUNT\=3
    export SCRIPT_OUTPUT_FILE_LIST_COUNT\=0
    export SDKROOT\=/Applications/Xcode_26.6.app/Contents/Developer/Platforms/iPhoneOS.platform/Developer/SDKs/iPhoneOS26.5.sdk
    export SDK_DIR\=/Applications/Xcode_26.6.app/Contents/Developer/Platforms/iPhoneOS.platform/Developer/SDKs/iPhoneOS26.5.sdk
    export SDK_DIR_iphoneos\=/Applications/Xcode_26.6.app/Contents/Developer/Platforms/iPhoneOS.platform/Developer/SDKs/iPhoneOS26.5.sdk
    export SDK_DIR_iphoneos26_5\=/Applications/Xcode_26.6.app/Contents/Developer/Platforms/iPhoneOS.platform/Developer/SDKs/iPhoneOS26.5.sdk
    export SDK_NAME\=iphoneos26.5
    export SDK_NAMES\=iphoneos26.5
    export SDK_PRODUCT_BUILD_VERSION\=23F81a
    export SDK_STAT_CACHE_DIR\=/Users/runner/work/Bangumi/Bangumi/ios/build
    export SDK_STAT_CACHE_ENABLE\=YES
    export SDK_STAT_CACHE_PATH\=/Users/runner/work/Bangumi/Bangumi/ios/build/SDKStatCaches.noindex/iphoneos26.5-23F81a-688ef53f1462e2c8f657fdc38a81448fee66e23052a0157c865c76b268046726.sdkstatcache
    export SDK_VERSION\=26.5
    export SDK_VERSION_ACTUAL\=260500
    export SDK_VERSION_MAJOR\=260000
    export SDK_VERSION_MINOR\=260500
    export SED\=/usr/bin/sed
    export SEPARATE_STRIP\=NO
    export SEPARATE_SYMBOL_EDIT\=NO
    export SET_DIR_MODE_OWNER_GROUP\=YES
    export SET_FILE_MODE_OWNER_GROUP\=NO
    export SHALLOW_BUNDLE\=NO
    export SHARED_DERIVED_FILE_DIR\=/Users/runner/work/Bangumi/Bangumi/ios/build/Build/Products/Release-iphoneos/Expo/DerivedSources
    export SHARED_PRECOMPS_DIR\=/Users/runner/work/Bangumi/Bangumi/ios/build/Build/Intermediates.noindex/PrecompiledHeaders
    export SKIP_INSTALL\=YES
    export SKIP_MERGEABLE_LIBRARY_BUNDLE_HOOK\=NO
    export SOURCE_ROOT\=/Users/runner/work/Bangumi/Bangumi/ios/Pods
    export SRCROOT\=/Users/runner/work/Bangumi/Bangumi/ios/Pods
    export STRINGSDATA_DIR\=/Users/runner/work/Bangumi/Bangumi/ios/build/Build/Intermediates.noindex/Pods.build/Release-iphoneos/Expo.build/Objects-normal/undefined_arch
    export STRINGSDATA_ROOT\=/Users/runner/work/Bangumi/Bangumi/ios/build/Build/Intermediates.noindex/Pods.build/Release-iphoneos/Expo.build
    export STRINGS_FILE_INFOPLIST_RENAME\=YES
    export STRINGS_FILE_OUTPUT_ENCODING\=binary
    export STRING_CATALOG_GENERATE_SYMBOLS\=NO
    export STRIP_BITCODE_FROM_COPIED_FILES\=YES
    export STRIP_INSTALLED_PRODUCT\=NO
    export STRIP_STYLE\=debugging
    export STRIP_SWIFT_SYMBOLS\=YES
    export SUPPORTED_DEVICE_FAMILIES\=1,2
    export SUPPORTED_PLATFORMS\=iphoneos\ iphonesimulator
    export SUPPORTS_MACCATALYST\=YES
    export SUPPORTS_MAC_DESIGNED_FOR_IPHONE_IPAD\=YES
    export SUPPORTS_TEXT_BASED_API\=NO
    export SUPPORTS_XR_DESIGNED_FOR_IPHONE_IPAD\=YES
    export SUPPRESS_WARNINGS\=NO
    export SWIFT_ACTIVE_COMPILATION_CONDITIONS\=\ 
    export SWIFT_COMPILATION_MODE\=wholemodule
    export SWIFT_EMIT_CONST_VALUE_PROTOCOLS\=AnyResolverProviding\ AppEntity\ AppEnum\ AppExtension\ AppIntent\ AppIntentsPackage\ AppShortcutProviding\ AppShortcutsProvider\ DynamicOptionsProvider\ EntityQuery\ ExtensionPointDefining\ IntentValueQuery\ Resolver\ TransientEntity\ _AssistantIntentsProvider\ _GenerativeFunctionExtractable\ _IntentValueRepresentable
    export SWIFT_EMIT_LOC_STRINGS\=NO
    export SWIFT_EMIT_MODULE_INTERFACE\=NO
    export SWIFT_ENABLE_EXPLICIT_MODULES\=NO
    export SWIFT_INCLUDE_PATHS\=/Users/runner/work/Bangumi/Bangumi/ios/build/Build/Products/Release-iphoneos/Expo\ \ \"/Users/runner/work/Bangumi/Bangumi/ios/build/Build/Products/Release-iphoneos/ExpoModulesCore\"\ \"/Users/runner/work/Bangumi/Bangumi/ios/build/Build/Products/Release-iphoneos/ExpoModulesJSI\"
    export SWIFT_INSTALL_OBJC_HEADER\=YES
    export SWIFT_OPTIMIZATION_LEVEL\=-O
    export SWIFT_PLATFORM_TARGET_PREFIX\=ios
    export SWIFT_RESPONSE_FILE_PATH_normal_arm64\=/Users/runner/work/Bangumi/Bangumi/ios/build/Build/Intermediates.noindex/Pods.build/Release-iphoneos/Expo.build/Objects-normal/arm64/Expo.SwiftFileList
    export SWIFT_SUPPRESS_WARNINGS\=YES
    export SWIFT_VERSION\=6.0
    export SYMROOT\=/Users/runner/work/Bangumi/Bangumi/ios/build/Build/Products
    export SYSTEM_ADMIN_APPS_DIR\=/Applications/Utilities
    export SYSTEM_APPS_DIR\=/Applications
    export SYSTEM_CORE_SERVICES_DIR\=/System/Library/CoreServices
    export SYSTEM_DEMOS_DIR\=/Applications/Extras
    export SYSTEM_DEVELOPER_APPS_DIR\=/Applications/Xcode_26.6.app/Contents/Developer/Applications
    export SYSTEM_DEVELOPER_BIN_DIR\=/Applications/Xcode_26.6.app/Contents/Developer/usr/bin
    export SYSTEM_DEVELOPER_DEMOS_DIR\=/Applications/Xcode_26.6.app/Contents/Developer/Applications/Utilities/Built\ Examples
    export SYSTEM_DEVELOPER_DIR\=/Applications/Xcode_26.6.app/Contents/Developer
    export SYSTEM_DEVELOPER_DOC_DIR\=/Applications/Xcode_26.6.app/Contents/Developer/ADC\ Reference\ Library
    export SYSTEM_DEVELOPER_GRAPHICS_TOOLS_DIR\=/Applications/Xcode_26.6.app/Contents/Developer/Applications/Graphics\ Tools
    export SYSTEM_DEVELOPER_JAVA_TOOLS_DIR\=/Applications/Xcode_26.6.app/Contents/Developer/Applications/Java\ Tools
    export SYSTEM_DEVELOPER_PERFORMANCE_TOOLS_DIR\=/Applications/Xcode_26.6.app/Contents/Developer/Applications/Performance\ Tools
    export SYSTEM_DEVELOPER_RELEASENOTES_DIR\=/Applications/Xcode_26.6.app/Contents/Developer/ADC\ Reference\ Library/releasenotes
    export SYSTEM_DEVELOPER_TOOLS\=/Applications/Xcode_26.6.app/Contents/Developer/Tools
    export SYSTEM_DEVELOPER_TOOLS_DOC_DIR\=/Applications/Xcode_26.6.app/Contents/Developer/ADC\ Reference\ Library/documentation/DeveloperTools
    export SYSTEM_DEVELOPER_TOOLS_RELEASENOTES_DIR\=/Applications/Xcode_26.6.app/Contents/Developer/ADC\ Reference\ Library/releasenotes/DeveloperTools
    export SYSTEM_DEVELOPER_USR_DIR\=/Applications/Xcode_26.6.app/Contents/Developer/usr
    export SYSTEM_DEVELOPER_UTILITIES_DIR\=/Applications/Xcode_26.6.app/Contents/Developer/Applications/Utilities
    export SYSTEM_DEXT_INSTALL_PATH\=/System/Library/DriverExtensions
    export SYSTEM_DOCUMENTATION_DIR\=/Library/Documentation
    export SYSTEM_KEXT_INSTALL_PATH\=/System/Library/Extensions
    export SYSTEM_LIBRARY_DIR\=/System/Library
    export TAPI_DEMANGLE\=YES
    export TAPI_ENABLE_PROJECT_HEADERS\=NO
    export TAPI_LANGUAGE\=objective-c
    export TAPI_LANGUAGE_STANDARD\=compiler-default
    export TAPI_USE_SRCROOT\=YES
    export TAPI_VERIFY_MODE\=Pedantic
    export TARGETED_DEVICE_FAMILY\=1,2
    export TARGETNAME\=Expo
    export TARGET_BUILD_DIR\=/Users/runner/work/Bangumi/Bangumi/ios/build/Build/Products/Release-iphoneos/Expo
    export TARGET_NAME\=Expo
    export TARGET_TEMP_DIR\=/Users/runner/work/Bangumi/Bangumi/ios/build/Build/Intermediates.noindex/Pods.build/Release-iphoneos/Expo.build
    export TEMP_DIR\=/Users/runner/work/Bangumi/Bangumi/ios/build/Build/Intermediates.noindex/Pods.build/Release-iphoneos/Expo.build
    export TEMP_FILES_DIR\=/Users/runner/work/Bangumi/Bangumi/ios/build/Build/Intermediates.noindex/Pods.build/Release-iphoneos/Expo.build
    export TEMP_FILE_DIR\=/Users/runner/work/Bangumi/Bangumi/ios/build/Build/Intermediates.noindex/Pods.build/Release-iphoneos/Expo.build
    export TEMP_ROOT\=/Users/runner/work/Bangumi/Bangumi/ios/build/Build/Intermediates.noindex
    export TEMP_SANDBOX_DIR\=/Users/runner/work/Bangumi/Bangumi/ios/build/Build/Intermediates.noindex/TemporaryTaskSandboxes
    export TEST_FRAMEWORK_SEARCH_PATHS\=\ /Applications/Xcode_26.6.app/Contents/Developer/Platforms/iPhoneOS.platform/Developer/Library/Frameworks\ /Applications/Xcode_26.6.app/Contents/Developer/Platforms/iPhoneOS.platform/Developer/SDKs/iPhoneOS26.5.sdk/Developer/Library/Frameworks
    export TEST_LIBRARY_SEARCH_PATHS\=\ /Applications/Xcode_26.6.app/Contents/Developer/Platforms/iPhoneOS.platform/Developer/usr/lib
    export TOOLCHAINS\=com.apple.dt.toolchain.Metal.32023.883\ com.apple.dt.toolchain.XcodeDefault
    export TOOLCHAIN_DIR\=/var/run/com.apple.security.cryptexd/mnt/com.apple.MobileAsset.MetalToolchain-v17.6.109.0.DBd8UQ/Metal.xctoolchain
    export TOOLCHAIN_VERSION\=32023.883
    export TREAT_MISSING_BASELINES_AS_TEST_FAILURES\=NO
    export TREAT_MISSING_SCRIPT_PHASE_OUTPUTS_AS_ERRORS\=NO
    export UID\=501
    export UNINSTALLED_PRODUCTS_DIR\=/Users/runner/work/Bangumi/Bangumi/ios/build/Build/Intermediates.noindex/UninstalledProducts
    export UNSTRIPPED_PRODUCT\=NO
    export USER\=runner
    export USER_APPS_DIR\=/Users/runner/Applications
    export USER_LIBRARY_DIR\=/Users/runner/Library
    export USE_DYNAMIC_NO_PIC\=YES
    export USE_HEADERMAP\=YES
    export USE_HEADER_SYMLINKS\=NO
    export USE_HERMES\=true
    export USE_RECURSIVE_SCRIPT_INPUTS_IN_SCRIPT_PHASES\=YES
    export VALIDATE_DEVELOPMENT_ASSET_PATHS\=YES_ERROR
    export VALIDATE_PRODUCT\=YES
    export VALID_ARCHS\=arm64\ arm64e\ armv7\ armv7s
    export VERBOSE_PBXCP\=NO
    export VERSION_INFO_BUILDER\=runner
    export VERSION_INFO_FILE\=Expo_vers.c
    export VERSION_INFO_STRING\=\"@\(\#\)PROGRAM:Expo\ \ PROJECT:Pods-\"
    export WORKSPACE_DIR\=/Users/runner/work/Bangumi/Bangumi/ios
    export WRAP_ASSET_PACKS_IN_SEPARATE_DIRECTORIES\=NO
    export XCODE_APP_SUPPORT_DIR\=/Applications/Xcode_26.6.app/Contents/Developer/Library/Xcode
    export XCODE_PRODUCT_BUILD_VERSION\=17F113
    export XCODE_VERSION_ACTUAL\=2660
    export XCODE_VERSION_MAJOR\=2600
    export XCODE_VERSION_MINOR\=2660
    export XPCSERVICES_FOLDER_PATH\=/XPCServices
    export YACC\=yacc
    export _DISCOVER_COMMAND_LINE_LINKER_INPUTS\=YES
    export _DISCOVER_COMMAND_LINE_LINKER_INPUTS_INCLUDE_WL\=YES
    export _LD_MULTIARCH\=YES
    export __DIAGNOSE_DEPRECATED_ARCHS\=YES
    export __ORIGINAL_SDK_DEFINED_LLVM_TARGET_TRIPLE_SYS\=ios
    export arch\=undefined_arch
    export variant\=normal
    /bin/sh -c /Users/runner/work/Bangumi/Bangumi/ios/build/Build/Intermediates.noindex/Pods.build/Release-iphoneos/Expo.build/Script-46EB2E0001A8D0.sh

ExtractAppIntentsMetadata (in target 'Expo' from project 'Pods')
    cd /Users/runner/work/Bangumi/Bangumi/ios/Pods
    /Applications/Xcode_26.6.app/Contents/Developer/Toolchains/XcodeDefault.xctoolchain/usr/bin/appintentsmetadataprocessor --toolchain-dir /var/run/com.apple.security.cryptexd/mnt/com.apple.MobileAsset.MetalToolchain-v17.6.109.0.DBd8UQ/Metal.xctoolchain --module-name Expo --sdk-root /Applications/Xcode_26.6.app/Contents/Developer/Platforms/iPhoneOS.platform/Developer/SDKs/iPhoneOS26.5.sdk --xcode-version 17F113 --platform-family iOS --deployment-target 16.4 --bundle-identifier org.cocoapods.Expo --output /Users/runner/work/Bangumi/Bangumi/ios/build/Build/Products/Release-iphoneos/Expo/Expo.appintents --target-triple arm64-apple-ios16.4 --binary-file /Users/runner/work/Bangumi/Bangumi/ios/build/Build/Products/Release-iphoneos/Expo/libExpo.a --dependency-file /Users/runner/work/Bangumi/Bangumi/ios/build/Build/Intermediates.noindex/Pods.build/Release-iphoneos/Expo.build/Objects-normal/arm64/Expo_libtool_dependency_info.dat --stringsdata-file /Users/runner/work/Bangumi/Bangumi/ios/build/Build/Intermediates.noindex/Pods.build/Release-iphoneos/Expo.build/Objects-normal/arm64/ExtractedAppShortcutsMetadata.stringsdata --source-file-list /Users/runner/work/Bangumi/Bangumi/ios/build/Build/Intermediates.noindex/Pods.build/Release-iphoneos/Expo.build/Objects-normal/arm64/Expo.SwiftFileList --metadata-file-list /Users/runner/work/Bangumi/Bangumi/ios/build/Build/Intermediates.noindex/Pods.build/Release-iphoneos/Expo.build/Expo.DependencyMetadataFileList --static-metadata-file-list /Users/runner/work/Bangumi/Bangumi/ios/build/Build/Intermediates.noindex/Pods.build/Release-iphoneos/Expo.build/Expo.DependencyStaticMetadataFileList --swift-const-vals-list /Users/runner/work/Bangumi/Bangumi/ios/build/Build/Intermediates.noindex/Pods.build/Release-iphoneos/Expo.build/Objects-normal/arm64/Expo.SwiftConstValuesFileList --force --compile-time-extraction --deployment-aware-processing --validate-assistant-intents --no-app-shortcuts-localization
2026-09-18 13:13:56.812 appintentsmetadataprocessor[26040:70832] Starting appintentsmetadataprocessor export
2026-09-18 13:13:56.845 appintentsmetadataprocessor[26040:70832] Extracted no relevant App Intents symbols, skipping writing output

SwiftDriver EXUpdates normal arm64 com.apple.xcode.tools.swift.compiler (in target 'EXUpdates' from project 'Pods')
    cd /Users/runner/work/Bangumi/Bangumi/ios/Pods
    builtin-SwiftDriver -- /Applications/Xcode_26.6.app/Contents/Developer/Toolchains/XcodeDefault.xctoolchain/usr/bin/swiftc -module-name EXUpdates -O -whole-module-optimization @/Users/runner/work/Bangumi/Bangumi/ios/build/Build/Intermediates.noindex/Pods.build/Release-iphoneos/EXUpdates.build/Objects-normal/arm64/EXUpdates.SwiftFileList -D COCOAPODS -Xcc -fmodule-map-file\=/Users/runner/work/Bangumi/Bangumi/ios/build/Build/Products/Release-iphoneos/EASClient/EASClient.modulemap -Xcc -fmodule-map-file\=/Users/runner/work/Bangumi/Bangumi/ios/build/Build/Products/Release-iphoneos/EXManifests/EXManifests.modulemap -Xcc -fmodule-map-file\=/Users/runner/work/Bangumi/Bangumi/ios/build/Build/Products/Release-iphoneos/EXUpdatesInterface/EXUpdatesInterface.modulemap -Xcc -fmodule-map-file\=/Users/runner/work/Bangumi/Bangumi/ios/build/Build/Products/Release-iphoneos/ReachabilitySwift/Reachability.modulemap -Xcc -fmodule-map-file\=/Users/runner/work/Bangumi/Bangumi/ios/Pods/Headers/Public/EXStructuredHeaders/EXStructuredHeaders.modulemap -Xcc -fmodule-map-file\=/Users/runner/work/Bangumi/Bangumi/ios/Pods/Headers/Public/ReactCodegen/ReactCodegen.modulemap -import-underlying-module -Xcc -fmodule-map-file\=/Users/runner/work/Bangumi/Bangumi/ios/Pods/Headers/Public/EXUpdates/EXUpdates.modulemap -Xfrontend -load-plugin-executable -Xfrontend /Users/runner/work/Bangumi/Bangumi/node_modules/@expo/expo-modules-macros-plugin/apple/ExpoModulesMacros-tool\#ExpoModulesMacros -enable-bare-slash-regex -enable-experimental-feature DebugDescriptionMacro -sdk /Applications/Xcode_26.6.app/Contents/Developer/Platforms/iPhoneOS.platform/Developer/SDKs/iPhoneOS26.5.sdk -target arm64-apple-ios16.4 -g -module-cache-path /Users/runner/work/Bangumi/Bangumi/ios/build/ModuleCache.noindex -Xfrontend -serialize-debugging-options -suppress-warnings -swift-version 5 -I /Users/runner/work/Bangumi/Bangumi/ios/build/Build/Products/Release-iphoneos/EXUpdates -I /Users/runner/work/Bangumi/Bangumi/ios/build/Build/Products/Release-iphoneos/EASClient -I /Users/runner/work/Bangumi/Bangumi/ios/build/Build/Products/Release-iphoneos/EXManifests -I /Users/runner/work/Bangumi/Bangumi/ios/build/Build/Products/Release-iphoneos/EXUpdatesInterface -I /Users/runner/work/Bangumi/Bangumi/ios/build/Build/Products/Release-iphoneos/ExpoModulesCore -I /Users/runner/work/Bangumi/Bangumi/ios/build/Build/Products/Release-iphoneos/ExpoModulesJSI -I /Users/runner/work/Bangumi/Bangumi/ios/build/Build/Products/Release-iphoneos/ReachabilitySwift -F /Users/runner/work/Bangumi/Bangumi/ios/build/Build/Products/Release-iphoneos/EXUpdates -F /Users/runner/work/Bangumi/Bangumi/node_modules/expo-modules-jsi/apple/Products -F /Users/runner/work/Bangumi/Bangumi/ios/Pods/ExpoModulesCore -F /Users/runner/work/Bangumi/Bangumi/ios/Pods/React-Core-prebuilt -F /Users/runner/work/Bangumi/Bangumi/ios/Pods/ReactNativeDependencies/framework/packages/react-native -F /Users/runner/work/Bangumi/Bangumi/ios/Pods/hermes-engine/destroot/Library/Frameworks/universal -F /Users/runner/work/Bangumi/Bangumi/ios/build/Build/Products/Release-iphoneos/XCFrameworkIntermediates/ExpoModulesCore -F /Users/runner/work/Bangumi/Bangumi/ios/build/Build/Products/Release-iphoneos/XCFrameworkIntermediates/ExpoModulesJSI -F /Users/runner/work/Bangumi/Bangumi/ios/build/Build/Products/Release-iphoneos/XCFrameworkIntermediates/React-Core-prebuilt -F /Users/runner/work/Bangumi/Bangumi/ios/build/Build/Products/Release-iphoneos/XCFrameworkIntermediates/ReactNativeDependencies -F /Users/runner/work/Bangumi/Bangumi/ios/build/Build/Products/Release-iphoneos/XCFrameworkIntermediates/hermes-engine/Pre-built -c -num-threads 3 -Xcc -ivfsstatcache -Xcc /Users/runner/work/Bangumi/Bangumi/ios/build/SDKStatCaches.noindex/iphoneos26.5-23F81a-688ef53f1462e2c8f657fdc38a81448fee66e23052a0157c865c76b268046726.sdkstatcache -output-file-map /Users/runner/work/Bangumi/Bangumi/ios/build/Build/Intermediates.noindex/Pods.build/Release-iphoneos/EXUpdates.build/Objects-normal/arm64/EXUpdates-OutputFileMap.json -use-frontend-parseable-output -save-temps -no-color-diagnostics -serialize-diagnostics -emit-dependencies -emit-module -emit-module-path /Users/runner/work/Bangumi/Bangumi/ios/build/Build/Intermediates.noindex/Pods.build/Release-iphoneos/EXUpdates.build/Objects-normal/arm64/EXUpdates.swiftmodule -validate-clang-modules-once -clang-build-session-file /Users/runner/work/Bangumi/Bangumi/ios/build/ModuleCache.noindex/Session.modulevalidation -Xcc -I/Users/runner/work/Bangumi/Bangumi/ios/build/Build/Intermediates.noindex/Pods.build/Release-iphoneos/EXUpdates.build/swift-overrides.hmap -emit-const-values -Xfrontend -const-gather-protocols-file -Xfrontend /Users/runner/work/Bangumi/Bangumi/ios/build/Build/Intermediates.noindex/Pods.build/Release-iphoneos/EXUpdates.build/Objects-normal/arm64/EXUpdates_const_extract_protocols.json -Xcc -iquote -Xcc /Users/runner/work/Bangumi/Bangumi/ios/build/Build/Intermediates.noindex/Pods.build/Release-iphoneos/EXUpdates.build/EXUpdates-generated-files.hmap -Xcc -I/Users/runner/work/Bangumi/Bangumi/ios/build/Build/Intermediates.noindex/Pods.build/Release-iphoneos/EXUpdates.build/EXUpdates-own-target-headers.hmap -Xcc -I/Users/runner/work/Bangumi/Bangumi/ios/build/Build/Intermediates.noindex/Pods.build/Release-iphoneos/EXUpdates.build/EXUpdates-all-non-framework-target-headers.hmap -Xcc -ivfsoverlay -Xcc /Users/runner/work/Bangumi/Bangumi/ios/build/Build/Intermediates.noindex/Pods.build/Release-iphoneos/Pods-8699adb1dd336b26511df848a716bd42-VFS-iphoneos/all-product-headers.yaml -Xcc -iquote -Xcc /Users/runner/work/Bangumi/Bangumi/ios/build/Build/Intermediates.noindex/Pods.build/Release-iphoneos/EXUpdates.build/EXUpdates-project-headers.hmap -Xcc -I/Users/runner/work/Bangumi/Bangumi/ios/build/Build/Products/Release-iphoneos/EXUpdates/include -Xcc -I/Users/runner/work/Bangumi/Bangumi/ios/Pods/Headers/Private -Xcc -I/Users/runner/work/Bangumi/Bangumi/ios/Pods/Headers/Private/EXUpdates -Xcc -I/Users/runner/work/Bangumi/Bangumi/ios/Pods/Headers/Public -Xcc -I/Users/runner/work/Bangumi/Bangumi/ios/Pods/Headers/Public/FBLazyVector -Xcc -I/Users/runner/work/Bangumi/Bangumi/ios/Pods/Headers/Public/RCTRequired -Xcc -I/Users/runner/work/Bangumi/Bangumi/ios/Pods/Headers/Public/RCTSwiftUIWrapper -Xcc -I/Users/runner/work/Bangumi/Bangumi/ios/Pods/Headers/Public/RCTTypeSafety -Xcc -I/Users/runner/work/Bangumi/Bangumi/ios/Pods/Headers/Public/React-Core -Xcc -I/Users/runner/work/Bangumi/Bangumi/ios/Pods/Headers/Public/React-Core-prebuilt -Xcc -I/Users/runner/work/Bangumi/Bangumi/ios/Pods/Headers/Public/React-CoreModules -Xcc -I/Users/runner/work/Bangumi/Bangumi/ios/Pods/Headers/Public/React-Fabric -Xcc -I/Users/runner/work/Bangumi/Bangumi/ios/Pods/Headers/Public/React-FabricComponents -Xcc -I/Users/runner/work/Bangumi/Bangumi/ios/Pods/Headers/Public/React-FabricImage -Xcc -I/Users/runner/work/Bangumi/Bangumi/ios/Pods/Headers/Public/React-ImageManager -Xcc -I/Users/runner/work/Bangumi/Bangumi/ios/Pods/Headers/Public/React-Mapbuffer -Xcc -I/Users/runner/work/Bangumi/Bangumi/ios/Pods/Headers/Public/React-NativeModulesApple -Xcc -I/Users/runner/work/Bangumi/Bangumi/ios/Pods/Headers/Public/React-RCTAnimation -Xcc -I/Users/runner/work/Bangumi/Bangumi/ios/Pods/Headers/Public/React-RCTBlob -Xcc -I/Users/runner/work/Bangumi/Bangumi/ios/Pods/Headers/Public/React-RCTFBReactNativeSpec -Xcc -I/Users/runner/work/Bangumi/Bangumi/ios/Pods/Headers/Public/React-RCTFabric -Xcc -I/Users/runner/work/Bangumi/Bangumi/ios/Pods/Headers/Public/React-RCTImage -Xcc -I/Users/runner/work/Bangumi/Bangumi/ios/Pods/Headers/Public/React-RCTRuntime -Xcc -I/Users/runner/work/Bangumi/Bangumi/ios/Pods/Headers/Public/React-RCTText -Xcc -I/Users/runner/work/Bangumi/Bangumi/ios/Pods/Headers/Public/React-RuntimeApple -Xcc -I/Users/runner/work/Bangumi/Bangumi/ios/Pods/Headers/Public/React-RuntimeCore -Xcc -I/Users/runner/work/Bangumi/Bangumi/ios/Pods/Headers/Public/React-RuntimeHermes -Xcc -I/Users/runner/work/Bangumi/Bangumi/ios/Pods/Headers/Public/React-callinvoker -Xcc -I/Users/runner/work/Bangumi/Bangumi/ios/Pods/Headers/Public/React-cxxreact -Xcc -I/Users/runner/work/Bangumi/Bangumi/ios/Pods/Headers/Public/React-debug -Xcc -I/Users/runner/work/Bangumi/Bangumi/ios/Pods/Headers/Public/React-defaultsnativemodule -Xcc -I/Users/runner/work/Bangumi/Bangumi/ios/Pods/Headers/Public/React-domnativemodule -Xcc -I/Users/runner/work/Bangumi/Bangumi/ios/Pods/Headers/Public/React-featureflags -Xcc -I/Users/runner/work/Bangumi/Bangumi/ios/Pods/Headers/Public/React-featureflagsnativemodule -Xcc -I/Users/runner/work/Bangumi/Bangumi/ios/Pods/Headers/Public/React-graphics -Xcc -I/Users/runner/work/Bangumi/Bangumi/ios/Pods/Headers/Public/React-hermes -Xcc -I/Users/runner/work/Bangumi/Bangumi/ios/Pods/Headers/Public/React-idlecallbacksnativemodule -Xcc -I/Users/runner/work/Bangumi/Bangumi/ios/Pods/Headers/Public/React-intersectionobservernativemodule -Xcc -I/Users/runner/work/Bangumi/Bangumi/ios/Pods/Headers/Public/React-jserrorhandler -Xcc -I/Users/runner/work/Bangumi/Bangumi/ios/Pods/Headers/Public/React-jsi -Xcc -I/Users/runner/work/Bangumi/Bangumi/ios/Pods/Headers/Public/React-jsiexecutor -Xcc -I/Users/runner/work/Bangumi/Bangumi/ios/Pods/Headers/Public/React-jsinspector -Xcc -I/Users/runner/work/Bangumi/Bangumi/ios/Pods/Headers/Public/React-jsinspectorcdp -Xcc -I/Users/runner/work/Bangumi/Bangumi/ios/Pods/Headers/Public/React-jsinspectornetwork -Xcc -I/Users/runner/work/Bangumi/Bangumi/ios/Pods/Headers/Public/React-jsinspectortracing -Xcc -I/Users/runner/work/Bangumi/Bangumi/ios/Pods/Headers/Public/React-jsitooling -Xcc -I/Users/runner/work/Bangumi/Bangumi/ios/Pods/Headers/Public/React-logger -Xcc -I/Users/runner/work/Bangumi/Bangumi/ios/Pods/Headers/Public/React-microtasksnativemodule -Xcc -I/Users/runner/work/Bangumi/Bangumi/ios/Pods/Headers/Public/React-mutationobservernativemodule -Xcc -I/Users/runner/work/Bangumi/Bangumi/ios/Pods/Headers/Public/React-networking -Xcc -I/Users/runner/work/Bangumi/Bangumi/ios/Pods/Headers/Public/React-oscompat -Xcc -I/Users/runner/work/Bangumi/Bangumi/ios/Pods/Headers/Public/React-perflogger -Xcc -I/Users/runner/work/Bangumi/Bangumi/ios/Pods/Headers/Public/React-performancecdpmetrics -Xcc -I/Users/runner/work/Bangumi/Bangumi/ios/Pods/Headers/Public/React-performancetimeline -Xcc -I/Users/runner/work/Bangumi/Bangumi/ios/Pods/Headers/Public/React-rendererconsistency -Xcc -I/Users/runner/work/Bangumi/Bangumi/ios/Pods/Headers/Public/React-renderercss -Xcc -I/Users/runner/work/Bangumi/Bangumi/ios/Pods/Headers/Public/React-rendererdebug -Xcc -I/Users/runner/work/Bangumi/Bangumi/ios/Pods/Headers/Public/React-runtimeexecutor -Xcc -I/Users/runner/work/Bangumi/Bangumi/ios/Pods/Headers/Public/React-runtimescheduler -Xcc -I/Users/runner/work/Bangumi/Bangumi/ios/Pods/Headers/Public/React-timing -Xcc -I/Users/runner/work/Bangumi/Bangumi/ios/Pods/Headers/Public/React-utils -Xcc -I/Users/runner/work/Bangumi/Bangumi/ios/Pods/Headers/Public/React-viewtransitionnativemodule -Xcc -I/Users/runner/work/Bangumi/Bangumi/ios/Pods/Headers/Public/React-webperformancenativemodule -Xcc -I/Users/runner/work/Bangumi/Bangumi/ios/Pods/Headers/Public/ReactCodegen -Xcc -I/Users/runner/work/Bangumi/Bangumi/ios/Pods/Headers/Public/ReactCommon -Xcc -I/Users/runner/work/Bangumi/Bangumi/ios/Pods/Headers/Public/ReactNativeDependencies -Xcc -I/Users/runner/work/Bangumi/Bangumi/ios/Pods/Headers/Public/Yoga -Xcc -I/Users/runner/work/Bangumi/Bangumi/ios/Pods/Headers/Public/hermes-engine -Xcc -I/Users/runner/work/Bangumi/Bangumi/node_modules/expo-updates/ios/EXUpdates/BSPatch -Xcc -I/Users/runner/work/Bangumi/Bangumi/ios/Pods/ExpoModulesCore/ExpoModulesCore.xcframework/ios-arm64_x86_64-simulator/ExpoModulesCore.framework/Headers -Xcc -I/Users/runner/work/Bangumi/Bangumi/ios/Pods/ExpoModulesCore/ExpoModulesCore.xcframework/ios-arm64/ExpoModulesCore.framework/Headers -Xcc -I/Users/runner/work/Bangumi/Bangumi/ios/Pods/ExpoModulesCore/ExpoModulesCore.xcframework/ios-arm64_x86_64-simulator/ExpoModulesCore.framework/Headers -Xcc -I/Users/runner/work/Bangumi/Bangumi/ios/Pods/ExpoModulesCore/ExpoModulesCore.xcframework/ios-arm64/ExpoModulesCore.framework/Headers -Xcc -I/Users/runner/work/Bangumi/Bangumi/ios/build/Build/Intermediates.noindex/Pods.build/Release-iphoneos/EXUpdates.build/DerivedSources-normal/arm64 -Xcc -I/Users/runner/work/Bangumi/Bangumi/ios/build/Build/Intermediates.noindex/Pods.build/Release-iphoneos/EXUpdates.build/DerivedSources/arm64 -Xcc -I/Users/runner/work/Bangumi/Bangumi/ios/build/Build/Intermediates.noindex/Pods.build/Release-iphoneos/EXUpdates.build/DerivedSources -Xcc -DPOD_CONFIGURATION_RELEASE\=1 -Xcc -DCOCOAPODS\=1 -emit-objc-header -emit-objc-header-path /Users/runner/work/Bangumi/Bangumi/ios/build/Build/Intermediates.noindex/Pods.build/Release-iphoneos/EXUpdates.build/Objects-normal/arm64/EXUpdates-Swift.h -working-directory /Users/runner/work/Bangumi/Bangumi/ios/Pods -no-emit-module-separately-wmo

SwiftCompile normal arm64 Compiling\ AppController.swift,\ AppLauncher.swift,\ AppLauncherNoDatabase.swift,\ AppLauncherWithDatabase.swift,\ AppLoader.swift,\ AppLoaderTask.swift,\ ASN1Decoder.swift,\ ASN1DistinguishedNames.swift,\ ASN1Encoder.swift,\ ASN1Identifier.swift,\ ASN1Object.swift,\ BSPatch.swift,\ CertificateChain.swift,\ CheckForUpdateProcedure.swift,\ CodeSigningAlgorithm.swift,\ CodeSigningConfiguration.swift,\ CodeSigningError.swift,\ Crypto.swift,\ DevLauncherAppController.swift,\ DisabledAppController.swift,\ EmbeddedAppLoader.swift,\ EmbeddedUpdate.swift,\ EnabledAppController.swift,\ ErrorRecovery.swift,\ Exceptions.swift,\ ExpoUpdatesReactDelegateHandler.swift,\ ExpoUpdatesUpdate.swift,\ FetchUpdateProcedure.swift,\ FileDownloader.swift,\ LauncherSelectionPolicy.swift,\ LauncherSelectionPolicyDevelopmentClient.swift,\ LauncherSelectionPolicyFilterAware.swift,\ LauncherSelectionPolicySingleUpdate.swift,\ LoaderSelectionPolicy.swift,\ LoaderSelectionPolicyDevelopmentClient.swift,\ LoaderSelectionPolicyFilterAware.swift,\ NoOpUpdatesEventManager.swift,\ OID.swift,\ PKCS7.swift,\ PKCS7_AppleReceipt.swift,\ PKCS7_Signature.swift,\ QueueUpdatesEventManager.swift,\ ReaperSelectionPolicy.swift,\ ReaperSelectionPolicyDevelopmentClient.swift,\ ReaperSelectionPolicyFilterAware.swift,\ RecreateReactContextProcedure.swift,\ RelaunchProcedure.swift,\ Reloadable.swift,\ ReloadExceptions.swift,\ ReloadScreenConfiguration.swift,\ ReloadScreenManager.swift,\ ReloadScreenManagerMacOS.swift,\ ReloadScreenView.swift,\ ReloadScreenViewMacOS.swift,\ RemoteAppLoader.swift,\ ResponseHeaderData.swift,\ SelectionPolicies.swift,\ SelectionPolicy.swift,\ SelectionPolicyFactory.swift,\ SignatureHeaderInfo.swift,\ StartupProcedure.swift,\ StateMachineProcedure.swift,\ StateMachineSerialExecutorQueue.swift,\ StringDictionary.swift,\ StringItem.swift,\ StringList.swift,\ Update.swift,\ UpdateAsset.swift,\ UpdateResponse.swift,\ UpdatesBuildData.swift,\ UpdatesConfig.swift,\ UpdatesConfigOverride.swift,\ UpdatesDatabase.swift,\ UpdatesDatabaseInitialization.swift,\ UpdatesDatabaseIntegrityCheck.swift,\ UpdatesDatabaseMigration.swift,\ UpdatesDatabaseMigration10To11.swift,\ UpdatesDatabaseMigration4To5.swift,\ UpdatesDatabaseMigration5To6.swift,\ UpdatesDatabaseMigration6To7.swift,\ UpdatesDatabaseMigration7To8.swift,\ UpdatesDatabaseMigration8To9.swift,\ UpdatesDatabaseMigration9To10.swift,\ UpdatesDatabaseMigrationRegistry.swift,\ UpdatesDatabaseUtils.swift,\ UpdatesError.swift,\ UpdatesErrorCode.swift,\ UpdatesEventManager.swift,\ UpdatesJsEvents.swift,\ UpdatesLogEntry.swift,\ UpdatesLogger.swift,\ UpdatesLogReader.swift,\ UpdatesModule.swift,\ UpdatesMultipartStreamReader.swift,\ UpdatesParameterParser.swift,\ UpdatesReaper.swift,\ UpdatesStateMachine.swift,\ UpdatesUtils.swift,\ X509Certificate.swift,\ X509Extension.swift,\ X509ExtensionAltName.swift,\ X509ExtensionClasses.swift,\ X509PublicKey.swift /Users/runner/work/Bangumi/Bangumi/node_modules/expo-updates/ios/EXUpdates/AppController.swift /Users/runner/work/Bangumi/Bangumi/node_modules/expo-updates/ios/EXUpdates/AppLauncher/AppLauncher.swift /Users/runner/work/Bangumi/Bangumi/node_modules/expo-updates/ios/EXUpdates/AppLauncher/AppLauncherNoDatabase.swift /Users/runner/work/Bangumi/Bangumi/node_modules/expo-updates/ios/EXUpdates/AppLauncher/AppLauncherWithDatabase.swift /Users/runner/work/Bangumi/Bangumi/node_modules/expo-updates/ios/EXUpdates/AppLoader/AppLoader.swift /Users/runner/work/Bangumi/Bangumi/node_modules/expo-updates/ios/EXUpdates/AppLoader/AppLoaderTask.swift /Users/runner/work/Bangumi/Bangumi/node_modules/expo-updates/ios/EXUpdates/ASN1Decoder/ASN1Decoder.swift /Users/runner/work/Bangumi/Bangumi/node_modules/expo-updates/ios/EXUpdates/ASN1Decoder/ASN1DistinguishedNames.swift /Users/runner/work/Bangumi/Bangumi/node_modules/expo-updates/ios/EXUpdates/ASN1Decoder/ASN1Encoder.swift /Users/runner/work/Bangumi/Bangumi/node_modules/expo-updates/ios/EXUpdates/ASN1Decoder/ASN1Identifier.swift /Users/runner/work/Bangumi/Bangumi/node_modules/expo-updates/ios/EXUpdates/ASN1Decoder/ASN1Object.swift /Users/runner/work/Bangumi/Bangumi/node_modules/expo-updates/ios/EXUpdates/BSPatch.swift /Users/runner/work/Bangumi/Bangumi/node_modules/expo-updates/ios/EXUpdates/CodeSigning/CertificateChain.swift /Users/runner/work/Bangumi/Bangumi/node_modules/expo-updates/ios/EXUpdates/Procedures/CheckForUpdateProcedure.swift /Users/runner/work/Bangumi/Bangumi/node_modules/expo-updates/ios/EXUpdates/CodeSigning/CodeSigningAlgorithm.swift /Users/runner/work/Bangumi/Bangumi/node_modules/expo-updates/ios/EXUpdates/CodeSigning/CodeSigningConfiguration.swift /Users/runner/work/Bangumi/Bangumi/node_modules/expo-updates/ios/EXUpdates/CodeSigning/CodeSigningError.swift /Users/runner/work/Bangumi/Bangumi/node_modules/expo-updates/ios/EXUpdates/AppLoader/Crypto.swift /Users/runner/work/Bangumi/Bangumi/node_modules/expo-updates/ios/EXUpdates/DevLauncherAppController.swift /Users/runner/work/Bangumi/Bangumi/node_modules/expo-updates/ios/EXUpdates/DisabledAppController.swift /Users/runner/work/Bangumi/Bangumi/node_modules/expo-updates/ios/EXUpdates/AppLoader/EmbeddedAppLoader.swift /Users/runner/work/Bangumi/Bangumi/node_modules/expo-updates/ios/EXUpdates/Update/EmbeddedUpdate.swift /Users/runner/work/Bangumi/Bangumi/node_modules/expo-updates/ios/EXUpdates/EnabledAppController.swift /Users/runner/work/Bangumi/Bangumi/node_modules/expo-updates/ios/EXUpdates/ErrorRecovery.swift /Users/runner/work/Bangumi/Bangumi/node_modules/expo-updates/ios/EXUpdates/Exceptions.swift /Users/runner/work/Bangumi/Bangumi/node_modules/expo-updates/ios/EXUpdates/ReactDelegateHandler/ExpoUpdatesReactDelegateHandler.swift /Users/runner/work/Bangumi/Bangumi/node_modules/expo-updates/ios/EXUpdates/Update/ExpoUpdatesUpdate.swift /Users/runner/work/Bangumi/Bangumi/node_modules/expo-updates/ios/EXUpdates/Procedures/FetchUpdateProcedure.swift /Users/runner/work/Bangumi/Bangumi/node_modules/expo-updates/ios/EXUpdates/AppLoader/FileDownloader.swift /Users/runner/work/Bangumi/Bangumi/node_modules/expo-updates/ios/EXUpdates/SelectionPolicy/LauncherSelectionPolicy.swift /Users/runner/work/Bangumi/Bangumi/node_modules/expo-updates/ios/EXUpdates/SelectionPolicy/LauncherSelectionPolicyDevelopmentClient.swift /Users/runner/work/Bangumi/Bangumi/node_modules/expo-updates/ios/EXUpdates/SelectionPolicy/LauncherSelectionPolicyFilterAware.swift /Users/runner/work/Bangumi/Bangumi/node_modules/expo-updates/ios/EXUpdates/SelectionPolicy/LauncherSelectionPolicySingleUpdate.swift /Users/runner/work/Bangumi/Bangumi/node_modules/expo-updates/ios/EXUpdates/SelectionPolicy/LoaderSelectionPolicy.swift /Users/runner/work/Bangumi/Bangumi/node_modules/expo-updates/ios/EXUpdates/SelectionPolicy/LoaderSelectionPolicyDevelopmentClient.swift /Users/runner/work/Bangumi/Bangumi/node_modules/expo-updates/ios/EXUpdates/SelectionPolicy/LoaderSelectionPolicyFilterAware.swift /Users/runner/work/Bangumi/Bangumi/node_modules/expo-updates/ios/EXUpdates/Events/NoOpUpdatesEventManager.swift /Users/runner/work/Bangumi/Bangumi/node_modules/expo-updates/ios/EXUpdates/ASN1Decoder/OID.swift /Users/runner/work/Bangumi/Bangumi/node_modules/expo-updates/ios/EXUpdates/ASN1Decoder/PKCS7.swift /Users/runner/work/Bangumi/Bangumi/node_modules/expo-updates/ios/EXUpdates/ASN1Decoder/PKCS7_AppleReceipt.swift /Users/runner/work/Bangumi/Bangumi/node_modules/expo-updates/ios/EXUpdates/ASN1Decoder/PKCS7_Signature.swift /Users/runner/work/Bangumi/Bangumi/node_modules/expo-updates/ios/EXUpdates/Events/QueueUpdatesEventManager.swift /Users/runner/work/Bangumi/Bangumi/node_modules/expo-updates/ios/EXUpdates/SelectionPolicy/ReaperSelectionPolicy.swift /Users/runner/work/Bangumi/Bangumi/node_modules/expo-updates/ios/EXUpdates/SelectionPolicy/ReaperSelectionPolicyDevelopmentClient.swift /Users/runner/work/Bangumi/Bangumi/node_modules/expo-updates/ios/EXUpdates/SelectionPolicy/ReaperSelectionPolicyFilterAware.swift /Users/runner/work/Bangumi/Bangumi/node_modules/expo-updates/ios/EXUpdates/Procedures/RecreateReactContextProcedure.swift /Users/runner/work/Bangumi/Bangumi/node_modules/expo-updates/ios/EXUpdates/Procedures/RelaunchProcedure.swift /Users/runner/work/Bangumi/Bangumi/node_modules/expo-updates/ios/EXUpdates/ReloadScreen/Reloadable.swift /Users/runner/work/Bangumi/Bangumi/node_modules/expo-updates/ios/EXUpdates/ReloadScreen/ReloadExceptions.swift /Users/runner/work/Bangumi/Bangumi/node_modules/expo-updates/ios/EXUpdates/ReloadScreen/ReloadScreenConfiguration.swift /Users/runner/work/Bangumi/Bangumi/node_modules/expo-updates/ios/EXUpdates/ReloadScreen/ReloadScreenManager.swift /Users/runner/work/Bangumi/Bangumi/node_modules/expo-updates/ios/EXUpdates/ReloadScreen/ReloadScreenManagerMacOS.swift /Users/runner/work/Bangumi/Bangumi/node_modules/expo-updates/ios/EXUpdates/ReloadScreen/ReloadScreenView.swift /Users/runner/work/Bangumi/Bangumi/node_modules/expo-updates/ios/EXUpdates/ReloadScreen/ReloadScreenViewMacOS.swift /Users/runner/work/Bangumi/Bangumi/node_modules/expo-updates/ios/EXUpdates/AppLoader/RemoteAppLoader.swift /Users/runner/work/Bangumi/Bangumi/node_modules/expo-updates/ios/EXUpdates/AppLoader/ResponseHeaderData.swift /Users/runner/work/Bangumi/Bangumi/node_modules/expo-updates/ios/EXUpdates/SelectionPolicy/SelectionPolicies.swift /Users/runner/work/Bangumi/Bangumi/node_modules/expo-updates/ios/EXUpdates/SelectionPolicy/SelectionPolicy.swift /Users/runner/work/Bangumi/Bangumi/node_modules/expo-updates/ios/EXUpdates/SelectionPolicy/SelectionPolicyFactory.swift /Users/runner/work/Bangumi/Bangumi/node_modules/expo-updates/ios/EXUpdates/CodeSigning/SignatureHeaderInfo.swift /Users/runner/work/Bangumi/Bangumi/node_modules/expo-updates/ios/EXUpdates/Procedures/StartupProcedure.swift /Users/runner/work/Bangumi/Bangumi/node_modules/expo-updates/ios/EXUpdates/Procedures/StateMachineProcedure.swift /Users/runner/work/Bangumi/Bangumi/node_modules/expo-updates/ios/EXUpdates/Procedures/StateMachineSerialExecutorQueue.swift /Users/runner/work/Bangumi/Bangumi/node_modules/expo-updates/ios/EXUpdates/AppLoader/StructuredHeaders/StringDictionary.swift /Users/runner/work/Bangumi/Bangumi/node_modules/expo-updates/ios/EXUpdates/AppLoader/StructuredHeaders/StringItem.swift /Users/runner/work/Bangumi/Bangumi/node_modules/expo-updates/ios/EXUpdates/AppLoader/StructuredHeaders/StringList.swift /Users/runner/work/Bangumi/Bangumi/node_modules/expo-updates/ios/EXUpdates/Update/Update.swift /Users/runner/work/Bangumi/Bangumi/node_modules/expo-updates/ios/EXUpdates/AppLoader/UpdateAsset.swift /Users/runner/work/Bangumi/Bangumi/node_modules/expo-updates/ios/EXUpdates/AppLoader/UpdateResponse.swift /Users/runner/work/Bangumi/Bangumi/node_modules/expo-updates/ios/EXUpdates/Database/UpdatesBuildData.swift /Users/runner/work/Bangumi/Bangumi/node_modules/expo-updates/ios/EXUpdates/UpdatesConfig.swift /Users/runner/work/Bangumi/Bangumi/node_modules/expo-updates/ios/EXUpdates/UpdatesConfigOverride.swift /Users/runner/work/Bangumi/Bangumi/node_modules/expo-updates/ios/EXUpdates/Database/UpdatesDatabase.swift /Users/runner/work/Bangumi/Bangumi/node_modules/expo-updates/ios/EXUpdates/Database/UpdatesDatabaseInitialization.swift /Users/runner/work/Bangumi/Bangumi/node_modules/expo-updates/ios/EXUpdates/Database/UpdatesDatabaseIntegrityCheck.swift /Users/runner/work/Bangumi/Bangumi/node_modules/expo-updates/ios/EXUpdates/Database/Migrations/UpdatesDatabaseMigration.swift /Users/runner/work/Bangumi/Bangumi/node_modules/expo-updates/ios/EXUpdates/Database/Migrations/UpdatesDatabaseMigration10To11.swift /Users/runner/work/Bangumi/Bangumi/node_modules/expo-updates/ios/EXUpdates/Database/Migrations/UpdatesDatabaseMigration4To5.swift /Users/runner/work/Bangumi/Bangumi/node_modules/expo-updates/ios/EXUpdates/Database/Migrations/UpdatesDatabaseMigration5To6.swift /Users/runner/work/Bangumi/Bangumi/node_modules/expo-updates/ios/EXUpdates/Database/Migrations/UpdatesDatabaseMigration6To7.swift /Users/runner/work/Bangumi/Bangumi/node_modules/expo-updates/ios/EXUpdates/Database/Migrations/UpdatesDatabaseMigration7To8.swift /Users/runner/work/Bangumi/Bangumi/node_modules/expo-updates/ios/EXUpdates/Database/Migrations/UpdatesDatabaseMigration8To9.swift /Users/runner/work/Bangumi/Bangumi/node_modules/expo-updates/ios/EXUpdates/Database/Migrations/UpdatesDatabaseMigration9To10.swift /Users/runner/work/Bangumi/Bangumi/node_modules/expo-updates/ios/EXUpdates/Database/Migrations/UpdatesDatabaseMigrationRegistry.swift /Users/runner/work/Bangumi/Bangumi/node_modules/expo-updates/ios/EXUpdates/Database/UpdatesDatabaseUtils.swift /Users/runner/work/Bangumi/Bangumi/node_modules/expo-updates/ios/EXUpdates/UpdatesError.swift /Users/runner/work/Bangumi/Bangumi/node_modules/expo-updates/ios/EXUpdates/Logging/UpdatesErrorCode.swift /Users/runner/work/Bangumi/Bangumi/node_modules/expo-updates/ios/EXUpdates/Events/UpdatesEventManager.swift /Users/runner/work/Bangumi/Bangumi/node_modules/expo-updates/ios/EXUpdates/UpdatesJsEvents.swift /Users/runner/work/Bangumi/Bangumi/node_modules/expo-updates/ios/EXUpdates/Logging/UpdatesLogEntry.swift /Users/runner/work/Bangumi/Bangumi/node_modules/expo-updates/ios/EXUpdates/Logging/UpdatesLogger.swift /Users/runner/work/Bangumi/Bangumi/node_modules/expo-updates/ios/EXUpdates/Logging/UpdatesLogReader.swift /Users/runner/work/Bangumi/Bangumi/node_modules/expo-updates/ios/EXUpdates/UpdatesModule.swift /Users/runner/work/Bangumi/Bangumi/node_modules/expo-updates/ios/EXUpdates/Multipart/UpdatesMultipartStreamReader.swift /Users/runner/work/Bangumi/Bangumi/node_modules/expo-updates/ios/EXUpdates/Multipart/UpdatesParameterParser.swift /Users/runner/work/Bangumi/Bangumi/node_modules/expo-updates/ios/EXUpdates/Database/UpdatesReaper.swift /Users/runner/work/Bangumi/Bangumi/node_modules/expo-updates/ios/EXUpdates/UpdatesStateMachine.swift /Users/runner/work/Bangumi/Bangumi/node_modules/expo-updates/ios/EXUpdates/UpdatesUtils.swift /Users/runner/work/Bangumi/Bangumi/node_modules/expo-updates/ios/EXUpdates/ASN1Decoder/X509Certificate.swift /Users/runner/work/Bangumi/Bangumi/node_modules/expo-updates/ios/EXUpdates/ASN1Decoder/X509Extension.swift /Users/runner/work/Bangumi/Bangumi/node_modules/expo-updates/ios/EXUpdates/ASN1Decoder/X509ExtensionAltName.swift /Users/runner/work/Bangumi/Bangumi/node_modules/expo-updates/ios/EXUpdates/ASN1Decoder/X509ExtensionClasses.swift /Users/runner/work/Bangumi/Bangumi/node_modules/expo-updates/ios/EXUpdates/ASN1Decoder/X509PublicKey.swift (in target 'EXUpdates' from project 'Pods')

CompileSwift normal arm64 (in target 'EXUpdates' from project 'Pods')
    cd /Users/runner/work/Bangumi/Bangumi/ios/Pods
    

SwiftDriver\ Compilation EXUpdates normal arm64 com.apple.xcode.tools.swift.compiler (in target 'EXUpdates' from project 'Pods')
    cd /Users/runner/work/Bangumi/Bangumi/ios/Pods
    builtin-Swift-Compilation -- /Applications/Xcode_26.6.app/Contents/Developer/Toolchains/XcodeDefault.xctoolchain/usr/bin/swiftc -module-name EXUpdates -O -whole-module-optimization @/Users/runner/work/Bangumi/Bangumi/ios/build/Build/Intermediates.noindex/Pods.build/Release-iphoneos/EXUpdates.build/Objects-normal/arm64/EXUpdates.SwiftFileList -D COCOAPODS -Xcc -fmodule-map-file\=/Users/runner/work/Bangumi/Bangumi/ios/build/Build/Products/Release-iphoneos/EASClient/EASClient.modulemap -Xcc -fmodule-map-file\=/Users/runner/work/Bangumi/Bangumi/ios/build/Build/Products/Release-iphoneos/EXManifests/EXManifests.modulemap -Xcc -fmodule-map-file\=/Users/runner/work/Bangumi/Bangumi/ios/build/Build/Products/Release-iphoneos/EXUpdatesInterface/EXUpdatesInterface.modulemap -Xcc -fmodule-map-file\=/Users/runner/work/Bangumi/Bangumi/ios/build/Build/Products/Release-iphoneos/ReachabilitySwift/Reachability.modulemap -Xcc -fmodule-map-file\=/Users/runner/work/Bangumi/Bangumi/ios/Pods/Headers/Public/EXStructuredHeaders/EXStructuredHeaders.modulemap -Xcc -fmodule-map-file\=/Users/runner/work/Bangumi/Bangumi/ios/Pods/Headers/Public/ReactCodegen/ReactCodegen.modulemap -import-underlying-module -Xcc -fmodule-map-file\=/Users/runner/work/Bangumi/Bangumi/ios/Pods/Headers/Public/EXUpdates/EXUpdates.modulemap -Xfrontend -load-plugin-executable -Xfrontend /Users/runner/work/Bangumi/Bangumi/node_modules/@expo/expo-modules-macros-plugin/apple/ExpoModulesMacros-tool\#ExpoModulesMacros -enable-bare-slash-regex -enable-experimental-feature DebugDescriptionMacro -sdk /Applications/Xcode_26.6.app/Contents/Developer/Platforms/iPhoneOS.platform/Developer/SDKs/iPhoneOS26.5.sdk -target arm64-apple-ios16.4 -g -module-cache-path /Users/runner/work/Bangumi/Bangumi/ios/build/ModuleCache.noindex -Xfrontend -serialize-debugging-options -suppress-warnings -swift-version 5 -I /Users/runner/work/Bangumi/Bangumi/ios/build/Build/Products/Release-iphoneos/EXUpdates -I /Users/runner/work/Bangumi/Bangumi/ios/build/Build/Products/Release-iphoneos/EASClient -I /Users/runner/work/Bangumi/Bangumi/ios/build/Build/Products/Release-iphoneos/EXManifests -I /Users/runner/work/Bangumi/Bangumi/ios/build/Build/Products/Release-iphoneos/EXUpdatesInterface -I /Users/runner/work/Bangumi/Bangumi/ios/build/Build/Products/Release-iphoneos/ExpoModulesCore -I /Users/runner/work/Bangumi/Bangumi/ios/build/Build/Products/Release-iphoneos/ExpoModulesJSI -I /Users/runner/work/Bangumi/Bangumi/ios/build/Build/Products/Release-iphoneos/ReachabilitySwift -F /Users/runner/work/Bangumi/Bangumi/ios/build/Build/Products/Release-iphoneos/EXUpdates -F /Users/runner/work/Bangumi/Bangumi/node_modules/expo-modules-jsi/apple/Products -F /Users/runner/work/Bangumi/Bangumi/ios/Pods/ExpoModulesCore -F /Users/runner/work/Bangumi/Bangumi/ios/Pods/React-Core-prebuilt -F /Users/runner/work/Bangumi/Bangumi/ios/Pods/ReactNativeDependencies/framework/packages/react-native -F /Users/runner/work/Bangumi/Bangumi/ios/Pods/hermes-engine/destroot/Library/Frameworks/universal -F /Users/runner/work/Bangumi/Bangumi/ios/build/Build/Products/Release-iphoneos/XCFrameworkIntermediates/ExpoModulesCore -F /Users/runner/work/Bangumi/Bangumi/ios/build/Build/Products/Release-iphoneos/XCFrameworkIntermediates/ExpoModulesJSI -F /Users/runner/work/Bangumi/Bangumi/ios/build/Build/Products/Release-iphoneos/XCFrameworkIntermediates/React-Core-prebuilt -F /Users/runner/work/Bangumi/Bangumi/ios/build/Build/Products/Release-iphoneos/XCFrameworkIntermediates/ReactNativeDependencies -F /Users/runner/work/Bangumi/Bangumi/ios/build/Build/Products/Release-iphoneos/XCFrameworkIntermediates/hermes-engine/Pre-built -c -num-threads 3 -Xcc -ivfsstatcache -Xcc /Users/runner/work/Bangumi/Bangumi/ios/build/SDKStatCaches.noindex/iphoneos26.5-23F81a-688ef53f1462e2c8f657fdc38a81448fee66e23052a0157c865c76b268046726.sdkstatcache -output-file-map /Users/runner/work/Bangumi/Bangumi/ios/build/Build/Intermediates.noindex/Pods.build/Release-iphoneos/EXUpdates.build/Objects-normal/arm64/EXUpdates-OutputFileMap.json -use-frontend-parseable-output -save-temps -no-color-diagnostics -serialize-diagnostics -emit-dependencies -emit-module -emit-module-path /Users/runner/work/Bangumi/Bangumi/ios/build/Build/Intermediates.noindex/Pods.build/Release-iphoneos/EXUpdates.build/Objects-normal/arm64/EXUpdates.swiftmodule -validate-clang-modules-once -clang-build-session-file /Users/runner/work/Bangumi/Bangumi/ios/build/ModuleCache.noindex/Session.modulevalidation -Xcc -I/Users/runner/work/Bangumi/Bangumi/ios/build/Build/Intermediates.noindex/Pods.build/Release-iphoneos/EXUpdates.build/swift-overrides.hmap -emit-const-values -Xfrontend -const-gather-protocols-file -Xfrontend /Users/runner/work/Bangumi/Bangumi/ios/build/Build/Intermediates.noindex/Pods.build/Release-iphoneos/EXUpdates.build/Objects-normal/arm64/EXUpdates_const_extract_protocols.json -Xcc -iquote -Xcc /Users/runner/work/Bangumi/Bangumi/ios/build/Build/Intermediates.noindex/Pods.build/Release-iphoneos/EXUpdates.build/EXUpdates-generated-files.hmap -Xcc -I/Users/runner/work/Bangumi/Bangumi/ios/build/Build/Intermediates.noindex/Pods.build/Release-iphoneos/EXUpdates.build/EXUpdates-own-target-headers.hmap -Xcc -I/Users/runner/work/Bangumi/Bangumi/ios/build/Build/Intermediates.noindex/Pods.build/Release-iphoneos/EXUpdates.build/EXUpdates-all-non-framework-target-headers.hmap -Xcc -ivfsoverlay -Xcc /Users/runner/work/Bangumi/Bangumi/ios/build/Build/Intermediates.noindex/Pods.build/Release-iphoneos/Pods-8699adb1dd336b26511df848a716bd42-VFS-iphoneos/all-product-headers.yaml -Xcc -iquote -Xcc /Users/runner/work/Bangumi/Bangumi/ios/build/Build/Intermediates.noindex/Pods.build/Release-iphoneos/EXUpdates.build/EXUpdates-project-headers.hmap -Xcc -I/Users/runner/work/Bangumi/Bangumi/ios/build/Build/Products/Release-iphoneos/EXUpdates/include -Xcc -I/Users/runner/work/Bangumi/Bangumi/ios/Pods/Headers/Private -Xcc -I/Users/runner/work/Bangumi/Bangumi/ios/Pods/Headers/Private/EXUpdates -Xcc -I/Users/runner/work/Bangumi/Bangumi/ios/Pods/Headers/Public -Xcc -I/Users/runner/work/Bangumi/Bangumi/ios/Pods/Headers/Public/FBLazyVector -Xcc -I/Users/runner/work/Bangumi/Bangumi/ios/Pods/Headers/Public/RCTRequired -Xcc -I/Users/runner/work/Bangumi/Bangumi/ios/Pods/Headers/Public/RCTSwiftUIWrapper -Xcc -I/Users/runner/work/Bangumi/Bangumi/ios/Pods/Headers/Public/RCTTypeSafety -Xcc -I/Users/runner/work/Bangumi/Bangumi/ios/Pods/Headers/Public/React-Core -Xcc -I/Users/runner/work/Bangumi/Bangumi/ios/Pods/Headers/Public/React-Core-prebuilt -Xcc -I/Users/runner/work/Bangumi/Bangumi/ios/Pods/Headers/Public/React-CoreModules -Xcc -I/Users/runner/work/Bangumi/Bangumi/ios/Pods/Headers/Public/React-Fabric -Xcc -I/Users/runner/work/Bangumi/Bangumi/ios/Pods/Headers/Public/React-FabricComponents -Xcc -I/Users/runner/work/Bangumi/Bangumi/ios/Pods/Headers/Public/React-FabricImage -Xcc -I/Users/runner/work/Bangumi/Bangumi/ios/Pods/Headers/Public/React-ImageManager -Xcc -I/Users/runner/work/Bangumi/Bangumi/ios/Pods/Headers/Public/React-Mapbuffer -Xcc -I/Users/runner/work/Bangumi/Bangumi/ios/Pods/Headers/Public/React-NativeModulesApple -Xcc -I/Users/runner/work/Bangumi/Bangumi/ios/Pods/Headers/Public/React-RCTAnimation -Xcc -I/Users/runner/work/Bangumi/Bangumi/ios/Pods/Headers/Public/React-RCTBlob -Xcc -I/Users/runner/work/Bangumi/Bangumi/ios/Pods/Headers/Public/React-RCTFBReactNativeSpec -Xcc -I/Users/runner/work/Bangumi/Bangumi/ios/Pods/Headers/Public/React-RCTFabric -Xcc -I/Users/runner/work/Bangumi/Bangumi/ios/Pods/Headers/Public/React-RCTImage -Xcc -I/Users/runner/work/Bangumi/Bangumi/ios/Pods/Headers/Public/React-RCTRuntime -Xcc -I/Users/runner/work/Bangumi/Bangumi/ios/Pods/Headers/Public/React-RCTText -Xcc -I/Users/runner/work/Bangumi/Bangumi/ios/Pods/Headers/Public/React-RuntimeApple -Xcc -I/Users/runner/work/Bangumi/Bangumi/ios/Pods/Headers/Public/React-RuntimeCore -Xcc -I/Users/runner/work/Bangumi/Bangumi/ios/Pods/Headers/Public/React-RuntimeHermes -Xcc -I/Users/runner/work/Bangumi/Bangumi/ios/Pods/Headers/Public/React-callinvoker -Xcc -I/Users/runner/work/Bangumi/Bangumi/ios/Pods/Headers/Public/React-cxxreact -Xcc -I/Users/runner/work/Bangumi/Bangumi/ios/Pods/Headers/Public/React-debug -Xcc -I/Users/runner/work/Bangumi/Bangumi/ios/Pods/Headers/Public/React-defaultsnativemodule -Xcc -I/Users/runner/work/Bangumi/Bangumi/ios/Pods/Headers/Public/React-domnativemodule -Xcc -I/Users/runner/work/Bangumi/Bangumi/ios/Pods/Headers/Public/React-featureflags -Xcc -I/Users/runner/work/Bangumi/Bangumi/ios/Pods/Headers/Public/React-featureflagsnativemodule -Xcc -I/Users/runner/work/Bangumi/Bangumi/ios/Pods/Headers/Public/React-graphics -Xcc -I/Users/runner/work/Bangumi/Bangumi/ios/Pods/Headers/Public/React-hermes -Xcc -I/Users/runner/work/Bangumi/Bangumi/ios/Pods/Headers/Public/React-idlecallbacksnativemodule -Xcc -I/Users/runner/work/Bangumi/Bangumi/ios/Pods/Headers/Public/React-intersectionobservernativemodule -Xcc -I/Users/runner/work/Bangumi/Bangumi/ios/Pods/Headers/Public/React-jserrorhandler -Xcc -I/Users/runner/work/Bangumi/Bangumi/ios/Pods/Headers/Public/React-jsi -Xcc -I/Users/runner/work/Bangumi/Bangumi/ios/Pods/Headers/Public/React-jsiexecutor -Xcc -I/Users/runner/work/Bangumi/Bangumi/ios/Pods/Headers/Public/React-jsinspector -Xcc -I/Users/runner/work/Bangumi/Bangumi/ios/Pods/Headers/Public/React-jsinspectorcdp -Xcc -I/Users/runner/work/Bangumi/Bangumi/ios/Pods/Headers/Public/React-jsinspectornetwork -Xcc -I/Users/runner/work/Bangumi/Bangumi/ios/Pods/Headers/Public/React-jsinspectortracing -Xcc -I/Users/runner/work/Bangumi/Bangumi/ios/Pods/Headers/Public/React-jsitooling -Xcc -I/Users/runner/work/Bangumi/Bangumi/ios/Pods/Headers/Public/React-logger -Xcc -I/Users/runner/work/Bangumi/Bangumi/ios/Pods/Headers/Public/React-microtasksnativemodule -Xcc -I/Users/runner/work/Bangumi/Bangumi/ios/Pods/Headers/Public/React-mutationobservernativemodule -Xcc -I/Users/runner/work/Bangumi/Bangumi/ios/Pods/Headers/Public/React-networking -Xcc -I/Users/runner/work/Bangumi/Bangumi/ios/Pods/Headers/Public/React-oscompat -Xcc -I/Users/runner/work/Bangumi/Bangumi/ios/Pods/Headers/Public/React-perflogger -Xcc -I/Users/runner/work/Bangumi/Bangumi/ios/Pods/Headers/Public/React-performancecdpmetrics -Xcc -I/Users/runner/work/Bangumi/Bangumi/ios/Pods/Headers/Public/React-performancetimeline -Xcc -I/Users/runner/work/Bangumi/Bangumi/ios/Pods/Headers/Public/React-rendererconsistency -Xcc -I/Users/runner/work/Bangumi/Bangumi/ios/Pods/Headers/Public/React-renderercss -Xcc -I/Users/runner/work/Bangumi/Bangumi/ios/Pods/Headers/Public/React-rendererdebug -Xcc -I/Users/runner/work/Bangumi/Bangumi/ios/Pods/Headers/Public/React-runtimeexecutor -Xcc -I/Users/runner/work/Bangumi/Bangumi/ios/Pods/Headers/Public/React-runtimescheduler -Xcc -I/Users/runner/work/Bangumi/Bangumi/ios/Pods/Headers/Public/React-timing -Xcc -I/Users/runner/work/Bangumi/Bangumi/ios/Pods/Headers/Public/React-utils -Xcc -I/Users/runner/work/Bangumi/Bangumi/ios/Pods/Headers/Public/React-viewtransitionnativemodule -Xcc -I/Users/runner/work/Bangumi/Bangumi/ios/Pods/Headers/Public/React-webperformancenativemodule -Xcc -I/Users/runner/work/Bangumi/Bangumi/ios/Pods/Headers/Public/ReactCodegen -Xcc -I/Users/runner/work/Bangumi/Bangumi/ios/Pods/Headers/Public/ReactCommon -Xcc -I/Users/runner/work/Bangumi/Bangumi/ios/Pods/Headers/Public/ReactNativeDependencies -Xcc -I/Users/runner/work/Bangumi/Bangumi/ios/Pods/Headers/Public/Yoga -Xcc -I/Users/runner/work/Bangumi/Bangumi/ios/Pods/Headers/Public/hermes-engine -Xcc -I/Users/runner/work/Bangumi/Bangumi/node_modules/expo-updates/ios/EXUpdates/BSPatch -Xcc -I/Users/runner/work/Bangumi/Bangumi/ios/Pods/ExpoModulesCore/ExpoModulesCore.xcframework/ios-arm64_x86_64-simulator/ExpoModulesCore.framework/Headers -Xcc -I/Users/runner/work/Bangumi/Bangumi/ios/Pods/ExpoModulesCore/ExpoModulesCore.xcframework/ios-arm64/ExpoModulesCore.framework/Headers -Xcc -I/Users/runner/work/Bangumi/Bangumi/ios/Pods/ExpoModulesCore/ExpoModulesCore.xcframework/ios-arm64_x86_64-simulator/ExpoModulesCore.framework/Headers -Xcc -I/Users/runner/work/Bangumi/Bangumi/ios/Pods/ExpoModulesCore/ExpoModulesCore.xcframework/ios-arm64/ExpoModulesCore.framework/Headers -Xcc -I/Users/runner/work/Bangumi/Bangumi/ios/build/Build/Intermediates.noindex/Pods.build/Release-iphoneos/EXUpdates.build/DerivedSources-normal/arm64 -Xcc -I/Users/runner/work/Bangumi/Bangumi/ios/build/Build/Intermediates.noindex/Pods.build/Release-iphoneos/EXUpdates.build/DerivedSources/arm64 -Xcc -I/Users/runner/work/Bangumi/Bangumi/ios/build/Build/Intermediates.noindex/Pods.build/Release-iphoneos/EXUpdates.build/DerivedSources -Xcc -DPOD_CONFIGURATION_RELEASE\=1 -Xcc -DCOCOAPODS\=1 -emit-objc-header -emit-objc-header-path /Users/runner/work/Bangumi/Bangumi/ios/build/Build/Intermediates.noindex/Pods.build/Release-iphoneos/EXUpdates.build/Objects-normal/arm64/EXUpdates-Swift.h -working-directory /Users/runner/work/Bangumi/Bangumi/ios/Pods -no-emit-module-separately-wmo

SwiftDriverJobDiscovery normal arm64 Compiling AppController.swift, AppLauncher.swift, AppLauncherNoDatabase.swift, AppLauncherWithDatabase.swift, AppLoader.swift, AppLoaderTask.swift, ASN1Decoder.swift, ASN1DistinguishedNames.swift, ASN1Encoder.swift, ASN1Identifier.swift, ASN1Object.swift, BSPatch.swift, CertificateChain.swift, CheckForUpdateProcedure.swift, CodeSigningAlgorithm.swift, CodeSigningConfiguration.swift, CodeSigningError.swift, Crypto.swift, DevLauncherAppController.swift, DisabledAppController.swift, EmbeddedAppLoader.swift, EmbeddedUpdate.swift, EnabledAppController.swift, ErrorRecovery.swift, Exceptions.swift, ExpoUpdatesReactDelegateHandler.swift, ExpoUpdatesUpdate.swift, FetchUpdateProcedure.swift, FileDownloader.swift, LauncherSelectionPolicy.swift, LauncherSelectionPolicyDevelopmentClient.swift, LauncherSelectionPolicyFilterAware.swift, LauncherSelectionPolicySingleUpdate.swift, LoaderSelectionPolicy.swift, LoaderSelectionPolicyDevelopmentClient.swift, LoaderSelectionPolicyFilterAware.swift, NoOpUpdatesEventManager.swift, OID.swift, PKCS7.swift, PKCS7_AppleReceipt.swift, PKCS7_Signature.swift, QueueUpdatesEventManager.swift, ReaperSelectionPolicy.swift, ReaperSelectionPolicyDevelopmentClient.swift, ReaperSelectionPolicyFilterAware.swift, RecreateReactContextProcedure.swift, RelaunchProcedure.swift, Reloadable.swift, ReloadExceptions.swift, ReloadScreenConfiguration.swift, ReloadScreenManager.swift, ReloadScreenManagerMacOS.swift, ReloadScreenView.swift, ReloadScreenViewMacOS.swift, RemoteAppLoader.swift, ResponseHeaderData.swift, SelectionPolicies.swift, SelectionPolicy.swift, SelectionPolicyFactory.swift, SignatureHeaderInfo.swift, StartupProcedure.swift, StateMachineProcedure.swift, StateMachineSerialExecutorQueue.swift, StringDictionary.swift, StringItem.swift, StringList.swift, Update.swift, UpdateAsset.swift, UpdateResponse.swift, UpdatesBuildData.swift, UpdatesConfig.swift, UpdatesConfigOverride.swift, UpdatesDatabase.swift, UpdatesDatabaseInitialization.swift, UpdatesDatabaseIntegrityCheck.swift, UpdatesDatabaseMigration.swift, UpdatesDatabaseMigration10To11.swift, UpdatesDatabaseMigration4To5.swift, UpdatesDatabaseMigration5To6.swift, UpdatesDatabaseMigration6To7.swift, UpdatesDatabaseMigration7To8.swift, UpdatesDatabaseMigration8To9.swift, UpdatesDatabaseMigration9To10.swift, UpdatesDatabaseMigrationRegistry.swift, UpdatesDatabaseUtils.swift, UpdatesError.swift, UpdatesErrorCode.swift, UpdatesEventManager.swift, UpdatesJsEvents.swift, UpdatesLogEntry.swift, UpdatesLogger.swift, UpdatesLogReader.swift, UpdatesModule.swift, UpdatesMultipartStreamReader.swift, UpdatesParameterParser.swift, UpdatesReaper.swift, UpdatesStateMachine.swift, UpdatesUtils.swift, X509Certificate.swift, X509Extension.swift, X509ExtensionAltName.swift, X509ExtensionClasses.swift, X509PublicKey.swift (in target 'EXUpdates' from project 'Pods')

SwiftDriver\ Compilation\ Requirements EXUpdates normal arm64 com.apple.xcode.tools.swift.compiler (in target 'EXUpdates' from project 'Pods')
    cd /Users/runner/work/Bangumi/Bangumi/ios/Pods
    builtin-Swift-Compilation-Requirements -- /Applications/Xcode_26.6.app/Contents/Developer/Toolchains/XcodeDefault.xctoolchain/usr/bin/swiftc -module-name EXUpdates -O -whole-module-optimization @/Users/runner/work/Bangumi/Bangumi/ios/build/Build/Intermediates.noindex/Pods.build/Release-iphoneos/EXUpdates.build/Objects-normal/arm64/EXUpdates.SwiftFileList -D COCOAPODS -Xcc -fmodule-map-file\=/Users/runner/work/Bangumi/Bangumi/ios/build/Build/Products/Release-iphoneos/EASClient/EASClient.modulemap -Xcc -fmodule-map-file\=/Users/runner/work/Bangumi/Bangumi/ios/build/Build/Products/Release-iphoneos/EXManifests/EXManifests.modulemap -Xcc -fmodule-map-file\=/Users/runner/work/Bangumi/Bangumi/ios/build/Build/Products/Release-iphoneos/EXUpdatesInterface/EXUpdatesInterface.modulemap -Xcc -fmodule-map-file\=/Users/runner/work/Bangumi/Bangumi/ios/build/Build/Products/Release-iphoneos/ReachabilitySwift/Reachability.modulemap -Xcc -fmodule-map-file\=/Users/runner/work/Bangumi/Bangumi/ios/Pods/Headers/Public/EXStructuredHeaders/EXStructuredHeaders.modulemap -Xcc -fmodule-map-file\=/Users/runner/work/Bangumi/Bangumi/ios/Pods/Headers/Public/ReactCodegen/ReactCodegen.modulemap -import-underlying-module -Xcc -fmodule-map-file\=/Users/runner/work/Bangumi/Bangumi/ios/Pods/Headers/Public/EXUpdates/EXUpdates.modulemap -Xfrontend -load-plugin-executable -Xfrontend /Users/runner/work/Bangumi/Bangumi/node_modules/@expo/expo-modules-macros-plugin/apple/ExpoModulesMacros-tool\#ExpoModulesMacros -enable-bare-slash-regex -enable-experimental-feature DebugDescriptionMacro -sdk /Applications/Xcode_26.6.app/Contents/Developer/Platforms/iPhoneOS.platform/Developer/SDKs/iPhoneOS26.5.sdk -target arm64-apple-ios16.4 -g -module-cache-path /Users/runner/work/Bangumi/Bangumi/ios/build/ModuleCache.noindex -Xfrontend -serialize-debugging-options -suppress-warnings -swift-version 5 -I /Users/runner/work/Bangumi/Bangumi/ios/build/Build/Products/Release-iphoneos/EXUpdates -I /Users/runner/work/Bangumi/Bangumi/ios/build/Build/Products/Release-iphoneos/EASClient -I /Users/runner/work/Bangumi/Bangumi/ios/build/Build/Products/Release-iphoneos/EXManifests -I /Users/runner/work/Bangumi/Bangumi/ios/build/Build/Products/Release-iphoneos/EXUpdatesInterface -I /Users/runner/work/Bangumi/Bangumi/ios/build/Build/Products/Release-iphoneos/ExpoModulesCore -I /Users/runner/work/Bangumi/Bangumi/ios/build/Build/Products/Release-iphoneos/ExpoModulesJSI -I /Users/runner/work/Bangumi/Bangumi/ios/build/Build/Products/Release-iphoneos/ReachabilitySwift -F /Users/runner/work/Bangumi/Bangumi/ios/build/Build/Products/Release-iphoneos/EXUpdates -F /Users/runner/work/Bangumi/Bangumi/node_modules/expo-modules-jsi/apple/Products -F /Users/runner/work/Bangumi/Bangumi/ios/Pods/ExpoModulesCore -F /Users/runner/work/Bangumi/Bangumi/ios/Pods/React-Core-prebuilt -F /Users/runner/work/Bangumi/Bangumi/ios/Pods/ReactNativeDependencies/framework/packages/react-native -F /Users/runner/work/Bangumi/Bangumi/ios/Pods/hermes-engine/destroot/Library/Frameworks/universal -F /Users/runner/work/Bangumi/Bangumi/ios/build/Build/Products/Release-iphoneos/XCFrameworkIntermediates/ExpoModulesCore -F /Users/runner/work/Bangumi/Bangumi/ios/build/Build/Products/Release-iphoneos/XCFrameworkIntermediates/ExpoModulesJSI -F /Users/runner/work/Bangumi/Bangumi/ios/build/Build/Products/Release-iphoneos/XCFrameworkIntermediates/React-Core-prebuilt -F /Users/runner/work/Bangumi/Bangumi/ios/build/Build/Products/Release-iphoneos/XCFrameworkIntermediates/ReactNativeDependencies -F /Users/runner/work/Bangumi/Bangumi/ios/build/Build/Products/Release-iphoneos/XCFrameworkIntermediates/hermes-engine/Pre-built -c -num-threads 3 -Xcc -ivfsstatcache -Xcc /Users/runner/work/Bangumi/Bangumi/ios/build/SDKStatCaches.noindex/iphoneos26.5-23F81a-688ef53f1462e2c8f657fdc38a81448fee66e23052a0157c865c76b268046726.sdkstatcache -output-file-map /Users/runner/work/Bangumi/Bangumi/ios/build/Build/Intermediates.noindex/Pods.build/Release-iphoneos/EXUpdates.build/Objects-normal/arm64/EXUpdates-OutputFileMap.json -use-frontend-parseable-output -save-temps -no-color-diagnostics -serialize-diagnostics -emit-dependencies -emit-module -emit-module-path /Users/runner/work/Bangumi/Bangumi/ios/build/Build/Intermediates.noindex/Pods.build/Release-iphoneos/EXUpdates.build/Objects-normal/arm64/EXUpdates.swiftmodule -validate-clang-modules-once -clang-build-session-file /Users/runner/work/Bangumi/Bangumi/ios/build/ModuleCache.noindex/Session.modulevalidation -Xcc -I/Users/runner/work/Bangumi/Bangumi/ios/build/Build/Intermediates.noindex/Pods.build/Release-iphoneos/EXUpdates.build/swift-overrides.hmap -emit-const-values -Xfrontend -const-gather-protocols-file -Xfrontend /Users/runner/work/Bangumi/Bangumi/ios/build/Build/Intermediates.noindex/Pods.build/Release-iphoneos/EXUpdates.build/Objects-normal/arm64/EXUpdates_const_extract_protocols.json -Xcc -iquote -Xcc /Users/runner/work/Bangumi/Bangumi/ios/build/Build/Intermediates.noindex/Pods.build/Release-iphoneos/EXUpdates.build/EXUpdates-generated-files.hmap -Xcc -I/Users/runner/work/Bangumi/Bangumi/ios/build/Build/Intermediates.noindex/Pods.build/Release-iphoneos/EXUpdates.build/EXUpdates-own-target-headers.hmap -Xcc -I/Users/runner/work/Bangumi/Bangumi/ios/build/Build/Intermediates.noindex/Pods.build/Release-iphoneos/EXUpdates.build/EXUpdates-all-non-framework-target-headers.hmap -Xcc -ivfsoverlay -Xcc /Users/runner/work/Bangumi/Bangumi/ios/build/Build/Intermediates.noindex/Pods.build/Release-iphoneos/Pods-8699adb1dd336b26511df848a716bd42-VFS-iphoneos/all-product-headers.yaml -Xcc -iquote -Xcc /Users/runner/work/Bangumi/Bangumi/ios/build/Build/Intermediates.noindex/Pods.build/Release-iphoneos/EXUpdates.build/EXUpdates-project-headers.hmap -Xcc -I/Users/runner/work/Bangumi/Bangumi/ios/build/Build/Products/Release-iphoneos/EXUpdates/include -Xcc -I/Users/runner/work/Bangumi/Bangumi/ios/Pods/Headers/Private -Xcc -I/Users/runner/work/Bangumi/Bangumi/ios/Pods/Headers/Private/EXUpdates -Xcc -I/Users/runner/work/Bangumi/Bangumi/ios/Pods/Headers/Public -Xcc -I/Users/runner/work/Bangumi/Bangumi/ios/Pods/Headers/Public/FBLazyVector -Xcc -I/Users/runner/work/Bangumi/Bangumi/ios/Pods/Headers/Public/RCTRequired -Xcc -I/Users/runner/work/Bangumi/Bangumi/ios/Pods/Headers/Public/RCTSwiftUIWrapper -Xcc -I/Users/runner/work/Bangumi/Bangumi/ios/Pods/Headers/Public/RCTTypeSafety -Xcc -I/Users/runner/work/Bangumi/Bangumi/ios/Pods/Headers/Public/React-Core -Xcc -I/Users/runner/work/Bangumi/Bangumi/ios/Pods/Headers/Public/React-Core-prebuilt -Xcc -I/Users/runner/work/Bangumi/Bangumi/ios/Pods/Headers/Public/React-CoreModules -Xcc -I/Users/runner/work/Bangumi/Bangumi/ios/Pods/Headers/Public/React-Fabric -Xcc -I/Users/runner/work/Bangumi/Bangumi/ios/Pods/Headers/Public/React-FabricComponents -Xcc -I/Users/runner/work/Bangumi/Bangumi/ios/Pods/Headers/Public/React-FabricImage -Xcc -I/Users/runner/work/Bangumi/Bangumi/ios/Pods/Headers/Public/React-ImageManager -Xcc -I/Users/runner/work/Bangumi/Bangumi/ios/Pods/Headers/Public/React-Mapbuffer -Xcc -I/Users/runner/work/Bangumi/Bangumi/ios/Pods/Headers/Public/React-NativeModulesApple -Xcc -I/Users/runner/work/Bangumi/Bangumi/ios/Pods/Headers/Public/React-RCTAnimation -Xcc -I/Users/runner/work/Bangumi/Bangumi/ios/Pods/Headers/Public/React-RCTBlob -Xcc -I/Users/runner/work/Bangumi/Bangumi/ios/Pods/Headers/Public/React-RCTFBReactNativeSpec -Xcc -I/Users/runner/work/Bangumi/Bangumi/ios/Pods/Headers/Public/React-RCTFabric -Xcc -I/Users/runner/work/Bangumi/Bangumi/ios/Pods/Headers/Public/React-RCTImage -Xcc -I/Users/runner/work/Bangumi/Bangumi/ios/Pods/Headers/Public/React-RCTRuntime -Xcc -I/Users/runner/work/Bangumi/Bangumi/ios/Pods/Headers/Public/React-RCTText -Xcc -I/Users/runner/work/Bangumi/Bangumi/ios/Pods/Headers/Public/React-RuntimeApple -Xcc -I/Users/runner/work/Bangumi/Bangumi/ios/Pods/Headers/Public/React-RuntimeCore -Xcc -I/Users/runner/work/Bangumi/Bangumi/ios/Pods/Headers/Public/React-RuntimeHermes -Xcc -I/Users/runner/work/Bangumi/Bangumi/ios/Pods/Headers/Public/React-callinvoker -Xcc -I/Users/runner/work/Bangumi/Bangumi/ios/Pods/Headers/Public/React-cxxreact -Xcc -I/Users/runner/work/Bangumi/Bangumi/ios/Pods/Headers/Public/React-debug -Xcc -I/Users/runner/work/Bangumi/Bangumi/ios/Pods/Headers/Public/React-defaultsnativemodule -Xcc -I/Users/runner/work/Bangumi/Bangumi/ios/Pods/Headers/Public/React-domnativemodule -Xcc -I/Users/runner/work/Bangumi/Bangumi/ios/Pods/Headers/Public/React-featureflags -Xcc -I/Users/runner/work/Bangumi/Bangumi/ios/Pods/Headers/Public/React-featureflagsnativemodule -Xcc -I/Users/runner/work/Bangumi/Bangumi/ios/Pods/Headers/Public/React-graphics -Xcc -I/Users/runner/work/Bangumi/Bangumi/ios/Pods/Headers/Public/React-hermes -Xcc -I/Users/runner/work/Bangumi/Bangumi/ios/Pods/Headers/Public/React-idlecallbacksnativemodule -Xcc -I/Users/runner/work/Bangumi/Bangumi/ios/Pods/Headers/Public/React-intersectionobservernativemodule -Xcc -I/Users/runner/work/Bangumi/Bangumi/ios/Pods/Headers/Public/React-jserrorhandler -Xcc -I/Users/runner/work/Bangumi/Bangumi/ios/Pods/Headers/Public/React-jsi -Xcc -I/Users/runner/work/Bangumi/Bangumi/ios/Pods/Headers/Public/React-jsiexecutor -Xcc -I/Users/runner/work/Bangumi/Bangumi/ios/Pods/Headers/Public/React-jsinspector -Xcc -I/Users/runner/work/Bangumi/Bangumi/ios/Pods/Headers/Public/React-jsinspectorcdp -Xcc -I/Users/runner/work/Bangumi/Bangumi/ios/Pods/Headers/Public/React-jsinspectornetwork -Xcc -I/Users/runner/work/Bangumi/Bangumi/ios/Pods/Headers/Public/React-jsinspectortracing -Xcc -I/Users/runner/work/Bangumi/Bangumi/ios/Pods/Headers/Public/React-jsitooling -Xcc -I/Users/runner/work/Bangumi/Bangumi/ios/Pods/Headers/Public/React-logger -Xcc -I/Users/runner/work/Bangumi/Bangumi/ios/Pods/Headers/Public/React-microtasksnativemodule -Xcc -I/Users/runner/work/Bangumi/Bangumi/ios/Pods/Headers/Public/React-mutationobservernativemodule -Xcc -I/Users/runner/work/Bangumi/Bangumi/ios/Pods/Headers/Public/React-networking -Xcc -I/Users/runner/work/Bangumi/Bangumi/ios/Pods/Headers/Public/React-oscompat -Xcc -I/Users/runner/work/Bangumi/Bangumi/ios/Pods/Headers/Public/React-perflogger -Xcc -I/Users/runner/work/Bangumi/Bangumi/ios/Pods/Headers/Public/React-performancecdpmetrics -Xcc -I/Users/runner/work/Bangumi/Bangumi/ios/Pods/Headers/Public/React-performancetimeline -Xcc -I/Users/runner/work/Bangumi/Bangumi/ios/Pods/Headers/Public/React-rendererconsistency -Xcc -I/Users/runner/work/Bangumi/Bangumi/ios/Pods/Headers/Public/React-renderercss -Xcc -I/Users/runner/work/Bangumi/Bangumi/ios/Pods/Headers/Public/React-rendererdebug -Xcc -I/Users/runner/work/Bangumi/Bangumi/ios/Pods/Headers/Public/React-runtimeexecutor -Xcc -I/Users/runner/work/Bangumi/Bangumi/ios/Pods/Headers/Public/React-runtimescheduler -Xcc -I/Users/runner/work/Bangumi/Bangumi/ios/Pods/Headers/Public/React-timing -Xcc -I/Users/runner/work/Bangumi/Bangumi/ios/Pods/Headers/Public/React-utils -Xcc -I/Users/runner/work/Bangumi/Bangumi/ios/Pods/Headers/Public/React-viewtransitionnativemodule -Xcc -I/Users/runner/work/Bangumi/Bangumi/ios/Pods/Headers/Public/React-webperformancenativemodule -Xcc -I/Users/runner/work/Bangumi/Bangumi/ios/Pods/Headers/Public/ReactCodegen -Xcc -I/Users/runner/work/Bangumi/Bangumi/ios/Pods/Headers/Public/ReactCommon -Xcc -I/Users/runner/work/Bangumi/Bangumi/ios/Pods/Headers/Public/ReactNativeDependencies -Xcc -I/Users/runner/work/Bangumi/Bangumi/ios/Pods/Headers/Public/Yoga -Xcc -I/Users/runner/work/Bangumi/Bangumi/ios/Pods/Headers/Public/hermes-engine -Xcc -I/Users/runner/work/Bangumi/Bangumi/node_modules/expo-updates/ios/EXUpdates/BSPatch -Xcc -I/Users/runner/work/Bangumi/Bangumi/ios/Pods/ExpoModulesCore/ExpoModulesCore.xcframework/ios-arm64_x86_64-simulator/ExpoModulesCore.framework/Headers -Xcc -I/Users/runner/work/Bangumi/Bangumi/ios/Pods/ExpoModulesCore/ExpoModulesCore.xcframework/ios-arm64/ExpoModulesCore.framework/Headers -Xcc -I/Users/runner/work/Bangumi/Bangumi/ios/Pods/ExpoModulesCore/ExpoModulesCore.xcframework/ios-arm64_x86_64-simulator/ExpoModulesCore.framework/Headers -Xcc -I/Users/runner/work/Bangumi/Bangumi/ios/Pods/ExpoModulesCore/ExpoModulesCore.xcframework/ios-arm64/ExpoModulesCore.framework/Headers -Xcc -I/Users/runner/work/Bangumi/Bangumi/ios/build/Build/Intermediates.noindex/Pods.build/Release-iphoneos/EXUpdates.build/DerivedSources-normal/arm64 -Xcc -I/Users/runner/work/Bangumi/Bangumi/ios/build/Build/Intermediates.noindex/Pods.build/Release-iphoneos/EXUpdates.build/DerivedSources/arm64 -Xcc -I/Users/runner/work/Bangumi/Bangumi/ios/build/Build/Intermediates.noindex/Pods.build/Release-iphoneos/EXUpdates.build/DerivedSources -Xcc -DPOD_CONFIGURATION_RELEASE\=1 -Xcc -DCOCOAPODS\=1 -emit-objc-header -emit-objc-header-path /Users/runner/work/Bangumi/Bangumi/ios/build/Build/Intermediates.noindex/Pods.build/Release-iphoneos/EXUpdates.build/Objects-normal/arm64/EXUpdates-Swift.h -working-directory /Users/runner/work/Bangumi/Bangumi/ios/Pods -no-emit-module-separately-wmo

Copy /Users/runner/work/Bangumi/Bangumi/ios/build/Build/Products/Release-iphoneos/EXUpdates/EXUpdates.swiftmodule/arm64-apple-ios.swiftdoc /Users/runner/work/Bangumi/Bangumi/ios/build/Build/Intermediates.noindex/Pods.build/Release-iphoneos/EXUpdates.build/Objects-normal/arm64/EXUpdates.swiftdoc (in target 'EXUpdates' from project 'Pods')
    cd /Users/runner/work/Bangumi/Bangumi/ios/Pods
    builtin-copy -exclude .DS_Store -exclude CVS -exclude .svn -exclude .git -exclude .hg -resolve-src-symlinks -rename /Users/runner/work/Bangumi/Bangumi/ios/build/Build/Intermediates.noindex/Pods.build/Release-iphoneos/EXUpdates.build/Objects-normal/arm64/EXUpdates.swiftdoc /Users/runner/work/Bangumi/Bangumi/ios/build/Build/Products/Release-iphoneos/EXUpdates/EXUpdates.swiftmodule/arm64-apple-ios.swiftdoc

Copy /Users/runner/work/Bangumi/Bangumi/ios/build/Build/Products/Release-iphoneos/EXUpdates/EXUpdates.swiftmodule/arm64-apple-ios.swiftmodule /Users/runner/work/Bangumi/Bangumi/ios/build/Build/Intermediates.noindex/Pods.build/Release-iphoneos/EXUpdates.build/Objects-normal/arm64/EXUpdates.swiftmodule (in target 'EXUpdates' from project 'Pods')
    cd /Users/runner/work/Bangumi/Bangumi/ios/Pods
    builtin-copy -exclude .DS_Store -exclude CVS -exclude .svn -exclude .git -exclude .hg -resolve-src-symlinks -rename /Users/runner/work/Bangumi/Bangumi/ios/build/Build/Intermediates.noindex/Pods.build/Release-iphoneos/EXUpdates.build/Objects-normal/arm64/EXUpdates.swiftmodule /Users/runner/work/Bangumi/Bangumi/ios/build/Build/Products/Release-iphoneos/EXUpdates/EXUpdates.swiftmodule/arm64-apple-ios.swiftmodule

SwiftMergeGeneratedHeaders /Users/runner/work/Bangumi/Bangumi/ios/build/Build/Intermediates.noindex/Pods.build/Release-iphoneos/EXUpdates.build/DerivedSources/EXUpdates-Swift.h /Users/runner/work/Bangumi/Bangumi/ios/build/Build/Intermediates.noindex/Pods.build/Release-iphoneos/EXUpdates.build/Objects-normal/arm64/EXUpdates-Swift.h (in target 'EXUpdates' from project 'Pods')
    cd /Users/runner/work/Bangumi/Bangumi/ios/Pods
    builtin-swiftHeaderTool -arch arm64 /Users/runner/work/Bangumi/Bangumi/ios/build/Build/Intermediates.noindex/Pods.build/Release-iphoneos/EXUpdates.build/Objects-normal/arm64/EXUpdates-Swift.h -o /Users/runner/work/Bangumi/Bangumi/ios/build/Build/Intermediates.noindex/Pods.build/Release-iphoneos/EXUpdates.build/DerivedSources/EXUpdates-Swift.h

Copy /Users/runner/work/Bangumi/Bangumi/ios/build/Build/Products/Release-iphoneos/EXUpdates/EXUpdates.swiftmodule/arm64-apple-ios.abi.json /Users/runner/work/Bangumi/Bangumi/ios/build/Build/Intermediates.noindex/Pods.build/Release-iphoneos/EXUpdates.build/Objects-normal/arm64/EXUpdates.abi.json (in target 'EXUpdates' from project 'Pods')
    cd /Users/runner/work/Bangumi/Bangumi/ios/Pods
    builtin-copy -exclude .DS_Store -exclude CVS -exclude .svn -exclude .git -exclude .hg -resolve-src-symlinks -rename /Users/runner/work/Bangumi/Bangumi/ios/build/Build/Intermediates.noindex/Pods.build/Release-iphoneos/EXUpdates.build/Objects-normal/arm64/EXUpdates.abi.json /Users/runner/work/Bangumi/Bangumi/ios/build/Build/Products/Release-iphoneos/EXUpdates/EXUpdates.swiftmodule/arm64-apple-ios.abi.json

Copy /Users/runner/work/Bangumi/Bangumi/ios/build/Build/Products/Release-iphoneos/EXUpdates/EXUpdates.swiftmodule/Project/arm64-apple-ios.swiftsourceinfo /Users/runner/work/Bangumi/Bangumi/ios/build/Build/Intermediates.noindex/Pods.build/Release-iphoneos/EXUpdates.build/Objects-normal/arm64/EXUpdates.swiftsourceinfo (in target 'EXUpdates' from project 'Pods')
    cd /Users/runner/work/Bangumi/Bangumi/ios/Pods
    builtin-copy -exclude .DS_Store -exclude CVS -exclude .svn -exclude .git -exclude .hg -resolve-src-symlinks -rename /Users/runner/work/Bangumi/Bangumi/ios/build/Build/Intermediates.noindex/Pods.build/Release-iphoneos/EXUpdates.build/Objects-normal/arm64/EXUpdates.swiftsourceinfo /Users/runner/work/Bangumi/Bangumi/ios/build/Build/Products/Release-iphoneos/EXUpdates/EXUpdates.swiftmodule/Project/arm64-apple-ios.swiftsourceinfo

ScanDependencies /Users/runner/work/Bangumi/Bangumi/ios/build/Build/Intermediates.noindex/Pods.build/Release-iphoneos/EXUpdates.build/Objects-normal/arm64/bspatch-1542bc93fc8c69fe7c37b4ae1cd2360b.o /Users/runner/work/Bangumi/Bangumi/node_modules/expo-updates/ios/EXUpdates/BSPatch/bspatch.c normal arm64 c com.apple.compilers.llvm.clang.1_0.compiler (in target 'EXUpdates' from project 'Pods')
    cd /Users/runner/work/Bangumi/Bangumi/ios/Pods
    
    Using response file: /Users/runner/work/Bangumi/Bangumi/ios/build/Build/Intermediates.noindex/Pods.build/Release-iphoneos/EXUpdates.build/Objects-normal/arm64/7187679823f38a2a940e0043cdf9d637-common-args.resp
    
    builtin-ScanDependencies -o /Users/runner/work/Bangumi/Bangumi/ios/build/Build/Intermediates.noindex/Pods.build/Release-iphoneos/EXUpdates.build/Objects-normal/arm64/bspatch-1542bc93fc8c69fe7c37b4ae1cd2360b.o.scan -- /Applications/Xcode_26.6.app/Contents/Developer/Toolchains/XcodeDefault.xctoolchain/usr/bin/clang -x c -ivfsstatcache /Users/runner/work/Bangumi/Bangumi/ios/build/SDKStatCaches.noindex/iphoneos26.5-23F81a-688ef53f1462e2c8f657fdc38a81448fee66e23052a0157c865c76b268046726.sdkstatcache -target arm64-apple-ios16.4 -fmessage-length\=0 -fdiagnostics-show-note-include-stack -fmacro-backtrace-limit\=0 -fno-color-diagnostics -fmodules-prune-interval\=86400 -fmodules-prune-after\=345600 -fbuild-session-file\=/Users/runner/work/Bangumi/Bangumi/ios/build/ModuleCache.noindex/Session.modulevalidation -fmodules-validate-once-per-build-session -Wnon-modular-include-in-framework-module -Werror\=non-modular-include-in-framework-module -Wno-trigraphs -Werror\=incompatible-pointer-types -Werror\=implicit-function-declaration -Wno-missing-field-initializers -Wno-missing-prototypes -Werror\=return-type -Wunreachable-code -Werror\=deprecated-objc-isa-usage -Werror\=objc-root-class -Wno-missing-braces -Wparentheses -Wswitch -Wunused-function -Wno-unused-label -Wno-unused-parameter -Wunused-variable -Wunused-value -Wempty-body -Wuninitialized -Wconditional-uninitialized -Wno-unknown-pragmas -w -Wno-shadow -Wno-four-char-constants -Wno-conversion -Wconstant-conversion -Wint-conversion -Wbool-conversion -Wenum-conversion -Wno-float-conversion -Wnon-literal-null-conversion -Wobjc-literal-conversion -Wshorten-64-to-32 -Wpointer-sign -Wno-newline-eof -Wno-implicit-fallthrough -isysroot /Applications/Xcode_26.6.app/Contents/Developer/Platforms/iPhoneOS.platform/Developer/SDKs/iPhoneOS26.5.sdk -fstrict-aliasing -Wdeprecated-declarations -Wno-sign-conversion -Winfinite-recursion -Wcomma -Wblock-capture-autoreleasing -Wstrict-prototypes -Wno-semicolon-before-method-body -Wunguarded-availability @/Users/runner/work/Bangumi/Bangumi/ios/build/Build/Intermediates.noindex/Pods.build/Release-iphoneos/EXUpdates.build/Objects-normal/arm64/7187679823f38a2a940e0043cdf9d637-common-args.resp -DRCT_NEW_ARCH_ENABLED\=1 -include /Users/runner/work/Bangumi/Bangumi/ios/Pods/Target\ Support\ Files/EXUpdates/EXUpdates-prefix.pch -MMD -MT dependencies -MF /Users/runner/work/Bangumi/Bangumi/ios/build/Build/Intermediates.noindex/Pods.build/Release-iphoneos/EXUpdates.build/Objects-normal/arm64/bspatch-1542bc93fc8c69fe7c37b4ae1cd2360b.d --serialize-diagnostics /Users/runner/work/Bangumi/Bangumi/ios/build/Build/Intermediates.noindex/Pods.build/Release-iphoneos/EXUpdates.build/Objects-normal/arm64/bspatch-1542bc93fc8c69fe7c37b4ae1cd2360b.dia -c /Users/runner/work/Bangumi/Bangumi/node_modules/expo-updates/ios/EXUpdates/BSPatch/bspatch.c -o /Users/runner/work/Bangumi/Bangumi/ios/build/Build/Intermediates.noindex/Pods.build/Release-iphoneos/EXUpdates.build/Objects-normal/arm64/bspatch-1542bc93fc8c69fe7c37b4ae1cd2360b.o

ScanDependencies /Users/runner/work/Bangumi/Bangumi/ios/build/Build/Intermediates.noindex/Pods.build/Release-iphoneos/EXUpdates.build/Objects-normal/arm64/EXUpdatesBSPatch.o /Users/runner/work/Bangumi/Bangumi/node_modules/expo-updates/ios/EXUpdates/EXUpdatesBSPatch.m normal arm64 objective-c com.apple.compilers.llvm.clang.1_0.compiler (in target 'EXUpdates' from project 'Pods')
    cd /Users/runner/work/Bangumi/Bangumi/ios/Pods
    
    Using response file: /Users/runner/work/Bangumi/Bangumi/ios/build/Build/Intermediates.noindex/Pods.build/Release-iphoneos/EXUpdates.build/Objects-normal/arm64/e6072d4f65d7061329687fe24e3d63a7-common-args.resp
    
    builtin-ScanDependencies -o /Users/runner/work/Bangumi/Bangumi/ios/build/Build/Intermediates.noindex/Pods.build/Release-iphoneos/EXUpdates.build/Objects-normal/arm64/EXUpdatesBSPatch.o.scan -- /Applications/Xcode_26.6.app/Contents/Developer/Toolchains/XcodeDefault.xctoolchain/usr/bin/clang -x objective-c -ivfsstatcache /Users/runner/work/Bangumi/Bangumi/ios/build/SDKStatCaches.noindex/iphoneos26.5-23F81a-688ef53f1462e2c8f657fdc38a81448fee66e23052a0157c865c76b268046726.sdkstatcache -target arm64-apple-ios16.4 -fmessage-length\=0 -fdiagnostics-show-note-include-stack -fmacro-backtrace-limit\=0 -fno-color-diagnostics -fmodules-prune-interval\=86400 -fmodules-prune-after\=345600 -fbuild-session-file\=/Users/runner/work/Bangumi/Bangumi/ios/build/ModuleCache.noindex/Session.modulevalidation -fmodules-validate-once-per-build-session -Wnon-modular-include-in-framework-module -Werror\=non-modular-include-in-framework-module -Wno-trigraphs -Werror\=incompatible-pointer-types -Werror\=implicit-function-declaration -Wno-missing-field-initializers -Wno-missing-prototypes -Werror\=return-type -Wunreachable-code -Wno-implicit-atomic-properties -Werror\=deprecated-objc-isa-usage -Wno-objc-interface-ivars -Werror\=objc-root-class -Wno-arc-repeated-use-of-weak -Wimplicit-retain-self -Wduplicate-method-match -Wno-missing-braces -Wparentheses -Wswitch -Wunused-function -Wno-unused-label -Wno-unused-parameter -Wunused-variable -Wunused-value -Wempty-body -Wuninitialized -Wconditional-uninitialized -Wno-unknown-pragmas -w -Wno-shadow -Wno-four-char-constants -Wno-conversion -Wconstant-conversion -Wint-conversion -Wbool-conversion -Wenum-conversion -Wno-float-conversion -Wnon-literal-null-conversion -Wobjc-literal-conversion -Wshorten-64-to-32 -Wpointer-sign -Wno-newline-eof -Wno-selector -Wno-strict-selector-match -Wundeclared-selector -Wdeprecated-implementations -Wno-implicit-fallthrough -isysroot /Applications/Xcode_26.6.app/Contents/Developer/Platforms/iPhoneOS.platform/Developer/SDKs/iPhoneOS26.5.sdk -fstrict-aliasing -Wprotocol -Wdeprecated-declarations -Wno-sign-conversion -Winfinite-recursion -Wcomma -Wblock-capture-autoreleasing -Wstrict-prototypes -Wno-semicolon-before-method-body -Wunguarded-availability @/Users/runner/work/Bangumi/Bangumi/ios/build/Build/Intermediates.noindex/Pods.build/Release-iphoneos/EXUpdates.build/Objects-normal/arm64/e6072d4f65d7061329687fe24e3d63a7-common-args.resp -DRCT_NEW_ARCH_ENABLED\=1 -include /Users/runner/work/Bangumi/Bangumi/ios/Pods/Target\ Support\ Files/EXUpdates/EXUpdates-prefix.pch -MMD -MT dependencies -MF /Users/runner/work/Bangumi/Bangumi/ios/build/Build/Intermediates.noindex/Pods.build/Release-iphoneos/EXUpdates.build/Objects-normal/arm64/EXUpdatesBSPatch.d --serialize-diagnostics /Users/runner/work/Bangumi/Bangumi/ios/build/Build/Intermediates.noindex/Pods.build/Release-iphoneos/EXUpdates.build/Objects-normal/arm64/EXUpdatesBSPatch.dia -c /Users/runner/work/Bangumi/Bangumi/node_modules/expo-updates/ios/EXUpdates/EXUpdatesBSPatch.m -o /Users/runner/work/Bangumi/Bangumi/ios/build/Build/Intermediates.noindex/Pods.build/Release-iphoneos/EXUpdates.build/Objects-normal/arm64/EXUpdatesBSPatch.o

ScanDependencies /Users/runner/work/Bangumi/Bangumi/ios/build/Build/Intermediates.noindex/Pods.build/Release-iphoneos/EXUpdates.build/Objects-normal/arm64/EXUpdates-dummy.o /Users/runner/work/Bangumi/Bangumi/ios/Pods/Target\ Support\ Files/EXUpdates/EXUpdates-dummy.m normal arm64 objective-c com.apple.compilers.llvm.clang.1_0.compiler (in target 'EXUpdates' from project 'Pods')
    cd /Users/runner/work/Bangumi/Bangumi/ios/Pods
    
    Using response file: /Users/runner/work/Bangumi/Bangumi/ios/build/Build/Intermediates.noindex/Pods.build/Release-iphoneos/EXUpdates.build/Objects-normal/arm64/e6072d4f65d7061329687fe24e3d63a7-common-args.resp
    
    builtin-ScanDependencies -o /Users/runner/work/Bangumi/Bangumi/ios/build/Build/Intermediates.noindex/Pods.build/Release-iphoneos/EXUpdates.build/Objects-normal/arm64/EXUpdates-dummy.o.scan -- /Applications/Xcode_26.6.app/Contents/Developer/Toolchains/XcodeDefault.xctoolchain/usr/bin/clang -x objective-c -ivfsstatcache /Users/runner/work/Bangumi/Bangumi/ios/build/SDKStatCaches.noindex/iphoneos26.5-23F81a-688ef53f1462e2c8f657fdc38a81448fee66e23052a0157c865c76b268046726.sdkstatcache -target arm64-apple-ios16.4 -fmessage-length\=0 -fdiagnostics-show-note-include-stack -fmacro-backtrace-limit\=0 -fno-color-diagnostics -fmodules-prune-interval\=86400 -fmodules-prune-after\=345600 -fbuild-session-file\=/Users/runner/work/Bangumi/Bangumi/ios/build/ModuleCache.noindex/Session.modulevalidation -fmodules-validate-once-per-build-session -Wnon-modular-include-in-framework-module -Werror\=non-modular-include-in-framework-module -Wno-trigraphs -Werror\=incompatible-pointer-types -Werror\=implicit-function-declaration -Wno-missing-field-initializers -Wno-missing-prototypes -Werror\=return-type -Wunreachable-code -Wno-implicit-atomic-properties -Werror\=deprecated-objc-isa-usage -Wno-objc-interface-ivars -Werror\=objc-root-class -Wno-arc-repeated-use-of-weak -Wimplicit-retain-self -Wduplicate-method-match -Wno-missing-braces -Wparentheses -Wswitch -Wunused-function -Wno-unused-label -Wno-unused-parameter -Wunused-variable -Wunused-value -Wempty-body -Wuninitialized -Wconditional-uninitialized -Wno-unknown-pragmas -w -Wno-shadow -Wno-four-char-constants -Wno-conversion -Wconstant-conversion -Wint-conversion -Wbool-conversion -Wenum-conversion -Wno-float-conversion -Wnon-literal-null-conversion -Wobjc-literal-conversion -Wshorten-64-to-32 -Wpointer-sign -Wno-newline-eof -Wno-selector -Wno-strict-selector-match -Wundeclared-selector -Wdeprecated-implementations -Wno-implicit-fallthrough -isysroot /Applications/Xcode_26.6.app/Contents/Developer/Platforms/iPhoneOS.platform/Developer/SDKs/iPhoneOS26.5.sdk -fstrict-aliasing -Wprotocol -Wdeprecated-declarations -Wno-sign-conversion -Winfinite-recursion -Wcomma -Wblock-capture-autoreleasing -Wstrict-prototypes -Wno-semicolon-before-method-body -Wunguarded-availability @/Users/runner/work/Bangumi/Bangumi/ios/build/Build/Intermediates.noindex/Pods.build/Release-iphoneos/EXUpdates.build/Objects-normal/arm64/e6072d4f65d7061329687fe24e3d63a7-common-args.resp -include /Users/runner/work/Bangumi/Bangumi/ios/Pods/Target\ Support\ Files/EXUpdates/EXUpdates-prefix.pch -MMD -MT dependencies -MF /Users/runner/work/Bangumi/Bangumi/ios/build/Build/Intermediates.noindex/Pods.build/Release-iphoneos/EXUpdates.build/Objects-normal/arm64/EXUpdates-dummy.d --serialize-diagnostics /Users/runner/work/Bangumi/Bangumi/ios/build/Build/Intermediates.noindex/Pods.build/Release-iphoneos/EXUpdates.build/Objects-normal/arm64/EXUpdates-dummy.dia -c /Users/runner/work/Bangumi/Bangumi/ios/Pods/Target\ Support\ Files/EXUpdates/EXUpdates-dummy.m -o /Users/runner/work/Bangumi/Bangumi/ios/build/Build/Intermediates.noindex/Pods.build/Release-iphoneos/EXUpdates.build/Objects-normal/arm64/EXUpdates-dummy.o

ScanDependencies /Users/runner/work/Bangumi/Bangumi/ios/build/Build/Intermediates.noindex/Pods.build/Release-iphoneos/EXUpdates.build/Objects-normal/arm64/EXDeferredRCTRootView.o /Users/runner/work/Bangumi/Bangumi/node_modules/expo-updates/ios/EXUpdates/ReactDelegateHandler/EXDeferredRCTRootView.m normal arm64 objective-c com.apple.compilers.llvm.clang.1_0.compiler (in target 'EXUpdates' from project 'Pods')
    cd /Users/runner/work/Bangumi/Bangumi/ios/Pods
    
    Using response file: /Users/runner/work/Bangumi/Bangumi/ios/build/Build/Intermediates.noindex/Pods.build/Release-iphoneos/EXUpdates.build/Objects-normal/arm64/e6072d4f65d7061329687fe24e3d63a7-common-args.resp
    
    builtin-ScanDependencies -o /Users/runner/work/Bangumi/Bangumi/ios/build/Build/Intermediates.noindex/Pods.build/Release-iphoneos/EXUpdates.build/Objects-normal/arm64/EXDeferredRCTRootView.o.scan -- /Applications/Xcode_26.6.app/Contents/Developer/Toolchains/XcodeDefault.xctoolchain/usr/bin/clang -x objective-c -ivfsstatcache /Users/runner/work/Bangumi/Bangumi/ios/build/SDKStatCaches.noindex/iphoneos26.5-23F81a-688ef53f1462e2c8f657fdc38a81448fee66e23052a0157c865c76b268046726.sdkstatcache -target arm64-apple-ios16.4 -fmessage-length\=0 -fdiagnostics-show-note-include-stack -fmacro-backtrace-limit\=0 -fno-color-diagnostics -fmodules-prune-interval\=86400 -fmodules-prune-after\=345600 -fbuild-session-file\=/Users/runner/work/Bangumi/Bangumi/ios/build/ModuleCache.noindex/Session.modulevalidation -fmodules-validate-once-per-build-session -Wnon-modular-include-in-framework-module -Werror\=non-modular-include-in-framework-module -Wno-trigraphs -Werror\=incompatible-pointer-types -Werror\=implicit-function-declaration -Wno-missing-field-initializers -Wno-missing-prototypes -Werror\=return-type -Wunreachable-code -Wno-implicit-atomic-properties -Werror\=deprecated-objc-isa-usage -Wno-objc-interface-ivars -Werror\=objc-root-class -Wno-arc-repeated-use-of-weak -Wimplicit-retain-self -Wduplicate-method-match -Wno-missing-braces -Wparentheses -Wswitch -Wunused-function -Wno-unused-label -Wno-unused-parameter -Wunused-variable -Wunused-value -Wempty-body -Wuninitialized -Wconditional-uninitialized -Wno-unknown-pragmas -w -Wno-shadow -Wno-four-char-constants -Wno-conversion -Wconstant-conversion -Wint-conversion -Wbool-conversion -Wenum-conversion -Wno-float-conversion -Wnon-literal-null-conversion -Wobjc-literal-conversion -Wshorten-64-to-32 -Wpointer-sign -Wno-newline-eof -Wno-selector -Wno-strict-selector-match -Wundeclared-selector -Wdeprecated-implementations -Wno-implicit-fallthrough -isysroot /Applications/Xcode_26.6.app/Contents/Developer/Platforms/iPhoneOS.platform/Developer/SDKs/iPhoneOS26.5.sdk -fstrict-aliasing -Wprotocol -Wdeprecated-declarations -Wno-sign-conversion -Winfinite-recursion -Wcomma -Wblock-capture-autoreleasing -Wstrict-prototypes -Wno-semicolon-before-method-body -Wunguarded-availability @/Users/runner/work/Bangumi/Bangumi/ios/build/Build/Intermediates.noindex/Pods.build/Release-iphoneos/EXUpdates.build/Objects-normal/arm64/e6072d4f65d7061329687fe24e3d63a7-common-args.resp -DRCT_NEW_ARCH_ENABLED\=1 -include /Users/runner/work/Bangumi/Bangumi/ios/Pods/Target\ Support\ Files/EXUpdates/EXUpdates-prefix.pch -MMD -MT dependencies -MF /Users/runner/work/Bangumi/Bangumi/ios/build/Build/Intermediates.noindex/Pods.build/Release-iphoneos/EXUpdates.build/Objects-normal/arm64/EXDeferredRCTRootView.d --serialize-diagnostics /Users/runner/work/Bangumi/Bangumi/ios/build/Build/Intermediates.noindex/Pods.build/Release-iphoneos/EXUpdates.build/Objects-normal/arm64/EXDeferredRCTRootView.dia -c /Users/runner/work/Bangumi/Bangumi/node_modules/expo-updates/ios/EXUpdates/ReactDelegateHandler/EXDeferredRCTRootView.m -o /Users/runner/work/Bangumi/Bangumi/ios/build/Build/Intermediates.noindex/Pods.build/Release-iphoneos/EXUpdates.build/Objects-normal/arm64/EXDeferredRCTRootView.o

PrecompileModule /Users/runner/work/Bangumi/Bangumi/ios/build/Build/Intermediates.noindex/ExplicitPrecompiledModules/ptrcheck-65YKDG1RQS8BQDXQYHBPPI65C.scan
    cd /
    builtin-precompileModule /Users/runner/work/Bangumi/Bangumi/ios/build/Build/Intermediates.noindex/ExplicitPrecompiledModules/ptrcheck-65YKDG1RQS8BQDXQYHBPPI65C.scan

CompileC /Users/runner/work/Bangumi/Bangumi/ios/build/Build/Intermediates.noindex/Pods.build/Release-iphoneos/EXUpdates.build/Objects-normal/arm64/EXUpdates-dummy.o /Users/runner/work/Bangumi/Bangumi/ios/Pods/Target\ Support\ Files/EXUpdates/EXUpdates-dummy.m normal arm64 objective-c com.apple.compilers.llvm.clang.1_0.compiler (in target 'EXUpdates' from project 'Pods')
    cd /Users/runner/work/Bangumi/Bangumi/ios/Pods
    
    Using response file: /Users/runner/work/Bangumi/Bangumi/ios/build/Build/Intermediates.noindex/Pods.build/Release-iphoneos/EXUpdates.build/Objects-normal/arm64/e6072d4f65d7061329687fe24e3d63a7-common-args.resp
    
    /Applications/Xcode_26.6.app/Contents/Developer/Toolchains/XcodeDefault.xctoolchain/usr/bin/clang -x objective-c -ivfsstatcache /Users/runner/work/Bangumi/Bangumi/ios/build/SDKStatCaches.noindex/iphoneos26.5-23F81a-688ef53f1462e2c8f657fdc38a81448fee66e23052a0157c865c76b268046726.sdkstatcache -target arm64-apple-ios16.4 -fmessage-length\=0 -fdiagnostics-show-note-include-stack -fmacro-backtrace-limit\=0 -fno-color-diagnostics -fmodules-prune-interval\=86400 -fmodules-prune-after\=345600 -fbuild-session-file\=/Users/runner/work/Bangumi/Bangumi/ios/build/ModuleCache.noindex/Session.modulevalidation -fmodules-validate-once-per-build-session -Wnon-modular-include-in-framework-module -Werror\=non-modular-include-in-framework-module -Wno-trigraphs -Werror\=incompatible-pointer-types -Werror\=implicit-function-declaration -Wno-missing-field-initializers -Wno-missing-prototypes -Werror\=return-type -Wunreachable-code -Wno-implicit-atomic-properties -Werror\=deprecated-objc-isa-usage -Wno-objc-interface-ivars -Werror\=objc-root-class -Wno-arc-repeated-use-of-weak -Wimplicit-retain-self -Wduplicate-method-match -Wno-missing-braces -Wparentheses -Wswitch -Wunused-function -Wno-unused-label -Wno-unused-parameter -Wunused-variable -Wunused-value -Wempty-body -Wuninitialized -Wconditional-uninitialized -Wno-unknown-pragmas -w -Wno-shadow -Wno-four-char-constants -Wno-conversion -Wconstant-conversion -Wint-conversion -Wbool-conversion -Wenum-conversion -Wno-float-conversion -Wnon-literal-null-conversion -Wobjc-literal-conversion -Wshorten-64-to-32 -Wpointer-sign -Wno-newline-eof -Wno-selector -Wno-strict-selector-match -Wundeclared-selector -Wdeprecated-implementations -Wno-implicit-fallthrough -isysroot /Applications/Xcode_26.6.app/Contents/Developer/Platforms/iPhoneOS.platform/Developer/SDKs/iPhoneOS26.5.sdk -fstrict-aliasing -Wprotocol -Wdeprecated-declarations -Wno-sign-conversion -Winfinite-recursion -Wcomma -Wblock-capture-autoreleasing -Wstrict-prototypes -Wno-semicolon-before-method-body -Wunguarded-availability @/Users/runner/work/Bangumi/Bangumi/ios/build/Build/Intermediates.noindex/Pods.build/Release-iphoneos/EXUpdates.build/Objects-normal/arm64/e6072d4f65d7061329687fe24e3d63a7-common-args.resp -include /Users/runner/work/Bangumi/Bangumi/ios/Pods/Target\ Support\ Files/EXUpdates/EXUpdates-prefix.pch -MMD -MT dependencies -MF /Users/runner/work/Bangumi/Bangumi/ios/build/Build/Intermediates.noindex/Pods.build/Release-iphoneos/EXUpdates.build/Objects-normal/arm64/EXUpdates-dummy.d --serialize-diagnostics /Users/runner/work/Bangumi/Bangumi/ios/build/Build/Intermediates.noindex/Pods.build/Release-iphoneos/EXUpdates.build/Objects-normal/arm64/EXUpdates-dummy.dia -c /Users/runner/work/Bangumi/Bangumi/ios/Pods/Target\ Support\ Files/EXUpdates/EXUpdates-dummy.m -o /Users/runner/work/Bangumi/Bangumi/ios/build/Build/Intermediates.noindex/Pods.build/Release-iphoneos/EXUpdates.build/Objects-normal/arm64/EXUpdates-dummy.o

PrecompileModule /Users/runner/work/Bangumi/Bangumi/ios/build/Build/Intermediates.noindex/ExplicitPrecompiledModules/_Builtin_float-ENN4UTFO46JBO927JCJGAEU9P.scan
    cd /
    builtin-precompileModule /Users/runner/work/Bangumi/Bangumi/ios/build/Build/Intermediates.noindex/ExplicitPrecompiledModules/_Builtin_float-ENN4UTFO46JBO927JCJGAEU9P.scan

PrecompileModule /Users/runner/work/Bangumi/Bangumi/ios/build/Build/Intermediates.noindex/ExplicitPrecompiledModules/_Builtin_stdbool-BZGGDWYY21MACQI74TL2MJQ6B.scan
    cd /
    builtin-precompileModule /Users/runner/work/Bangumi/Bangumi/ios/build/Build/Intermediates.noindex/ExplicitPrecompiledModules/_Builtin_stdbool-BZGGDWYY21MACQI74TL2MJQ6B.scan

PrecompileModule /Users/runner/work/Bangumi/Bangumi/ios/build/Build/Intermediates.noindex/ExplicitPrecompiledModules/_AvailabilityInternal-AQQJO271XHME009615B77L1VU.scan
    cd /
    builtin-precompileModule /Users/runner/work/Bangumi/Bangumi/ios/build/Build/Intermediates.noindex/ExplicitPrecompiledModules/_AvailabilityInternal-AQQJO271XHME009615B77L1VU.scan

PrecompileModule /Users/runner/work/Bangumi/Bangumi/ios/build/Build/Intermediates.noindex/ExplicitPrecompiledModules/ptrauth-9H1J42F1NT2511TMW9EQ9T21T.scan
    cd /
    builtin-precompileModule /Users/runner/work/Bangumi/Bangumi/ios/build/Build/Intermediates.noindex/ExplicitPrecompiledModules/ptrauth-9H1J42F1NT2511TMW9EQ9T21T.scan

PrecompileModule /Users/runner/work/Bangumi/Bangumi/ios/build/Build/Intermediates.noindex/ExplicitPrecompiledModules/_Builtin_stdbool-G8AHCU36345N3W86XPTBRE8G.scan
    cd /
    builtin-precompileModule /Users/runner/work/Bangumi/Bangumi/ios/build/Build/Intermediates.noindex/ExplicitPrecompiledModules/_Builtin_stdbool-G8AHCU36345N3W86XPTBRE8G.scan

PrecompileModule /Users/runner/work/Bangumi/Bangumi/ios/build/Build/Intermediates.noindex/ExplicitPrecompiledModules/_Builtin_stdarg-9F5ALL56WTPGMULDU15D8893S.scan
    cd /
    builtin-precompileModule /Users/runner/work/Bangumi/Bangumi/ios/build/Build/Intermediates.noindex/ExplicitPrecompiledModules/_Builtin_stdarg-9F5ALL56WTPGMULDU15D8893S.scan

PrecompileModule /Users/runner/work/Bangumi/Bangumi/ios/build/Build/Intermediates.noindex/ExplicitPrecompiledModules/_AvailabilityInternal-BPJUMHTXMWJP4ZITVYA2M0VMI.scan
    cd /
    builtin-precompileModule /Users/runner/work/Bangumi/Bangumi/ios/build/Build/Intermediates.noindex/ExplicitPrecompiledModules/_AvailabilityInternal-BPJUMHTXMWJP4ZITVYA2M0VMI.scan

PrecompileModule /Users/runner/work/Bangumi/Bangumi/ios/build/Build/Intermediates.noindex/ExplicitPrecompiledModules/_DarwinFoundation1-8XP0K8I68GBLTE0FWE499O4L8.scan
    cd /
    builtin-precompileModule /Users/runner/work/Bangumi/Bangumi/ios/build/Build/Intermediates.noindex/ExplicitPrecompiledModules/_DarwinFoundation1-8XP0K8I68GBLTE0FWE499O4L8.scan

PrecompileModule /Users/runner/work/Bangumi/Bangumi/ios/build/Build/Intermediates.noindex/ExplicitPrecompiledModules/_Builtin_stdarg-DL1XRSJLSI0WDBQIL27EF7OXG.scan
    cd /
    builtin-precompileModule /Users/runner/work/Bangumi/Bangumi/ios/build/Build/Intermediates.noindex/ExplicitPrecompiledModules/_Builtin_stdarg-DL1XRSJLSI0WDBQIL27EF7OXG.scan

PrecompileModule /Users/runner/work/Bangumi/Bangumi/ios/build/Build/Intermediates.noindex/ExplicitPrecompiledModules/_Builtin_stddef-F5JA40UPQ8VU95GDZIZ0W02C1.scan
    cd /
    builtin-precompileModule /Users/runner/work/Bangumi/Bangumi/ios/build/Build/Intermediates.noindex/ExplicitPrecompiledModules/_Builtin_stddef-F5JA40UPQ8VU95GDZIZ0W02C1.scan

PrecompileModule /Users/runner/work/Bangumi/Bangumi/ios/build/Build/Intermediates.noindex/ExplicitPrecompiledModules/_Builtin_stddef-9W60W76OYHLVM8RB9LCA5HN9V.scan
    cd /
    builtin-precompileModule /Users/runner/work/Bangumi/Bangumi/ios/build/Build/Intermediates.noindex/ExplicitPrecompiledModules/_Builtin_stddef-9W60W76OYHLVM8RB9LCA5HN9V.scan

PrecompileModule /Users/runner/work/Bangumi/Bangumi/ios/build/Build/Intermediates.noindex/ExplicitPrecompiledModules/ptrcheck-2MH3YRDUNU4L4HNMA12PYLHYI.scan
    cd /
    builtin-precompileModule /Users/runner/work/Bangumi/Bangumi/ios/build/Build/Intermediates.noindex/ExplicitPrecompiledModules/ptrcheck-2MH3YRDUNU4L4HNMA12PYLHYI.scan

PrecompileModule /Users/runner/work/Bangumi/Bangumi/ios/build/Build/Intermediates.noindex/ExplicitPrecompiledModules/_Builtin_limits-1JBQMJUXST66Z8STR3Z6SLTVT.scan
    cd /
    builtin-precompileModule /Users/runner/work/Bangumi/Bangumi/ios/build/Build/Intermediates.noindex/ExplicitPrecompiledModules/_Builtin_limits-1JBQMJUXST66Z8STR3Z6SLTVT.scan

PrecompileModule /Users/runner/work/Bangumi/Bangumi/ios/build/Build/Intermediates.noindex/ExplicitPrecompiledModules/_DarwinFoundation2-I99BBI29PEAFFKKXXAF6RM1T.scan
    cd /
    builtin-precompileModule /Users/runner/work/Bangumi/Bangumi/ios/build/Build/Intermediates.noindex/ExplicitPrecompiledModules/_DarwinFoundation2-I99BBI29PEAFFKKXXAF6RM1T.scan

PrecompileModule /Users/runner/work/Bangumi/Bangumi/ios/build/Build/Intermediates.noindex/ExplicitPrecompiledModules/_DarwinFoundation1-DXONAKC2U2HNXFIMQNXO3EXWL.scan
    cd /
    builtin-precompileModule /Users/runner/work/Bangumi/Bangumi/ios/build/Build/Intermediates.noindex/ExplicitPrecompiledModules/_DarwinFoundation1-DXONAKC2U2HNXFIMQNXO3EXWL.scan

PrecompileModule /Users/runner/work/Bangumi/Bangumi/ios/build/Build/Intermediates.noindex/ExplicitPrecompiledModules/_Builtin_stdint-5LVRKWVAP1FPNU45SG7TUNZII.scan
    cd /
    builtin-precompileModule /Users/runner/work/Bangumi/Bangumi/ios/build/Build/Intermediates.noindex/ExplicitPrecompiledModules/_Builtin_stdint-5LVRKWVAP1FPNU45SG7TUNZII.scan

PrecompileModule /Users/runner/work/Bangumi/Bangumi/ios/build/Build/Intermediates.noindex/ExplicitPrecompiledModules/_Builtin_limits-38GT55L6W0XYEYYK2SALNKQOH.scan
    cd /
    builtin-precompileModule /Users/runner/work/Bangumi/Bangumi/ios/build/Build/Intermediates.noindex/ExplicitPrecompiledModules/_Builtin_limits-38GT55L6W0XYEYYK2SALNKQOH.scan

PrecompileModule /Users/runner/work/Bangumi/Bangumi/ios/build/Build/Intermediates.noindex/ExplicitPrecompiledModules/_DarwinFoundation2-7EEJV54ZA9NP3VQSQU5JSWXE5.scan
    cd /
    builtin-precompileModule /Users/runner/work/Bangumi/Bangumi/ios/build/Build/Intermediates.noindex/ExplicitPrecompiledModules/_DarwinFoundation2-7EEJV54ZA9NP3VQSQU5JSWXE5.scan

PrecompileModule /Users/runner/work/Bangumi/Bangumi/ios/build/Build/Intermediates.noindex/ExplicitPrecompiledModules/_DarwinFoundation3-6C5URO5H94G21RAQOUSR0JO37.scan
    cd /
    builtin-precompileModule /Users/runner/work/Bangumi/Bangumi/ios/build/Build/Intermediates.noindex/ExplicitPrecompiledModules/_DarwinFoundation3-6C5URO5H94G21RAQOUSR0JO37.scan

PrecompileModule /Users/runner/work/Bangumi/Bangumi/ios/build/Build/Intermediates.noindex/ExplicitPrecompiledModules/_Builtin_tgmath-46OL8FOSMMQHSBT4LH2CO1UF7.scan
    cd /
    builtin-precompileModule /Users/runner/work/Bangumi/Bangumi/ios/build/Build/Intermediates.noindex/ExplicitPrecompiledModules/_Builtin_tgmath-46OL8FOSMMQHSBT4LH2CO1UF7.scan

PrecompileModule /Users/runner/work/Bangumi/Bangumi/ios/build/Build/Intermediates.noindex/ExplicitPrecompiledModules/_Builtin_stdint-8CC1CNVQENRUYGGNK8SMMFWZP.scan
    cd /
    builtin-precompileModule /Users/runner/work/Bangumi/Bangumi/ios/build/Build/Intermediates.noindex/ExplicitPrecompiledModules/_Builtin_stdint-8CC1CNVQENRUYGGNK8SMMFWZP.scan

PrecompileModule /Users/runner/work/Bangumi/Bangumi/ios/build/Build/Intermediates.noindex/ExplicitPrecompiledModules/_Builtin_intrinsics-7ZYQABUWZCS3SN5RR2R5WIV6C.scan
    cd /
    builtin-precompileModule /Users/runner/work/Bangumi/Bangumi/ios/build/Build/Intermediates.noindex/ExplicitPrecompiledModules/_Builtin_intrinsics-7ZYQABUWZCS3SN5RR2R5WIV6C.scan

PrecompileModule /Users/runner/work/Bangumi/Bangumi/ios/build/Build/Intermediates.noindex/ExplicitPrecompiledModules/_DarwinFoundation3-7WOR603Q06992DKVIZ84HJN4V.scan
    cd /
    builtin-precompileModule /Users/runner/work/Bangumi/Bangumi/ios/build/Build/Intermediates.noindex/ExplicitPrecompiledModules/_DarwinFoundation3-7WOR603Q06992DKVIZ84HJN4V.scan

PrecompileModule /Users/runner/work/Bangumi/Bangumi/ios/build/Build/Intermediates.noindex/ExplicitPrecompiledModules/_Builtin_inttypes-A2P1HSS2V19LE9EUTGJ5NUAY5.scan
    cd /
    builtin-precompileModule /Users/runner/work/Bangumi/Bangumi/ios/build/Build/Intermediates.noindex/ExplicitPrecompiledModules/_Builtin_inttypes-A2P1HSS2V19LE9EUTGJ5NUAY5.scan

PrecompileModule /Users/runner/work/Bangumi/Bangumi/ios/build/Build/Intermediates.noindex/ExplicitPrecompiledModules/Darwin-6VOKS4JM4NSX9YEBMFT3KONDZ.scan
    cd /
    builtin-precompileModule /Users/runner/work/Bangumi/Bangumi/ios/build/Build/Intermediates.noindex/ExplicitPrecompiledModules/Darwin-6VOKS4JM4NSX9YEBMFT3KONDZ.scan

PrecompileModule /Users/runner/work/Bangumi/Bangumi/ios/build/Build/Intermediates.noindex/ExplicitPrecompiledModules/_Builtin_inttypes-2P1VEODXVLE7VDOALCYIOSINN.scan
    cd /
    builtin-precompileModule /Users/runner/work/Bangumi/Bangumi/ios/build/Build/Intermediates.noindex/ExplicitPrecompiledModules/_Builtin_inttypes-2P1VEODXVLE7VDOALCYIOSINN.scan

PrecompileModule /Users/runner/work/Bangumi/Bangumi/ios/build/Build/Intermediates.noindex/ExplicitPrecompiledModules/Darwin-EAPNTM7DIGUZJVYOFF6IEQAIQ.scan
    cd /
    builtin-precompileModule /Users/runner/work/Bangumi/Bangumi/ios/build/Build/Intermediates.noindex/ExplicitPrecompiledModules/Darwin-EAPNTM7DIGUZJVYOFF6IEQAIQ.scan

PrecompileModule /Users/runner/work/Bangumi/Bangumi/ios/build/Build/Intermediates.noindex/ExplicitPrecompiledModules/simd-69Z3FD9JQ8J8G39BOXOC4YGPD.scan
    cd /
    builtin-precompileModule /Users/runner/work/Bangumi/Bangumi/ios/build/Build/Intermediates.noindex/ExplicitPrecompiledModules/simd-69Z3FD9JQ8J8G39BOXOC4YGPD.scan

PrecompileModule /Users/runner/work/Bangumi/Bangumi/ios/build/Build/Intermediates.noindex/ExplicitPrecompiledModules/ObjectiveC-7JCT6HSFKDSZHULWHFZ7V6G2T.scan
    cd /
    builtin-precompileModule /Users/runner/work/Bangumi/Bangumi/ios/build/Build/Intermediates.noindex/ExplicitPrecompiledModules/ObjectiveC-7JCT6HSFKDSZHULWHFZ7V6G2T.scan

CompileC /Users/runner/work/Bangumi/Bangumi/ios/build/Build/Intermediates.noindex/Pods.build/Release-iphoneos/EXUpdates.build/Objects-normal/arm64/bspatch-1542bc93fc8c69fe7c37b4ae1cd2360b.o /Users/runner/work/Bangumi/Bangumi/node_modules/expo-updates/ios/EXUpdates/BSPatch/bspatch.c normal arm64 c com.apple.compilers.llvm.clang.1_0.compiler (in target 'EXUpdates' from project 'Pods')
    cd /Users/runner/work/Bangumi/Bangumi/ios/Pods
    
    Using response file: /Users/runner/work/Bangumi/Bangumi/ios/build/Build/Intermediates.noindex/Pods.build/Release-iphoneos/EXUpdates.build/Objects-normal/arm64/7187679823f38a2a940e0043cdf9d637-common-args.resp
    
    /Applications/Xcode_26.6.app/Contents/Developer/Toolchains/XcodeDefault.xctoolchain/usr/bin/clang -x c -ivfsstatcache /Users/runner/work/Bangumi/Bangumi/ios/build/SDKStatCaches.noindex/iphoneos26.5-23F81a-688ef53f1462e2c8f657fdc38a81448fee66e23052a0157c865c76b268046726.sdkstatcache -target arm64-apple-ios16.4 -fmessage-length\=0 -fdiagnostics-show-note-include-stack -fmacro-backtrace-limit\=0 -fno-color-diagnostics -fmodules-prune-interval\=86400 -fmodules-prune-after\=345600 -fbuild-session-file\=/Users/runner/work/Bangumi/Bangumi/ios/build/ModuleCache.noindex/Session.modulevalidation -fmodules-validate-once-per-build-session -Wnon-modular-include-in-framework-module -Werror\=non-modular-include-in-framework-module -Wno-trigraphs -Werror\=incompatible-pointer-types -Werror\=implicit-function-declaration -Wno-missing-field-initializers -Wno-missing-prototypes -Werror\=return-type -Wunreachable-code -Werror\=deprecated-objc-isa-usage -Werror\=objc-root-class -Wno-missing-braces -Wparentheses -Wswitch -Wunused-function -Wno-unused-label -Wno-unused-parameter -Wunused-variable -Wunused-value -Wempty-body -Wuninitialized -Wconditional-uninitialized -Wno-unknown-pragmas -w -Wno-shadow -Wno-four-char-constants -Wno-conversion -Wconstant-conversion -Wint-conversion -Wbool-conversion -Wenum-conversion -Wno-float-conversion -Wnon-literal-null-conversion -Wobjc-literal-conversion -Wshorten-64-to-32 -Wpointer-sign -Wno-newline-eof -Wno-implicit-fallthrough -isysroot /Applications/Xcode_26.6.app/Contents/Developer/Platforms/iPhoneOS.platform/Developer/SDKs/iPhoneOS26.5.sdk -fstrict-aliasing -Wdeprecated-declarations -Wno-sign-conversion -Winfinite-recursion -Wcomma -Wblock-capture-autoreleasing -Wstrict-prototypes -Wno-semicolon-before-method-body -Wunguarded-availability @/Users/runner/work/Bangumi/Bangumi/ios/build/Build/Intermediates.noindex/Pods.build/Release-iphoneos/EXUpdates.build/Objects-normal/arm64/7187679823f38a2a940e0043cdf9d637-common-args.resp -DRCT_NEW_ARCH_ENABLED\=1 -include /Users/runner/work/Bangumi/Bangumi/ios/Pods/Target\ Support\ Files/EXUpdates/EXUpdates-prefix.pch -MMD -MT dependencies -MF /Users/runner/work/Bangumi/Bangumi/ios/build/Build/Intermediates.noindex/Pods.build/Release-iphoneos/EXUpdates.build/Objects-normal/arm64/bspatch-1542bc93fc8c69fe7c37b4ae1cd2360b.d --serialize-diagnostics /Users/runner/work/Bangumi/Bangumi/ios/build/Build/Intermediates.noindex/Pods.build/Release-iphoneos/EXUpdates.build/Objects-normal/arm64/bspatch-1542bc93fc8c69fe7c37b4ae1cd2360b.dia -c /Users/runner/work/Bangumi/Bangumi/node_modules/expo-updates/ios/EXUpdates/BSPatch/bspatch.c -o /Users/runner/work/Bangumi/Bangumi/ios/build/Build/Intermediates.noindex/Pods.build/Release-iphoneos/EXUpdates.build/Objects-normal/arm64/bspatch-1542bc93fc8c69fe7c37b4ae1cd2360b.o

PrecompileModule /Users/runner/work/Bangumi/Bangumi/ios/build/Build/Intermediates.noindex/ExplicitPrecompiledModules/os_object-O721TI7UPC3V2XE3HP1BAHDY.scan
    cd /
    builtin-precompileModule /Users/runner/work/Bangumi/Bangumi/ios/build/Build/Intermediates.noindex/ExplicitPrecompiledModules/os_object-O721TI7UPC3V2XE3HP1BAHDY.scan

PrecompileModule /Users/runner/work/Bangumi/Bangumi/ios/build/Build/Intermediates.noindex/ExplicitPrecompiledModules/os_workgroup-7ZMJG5IRVYNECLWUMK9Q3OTO4.scan
    cd /
    builtin-precompileModule /Users/runner/work/Bangumi/Bangumi/ios/build/Build/Intermediates.noindex/ExplicitPrecompiledModules/os_workgroup-7ZMJG5IRVYNECLWUMK9Q3OTO4.scan

PrecompileModule /Users/runner/work/Bangumi/Bangumi/ios/build/Build/Intermediates.noindex/ExplicitPrecompiledModules/Dispatch-5PFMK25CRWQJNKMSF082JWWE8.scan
    cd /
    builtin-precompileModule /Users/runner/work/Bangumi/Bangumi/ios/build/Build/Intermediates.noindex/ExplicitPrecompiledModules/Dispatch-5PFMK25CRWQJNKMSF082JWWE8.scan

PrecompileModule /Users/runner/work/Bangumi/Bangumi/ios/build/Build/Intermediates.noindex/ExplicitPrecompiledModules/CoreFoundation-ER81V4B8PF6QK4D6WNU4HZTO.scan
    cd /
    builtin-precompileModule /Users/runner/work/Bangumi/Bangumi/ios/build/Build/Intermediates.noindex/ExplicitPrecompiledModules/CoreFoundation-ER81V4B8PF6QK4D6WNU4HZTO.scan

PrecompileModule /Users/runner/work/Bangumi/Bangumi/ios/build/Build/Intermediates.noindex/ExplicitPrecompiledModules/dnssd-EM9FM1XZZJE8OZ47YT4BJYVGY.scan
    cd /
    builtin-precompileModule /Users/runner/work/Bangumi/Bangumi/ios/build/Build/Intermediates.noindex/ExplicitPrecompiledModules/dnssd-EM9FM1XZZJE8OZ47YT4BJYVGY.scan

PrecompileModule /Users/runner/work/Bangumi/Bangumi/ios/build/Build/Intermediates.noindex/ExplicitPrecompiledModules/XPC-ABKQS53UGIQ0YIOHTMMDX5319.scan
    cd /
    builtin-precompileModule /Users/runner/work/Bangumi/Bangumi/ios/build/Build/Intermediates.noindex/ExplicitPrecompiledModules/XPC-ABKQS53UGIQ0YIOHTMMDX5319.scan

PrecompileModule /Users/runner/work/Bangumi/Bangumi/ios/build/Build/Intermediates.noindex/ExplicitPrecompiledModules/CFNetwork-13JOK0YHKW3OUYVCZTYGGCTQP.scan
    cd /
    builtin-precompileModule /Users/runner/work/Bangumi/Bangumi/ios/build/Build/Intermediates.noindex/ExplicitPrecompiledModules/CFNetwork-13JOK0YHKW3OUYVCZTYGGCTQP.scan

PrecompileModule /Users/runner/work/Bangumi/Bangumi/ios/build/Build/Intermediates.noindex/ExplicitPrecompiledModules/CoreAudioTypes-A8E44GLS9N2ZJF5AZZP3D3S1H.scan
    cd /
    builtin-precompileModule /Users/runner/work/Bangumi/Bangumi/ios/build/Build/Intermediates.noindex/ExplicitPrecompiledModules/CoreAudioTypes-A8E44GLS9N2ZJF5AZZP3D3S1H.scan

PrecompileModule /Users/runner/work/Bangumi/Bangumi/ios/build/Build/Intermediates.noindex/ExplicitPrecompiledModules/CoreGraphics-BMES7MBNIWJO6LYB2T9C712YU.scan
    cd /
    builtin-precompileModule /Users/runner/work/Bangumi/Bangumi/ios/build/Build/Intermediates.noindex/ExplicitPrecompiledModules/CoreGraphics-BMES7MBNIWJO6LYB2T9C712YU.scan

PrecompileModule /Users/runner/work/Bangumi/Bangumi/ios/build/Build/Intermediates.noindex/ExplicitPrecompiledModules/Security-EL6W0S5XIYKJYGRBU3GBD8ZUU.scan
    cd /
    builtin-precompileModule /Users/runner/work/Bangumi/Bangumi/ios/build/Build/Intermediates.noindex/ExplicitPrecompiledModules/Security-EL6W0S5XIYKJYGRBU3GBD8ZUU.scan

PrecompileModule /Users/runner/work/Bangumi/Bangumi/ios/build/Build/Intermediates.noindex/ExplicitPrecompiledModules/CoreAudio-38ZCVND9TKF4NHC4WWJ00NY5G.scan
    cd /
    builtin-precompileModule /Users/runner/work/Bangumi/Bangumi/ios/build/Build/Intermediates.noindex/ExplicitPrecompiledModules/CoreAudio-38ZCVND9TKF4NHC4WWJ00NY5G.scan

PrecompileModule /Users/runner/work/Bangumi/Bangumi/ios/build/Build/Intermediates.noindex/ExplicitPrecompiledModules/Foundation-3DN0N7KLEOJ50QMHZWDAQPVFR.scan
    cd /
    builtin-precompileModule /Users/runner/work/Bangumi/Bangumi/ios/build/Build/Intermediates.noindex/ExplicitPrecompiledModules/Foundation-3DN0N7KLEOJ50QMHZWDAQPVFR.scan

PrecompileModule /Users/runner/work/Bangumi/Bangumi/ios/build/Build/Intermediates.noindex/ExplicitPrecompiledModules/ImageIO-95W6IA7PENFNS7Y5BXBQ0OYGL.scan
    cd /
    builtin-precompileModule /Users/runner/work/Bangumi/Bangumi/ios/build/Build/Intermediates.noindex/ExplicitPrecompiledModules/ImageIO-95W6IA7PENFNS7Y5BXBQ0OYGL.scan

PrecompileModule /Users/runner/work/Bangumi/Bangumi/ios/build/Build/Intermediates.noindex/ExplicitPrecompiledModules/CoreText-X0S20CMQ01RD9430FJIXT3Q6.scan
    cd /
    builtin-precompileModule /Users/runner/work/Bangumi/Bangumi/ios/build/Build/Intermediates.noindex/ExplicitPrecompiledModules/CoreText-X0S20CMQ01RD9430FJIXT3Q6.scan

PrecompileModule /Users/runner/work/Bangumi/Bangumi/ios/build/Build/Intermediates.noindex/ExplicitPrecompiledModules/JavaScriptCore-7FPMCG6S7RD2SORFP8RG1BM07.scan
    cd /
    builtin-precompileModule /Users/runner/work/Bangumi/Bangumi/ios/build/Build/Intermediates.noindex/ExplicitPrecompiledModules/JavaScriptCore-7FPMCG6S7RD2SORFP8RG1BM07.scan

PrecompileModule /Users/runner/work/Bangumi/Bangumi/ios/build/Build/Intermediates.noindex/ExplicitPrecompiledModules/Symbols-PQV3AGYS7L8D7FEQYNH5U1H7.scan
    cd /
    builtin-precompileModule /Users/runner/work/Bangumi/Bangumi/ios/build/Build/Intermediates.noindex/ExplicitPrecompiledModules/Symbols-PQV3AGYS7L8D7FEQYNH5U1H7.scan

PrecompileModule /Users/runner/work/Bangumi/Bangumi/ios/build/Build/Intermediates.noindex/ExplicitPrecompiledModules/CoreMIDI-16BN2XN3MCNTYR5ZY4VEEX4I.scan
    cd /
    builtin-precompileModule /Users/runner/work/Bangumi/Bangumi/ios/build/Build/Intermediates.noindex/ExplicitPrecompiledModules/CoreMIDI-16BN2XN3MCNTYR5ZY4VEEX4I.scan

PrecompileModule /Users/runner/work/Bangumi/Bangumi/ios/build/Build/Intermediates.noindex/ExplicitPrecompiledModules/UniformTypeIdentifiers-6B6SXXHNKVGKEY4XFXQSMUXS0.scan
    cd /
    builtin-precompileModule /Users/runner/work/Bangumi/Bangumi/ios/build/Build/Intermediates.noindex/ExplicitPrecompiledModules/UniformTypeIdentifiers-6B6SXXHNKVGKEY4XFXQSMUXS0.scan

PrecompileModule /Users/runner/work/Bangumi/Bangumi/ios/build/Build/Intermediates.noindex/ExplicitPrecompiledModules/UserNotifications-7G3P60187DQR3SLSKK9TOTLF3.scan
    cd /
    builtin-precompileModule /Users/runner/work/Bangumi/Bangumi/ios/build/Build/Intermediates.noindex/ExplicitPrecompiledModules/UserNotifications-7G3P60187DQR3SLSKK9TOTLF3.scan

PrecompileModule /Users/runner/work/Bangumi/Bangumi/ios/build/Build/Intermediates.noindex/ExplicitPrecompiledModules/FileProvider-3YHI5PMLWJ5KGE3UZNG4GDATQ.scan
    cd /
    builtin-precompileModule /Users/runner/work/Bangumi/Bangumi/ios/build/Build/Intermediates.noindex/ExplicitPrecompiledModules/FileProvider-3YHI5PMLWJ5KGE3UZNG4GDATQ.scan

PrecompileModule /Users/runner/work/Bangumi/Bangumi/ios/build/Build/Intermediates.noindex/ExplicitPrecompiledModules/UIUtilities-EQMM16Q5NHU9IPQ6ODGXVHP1.scan
    cd /
    builtin-precompileModule /Users/runner/work/Bangumi/Bangumi/ios/build/Build/Intermediates.noindex/ExplicitPrecompiledModules/UIUtilities-EQMM16Q5NHU9IPQ6ODGXVHP1.scan

PrecompileModule /Users/runner/work/Bangumi/Bangumi/ios/build/Build/Intermediates.noindex/ExplicitPrecompiledModules/AudioToolbox-1EXI4LGETQ1V3T661MVT1E3N9.scan
    cd /
    builtin-precompileModule /Users/runner/work/Bangumi/Bangumi/ios/build/Build/Intermediates.noindex/ExplicitPrecompiledModules/AudioToolbox-1EXI4LGETQ1V3T661MVT1E3N9.scan

PrecompileModule /Users/runner/work/Bangumi/Bangumi/ios/build/Build/Intermediates.noindex/ExplicitPrecompiledModules/IOSurface-65NBESE55M9HJGHPJ7SG7IJM5.scan
    cd /
    builtin-precompileModule /Users/runner/work/Bangumi/Bangumi/ios/build/Build/Intermediates.noindex/ExplicitPrecompiledModules/IOSurface-65NBESE55M9HJGHPJ7SG7IJM5.scan

PrecompileModule /Users/runner/work/Bangumi/Bangumi/ios/build/Build/Intermediates.noindex/ExplicitPrecompiledModules/Network-8SUCTJ42HOGMHOT6DFDQEDFRN.scan
    cd /
    builtin-precompileModule /Users/runner/work/Bangumi/Bangumi/ios/build/Build/Intermediates.noindex/ExplicitPrecompiledModules/Network-8SUCTJ42HOGMHOT6DFDQEDFRN.scan

PrecompileModule /Users/runner/work/Bangumi/Bangumi/ios/build/Build/Intermediates.noindex/ExplicitPrecompiledModules/Metal-5USE73UUKABZ8W4YIW6MU4XOM.scan
    cd /
    builtin-precompileModule /Users/runner/work/Bangumi/Bangumi/ios/build/Build/Intermediates.noindex/ExplicitPrecompiledModules/Metal-5USE73UUKABZ8W4YIW6MU4XOM.scan

PrecompileModule /Users/runner/work/Bangumi/Bangumi/ios/build/Build/Intermediates.noindex/ExplicitPrecompiledModules/OpenGLES-BN4W1BULWSC2P8XCGFPZ62CYN.scan
    cd /
    builtin-precompileModule /Users/runner/work/Bangumi/Bangumi/ios/build/Build/Intermediates.noindex/ExplicitPrecompiledModules/OpenGLES-BN4W1BULWSC2P8XCGFPZ62CYN.scan

PrecompileModule /Users/runner/work/Bangumi/Bangumi/ios/build/Build/Intermediates.noindex/ExplicitPrecompiledModules/AVRouting-HC0JISWPO5WLAGOETYYHX9ID.scan
    cd /
    builtin-precompileModule /Users/runner/work/Bangumi/Bangumi/ios/build/Build/Intermediates.noindex/ExplicitPrecompiledModules/AVRouting-HC0JISWPO5WLAGOETYYHX9ID.scan

PrecompileModule /Users/runner/work/Bangumi/Bangumi/ios/build/Build/Intermediates.noindex/ExplicitPrecompiledModules/CoreVideo-AQXB844A3OFOFDGSGPALIHMEP.scan
    cd /
    builtin-precompileModule /Users/runner/work/Bangumi/Bangumi/ios/build/Build/Intermediates.noindex/ExplicitPrecompiledModules/CoreVideo-AQXB844A3OFOFDGSGPALIHMEP.scan

PrecompileModule /Users/runner/work/Bangumi/Bangumi/ios/build/Build/Intermediates.noindex/ExplicitPrecompiledModules/CoreImage-AJIL6PBHKIHP3XTK3PDPXEVQC.scan
    cd /
    builtin-precompileModule /Users/runner/work/Bangumi/Bangumi/ios/build/Build/Intermediates.noindex/ExplicitPrecompiledModules/CoreImage-AJIL6PBHKIHP3XTK3PDPXEVQC.scan

PrecompileModule /Users/runner/work/Bangumi/Bangumi/ios/build/Build/Intermediates.noindex/ExplicitPrecompiledModules/CoreMedia-9C23W3NGYUAK2KD17XRHP62C.scan
    cd /
    builtin-precompileModule /Users/runner/work/Bangumi/Bangumi/ios/build/Build/Intermediates.noindex/ExplicitPrecompiledModules/CoreMedia-9C23W3NGYUAK2KD17XRHP62C.scan

PrecompileModule /Users/runner/work/Bangumi/Bangumi/ios/build/Build/Intermediates.noindex/ExplicitPrecompiledModules/QuartzCore-8JRV37FIRQMCB4HZ6UKGWLZ7.scan
    cd /
    builtin-precompileModule /Users/runner/work/Bangumi/Bangumi/ios/build/Build/Intermediates.noindex/ExplicitPrecompiledModules/QuartzCore-8JRV37FIRQMCB4HZ6UKGWLZ7.scan

PrecompileModule /Users/runner/work/Bangumi/Bangumi/ios/build/Build/Intermediates.noindex/ExplicitPrecompiledModules/UIKit-41WDW3VJ5B9WAA6ZSAQAIKKWV.scan
    cd /
    builtin-precompileModule /Users/runner/work/Bangumi/Bangumi/ios/build/Build/Intermediates.noindex/ExplicitPrecompiledModules/UIKit-41WDW3VJ5B9WAA6ZSAQAIKKWV.scan

PrecompileModule /Users/runner/work/Bangumi/Bangumi/ios/build/Build/Intermediates.noindex/ExplicitPrecompiledModules/MediaToolbox-3RH56ILTWFLWUE75IY6DC8M8B.scan
    cd /
    builtin-precompileModule /Users/runner/work/Bangumi/Bangumi/ios/build/Build/Intermediates.noindex/ExplicitPrecompiledModules/MediaToolbox-3RH56ILTWFLWUE75IY6DC8M8B.scan

PrecompileModule /Users/runner/work/Bangumi/Bangumi/ios/build/Build/Intermediates.noindex/ExplicitPrecompiledModules/AVFAudio-5HA0GG3BGRUI63REDNPLAZI6Q.scan
    cd /
    builtin-precompileModule /Users/runner/work/Bangumi/Bangumi/ios/build/Build/Intermediates.noindex/ExplicitPrecompiledModules/AVFAudio-5HA0GG3BGRUI63REDNPLAZI6Q.scan

PrecompileModule /Users/runner/work/Bangumi/Bangumi/ios/build/Build/Intermediates.noindex/ExplicitPrecompiledModules/AVFoundation-6X9M9M6IMR4RLAUX9LZ6TAB98.scan
    cd /
    builtin-precompileModule /Users/runner/work/Bangumi/Bangumi/ios/build/Build/Intermediates.noindex/ExplicitPrecompiledModules/AVFoundation-6X9M9M6IMR4RLAUX9LZ6TAB98.scan

CompileC /Users/runner/work/Bangumi/Bangumi/ios/build/Build/Intermediates.noindex/Pods.build/Release-iphoneos/EXUpdates.build/Objects-normal/arm64/EXUpdatesBSPatch.o /Users/runner/work/Bangumi/Bangumi/node_modules/expo-updates/ios/EXUpdates/EXUpdatesBSPatch.m normal arm64 objective-c com.apple.compilers.llvm.clang.1_0.compiler (in target 'EXUpdates' from project 'Pods')
    cd /Users/runner/work/Bangumi/Bangumi/ios/Pods
    
    Using response file: /Users/runner/work/Bangumi/Bangumi/ios/build/Build/Intermediates.noindex/Pods.build/Release-iphoneos/EXUpdates.build/Objects-normal/arm64/e6072d4f65d7061329687fe24e3d63a7-common-args.resp
    
    /Applications/Xcode_26.6.app/Contents/Developer/Toolchains/XcodeDefault.xctoolchain/usr/bin/clang -x objective-c -ivfsstatcache /Users/runner/work/Bangumi/Bangumi/ios/build/SDKStatCaches.noindex/iphoneos26.5-23F81a-688ef53f1462e2c8f657fdc38a81448fee66e23052a0157c865c76b268046726.sdkstatcache -target arm64-apple-ios16.4 -fmessage-length\=0 -fdiagnostics-show-note-include-stack -fmacro-backtrace-limit\=0 -fno-color-diagnostics -fmodules-prune-interval\=86400 -fmodules-prune-after\=345600 -fbuild-session-file\=/Users/runner/work/Bangumi/Bangumi/ios/build/ModuleCache.noindex/Session.modulevalidation -fmodules-validate-once-per-build-session -Wnon-modular-include-in-framework-module -Werror\=non-modular-include-in-framework-module -Wno-trigraphs -Werror\=incompatible-pointer-types -Werror\=implicit-function-declaration -Wno-missing-field-initializers -Wno-missing-prototypes -Werror\=return-type -Wunreachable-code -Wno-implicit-atomic-properties -Werror\=deprecated-objc-isa-usage -Wno-objc-interface-ivars -Werror\=objc-root-class -Wno-arc-repeated-use-of-weak -Wimplicit-retain-self -Wduplicate-method-match -Wno-missing-braces -Wparentheses -Wswitch -Wunused-function -Wno-unused-label -Wno-unused-parameter -Wunused-variable -Wunused-value -Wempty-body -Wuninitialized -Wconditional-uninitialized -Wno-unknown-pragmas -w -Wno-shadow -Wno-four-char-constants -Wno-conversion -Wconstant-conversion -Wint-conversion -Wbool-conversion -Wenum-conversion -Wno-float-conversion -Wnon-literal-null-conversion -Wobjc-literal-conversion -Wshorten-64-to-32 -Wpointer-sign -Wno-newline-eof -Wno-selector -Wno-strict-selector-match -Wundeclared-selector -Wdeprecated-implementations -Wno-implicit-fallthrough -isysroot /Applications/Xcode_26.6.app/Contents/Developer/Platforms/iPhoneOS.platform/Developer/SDKs/iPhoneOS26.5.sdk -fstrict-aliasing -Wprotocol -Wdeprecated-declarations -Wno-sign-conversion -Winfinite-recursion -Wcomma -Wblock-capture-autoreleasing -Wstrict-prototypes -Wno-semicolon-before-method-body -Wunguarded-availability @/Users/runner/work/Bangumi/Bangumi/ios/build/Build/Intermediates.noindex/Pods.build/Release-iphoneos/EXUpdates.build/Objects-normal/arm64/e6072d4f65d7061329687fe24e3d63a7-common-args.resp -DRCT_NEW_ARCH_ENABLED\=1 -include /Users/runner/work/Bangumi/Bangumi/ios/Pods/Target\ Support\ Files/EXUpdates/EXUpdates-prefix.pch -MMD -MT dependencies -MF /Users/runner/work/Bangumi/Bangumi/ios/build/Build/Intermediates.noindex/Pods.build/Release-iphoneos/EXUpdates.build/Objects-normal/arm64/EXUpdatesBSPatch.d --serialize-diagnostics /Users/runner/work/Bangumi/Bangumi/ios/build/Build/Intermediates.noindex/Pods.build/Release-iphoneos/EXUpdates.build/Objects-normal/arm64/EXUpdatesBSPatch.dia -c /Users/runner/work/Bangumi/Bangumi/node_modules/expo-updates/ios/EXUpdates/EXUpdatesBSPatch.m -o /Users/runner/work/Bangumi/Bangumi/ios/build/Build/Intermediates.noindex/Pods.build/Release-iphoneos/EXUpdates.build/Objects-normal/arm64/EXUpdatesBSPatch.o

PrecompileModule /Users/runner/work/Bangumi/Bangumi/ios/build/Build/Intermediates.noindex/ExplicitPrecompiledModules/AVKit-ENTOTFXIIY2GC8YH1MTR1KCR3.scan
    cd /
    builtin-precompileModule /Users/runner/work/Bangumi/Bangumi/ios/build/Build/Intermediates.noindex/ExplicitPrecompiledModules/AVKit-ENTOTFXIIY2GC8YH1MTR1KCR3.scan

PrecompileModule /Users/runner/work/Bangumi/Bangumi/ios/build/Build/Intermediates.noindex/ExplicitPrecompiledModules/ExpoModulesCore-30EV3ZS2RS5Z9F65TSNJ04FUI.scan
    cd /
    builtin-precompileModule /Users/runner/work/Bangumi/Bangumi/ios/build/Build/Intermediates.noindex/ExplicitPrecompiledModules/ExpoModulesCore-30EV3ZS2RS5Z9F65TSNJ04FUI.scan

CompileC /Users/runner/work/Bangumi/Bangumi/ios/build/Build/Intermediates.noindex/Pods.build/Release-iphoneos/EXUpdates.build/Objects-normal/arm64/EXDeferredRCTRootView.o /Users/runner/work/Bangumi/Bangumi/node_modules/expo-updates/ios/EXUpdates/ReactDelegateHandler/EXDeferredRCTRootView.m normal arm64 objective-c com.apple.compilers.llvm.clang.1_0.compiler (in target 'EXUpdates' from project 'Pods')
    cd /Users/runner/work/Bangumi/Bangumi/ios/Pods
    
    Using response file: /Users/runner/work/Bangumi/Bangumi/ios/build/Build/Intermediates.noindex/Pods.build/Release-iphoneos/EXUpdates.build/Objects-normal/arm64/e6072d4f65d7061329687fe24e3d63a7-common-args.resp
    
    /Applications/Xcode_26.6.app/Contents/Developer/Toolchains/XcodeDefault.xctoolchain/usr/bin/clang -x objective-c -ivfsstatcache /Users/runner/work/Bangumi/Bangumi/ios/build/SDKStatCaches.noindex/iphoneos26.5-23F81a-688ef53f1462e2c8f657fdc38a81448fee66e23052a0157c865c76b268046726.sdkstatcache -target arm64-apple-ios16.4 -fmessage-length\=0 -fdiagnostics-show-note-include-stack -fmacro-backtrace-limit\=0 -fno-color-diagnostics -fmodules-prune-interval\=86400 -fmodules-prune-after\=345600 -fbuild-session-file\=/Users/runner/work/Bangumi/Bangumi/ios/build/ModuleCache.noindex/Session.modulevalidation -fmodules-validate-once-per-build-session -Wnon-modular-include-in-framework-module -Werror\=non-modular-include-in-framework-module -Wno-trigraphs -Werror\=incompatible-pointer-types -Werror\=implicit-function-declaration -Wno-missing-field-initializers -Wno-missing-prototypes -Werror\=return-type -Wunreachable-code -Wno-implicit-atomic-properties -Werror\=deprecated-objc-isa-usage -Wno-objc-interface-ivars -Werror\=objc-root-class -Wno-arc-repeated-use-of-weak -Wimplicit-retain-self -Wduplicate-method-match -Wno-missing-braces -Wparentheses -Wswitch -Wunused-function -Wno-unused-label -Wno-unused-parameter -Wunused-variable -Wunused-value -Wempty-body -Wuninitialized -Wconditional-uninitialized -Wno-unknown-pragmas -w -Wno-shadow -Wno-four-char-constants -Wno-conversion -Wconstant-conversion -Wint-conversion -Wbool-conversion -Wenum-conversion -Wno-float-conversion -Wnon-literal-null-conversion -Wobjc-literal-conversion -Wshorten-64-to-32 -Wpointer-sign -Wno-newline-eof -Wno-selector -Wno-strict-selector-match -Wundeclared-selector -Wdeprecated-implementations -Wno-implicit-fallthrough -isysroot /Applications/Xcode_26.6.app/Contents/Developer/Platforms/iPhoneOS.platform/Developer/SDKs/iPhoneOS26.5.sdk -fstrict-aliasing -Wprotocol -Wdeprecated-declarations -Wno-sign-conversion -Winfinite-recursion -Wcomma -Wblock-capture-autoreleasing -Wstrict-prototypes -Wno-semicolon-before-method-body -Wunguarded-availability @/Users/runner/work/Bangumi/Bangumi/ios/build/Build/Intermediates.noindex/Pods.build/Release-iphoneos/EXUpdates.build/Objects-normal/arm64/e6072d4f65d7061329687fe24e3d63a7-common-args.resp -DRCT_NEW_ARCH_ENABLED\=1 -include /Users/runner/work/Bangumi/Bangumi/ios/Pods/Target\ Support\ Files/EXUpdates/EXUpdates-prefix.pch -MMD -MT dependencies -MF /Users/runner/work/Bangumi/Bangumi/ios/build/Build/Intermediates.noindex/Pods.build/Release-iphoneos/EXUpdates.build/Objects-normal/arm64/EXDeferredRCTRootView.d --serialize-diagnostics /Users/runner/work/Bangumi/Bangumi/ios/build/Build/Intermediates.noindex/Pods.build/Release-iphoneos/EXUpdates.build/Objects-normal/arm64/EXDeferredRCTRootView.dia -c /Users/runner/work/Bangumi/Bangumi/node_modules/expo-updates/ios/EXUpdates/ReactDelegateHandler/EXDeferredRCTRootView.m -o /Users/runner/work/Bangumi/Bangumi/ios/build/Build/Intermediates.noindex/Pods.build/Release-iphoneos/EXUpdates.build/Objects-normal/arm64/EXDeferredRCTRootView.o

Libtool /Users/runner/work/Bangumi/Bangumi/ios/build/Build/Products/Release-iphoneos/EXUpdates/libEXUpdates.a normal (in target 'EXUpdates' from project 'Pods')
    cd /Users/runner/work/Bangumi/Bangumi/ios/Pods
    /Applications/Xcode_26.6.app/Contents/Developer/Toolchains/XcodeDefault.xctoolchain/usr/bin/libtool -static -arch_only arm64 -D -syslibroot /Applications/Xcode_26.6.app/Contents/Developer/Platforms/iPhoneOS.platform/Developer/SDKs/iPhoneOS26.5.sdk -L/Users/runner/work/Bangumi/Bangumi/ios/build/Build/Products/Release-iphoneos/EXUpdates -filelist /Users/runner/work/Bangumi/Bangumi/ios/build/Build/Intermediates.noindex/Pods.build/Release-iphoneos/EXUpdates.build/Objects-normal/arm64/EXUpdates.LinkFileList -dependency_info /Users/runner/work/Bangumi/Bangumi/ios/build/Build/Intermediates.noindex/Pods.build/Release-iphoneos/EXUpdates.build/Objects-normal/arm64/EXUpdates_libtool_dependency_info.dat -o /Users/runner/work/Bangumi/Bangumi/ios/build/Build/Products/Release-iphoneos/EXUpdates/libEXUpdates.a

PhaseScriptExecution Copy\ generated\ compatibility\ header /Users/runner/work/Bangumi/Bangumi/ios/build/Build/Intermediates.noindex/Pods.build/Release-iphoneos/EXUpdates.build/Script-46EB2E0001A430.sh (in target 'EXUpdates' from project 'Pods')
    cd /Users/runner/work/Bangumi/Bangumi/ios/Pods
    export ACTION\=build
    export AD_HOC_CODE_SIGNING_ALLOWED\=NO
    export ALLOW_BUILD_REQUEST_OVERRIDES\=NO
    export ALLOW_TARGET_PLATFORM_SPECIALIZATION\=NO
    export ALTERNATE_GROUP\=staff
    export ALTERNATE_MODE\=u+w,go-w,a+rX
    export ALTERNATE_OWNER\=runner
    export ALTERNATIVE_DISTRIBUTION_WEB\=NO
    export ALWAYS_EMBED_SWIFT_STANDARD_LIBRARIES\=NO
    export ALWAYS_SEARCH_USER_PATHS\=NO
    export ALWAYS_USE_SEPARATE_HEADERMAPS\=NO
    export ANDROID_DEPLOYMENT_TARGET\=21.0
    export APPLICATION_EXTENSION_API_ONLY\=NO
    export APPLY_RULES_IN_COPY_FILES\=NO
    export APPLY_RULES_IN_COPY_HEADERS\=NO
    export APP_SHORTCUTS_ENABLE_FLEXIBLE_MATCHING\=YES
    export ARCHS\=arm64
    export ARCHS_BASE\=arm64
    export ARCHS_STANDARD\=arm64
    export ARCHS_STANDARD_32_64_BIT\=armv7\ arm64
    export ARCHS_STANDARD_32_BIT\=armv7
    export ARCHS_STANDARD_64_BIT\=arm64
    export ARCHS_STANDARD_INCLUDING_64_BIT\=arm64
    export ARCHS_UNIVERSAL_IPHONE_OS\=armv7\ arm64
    export AUTOMATICALLY_MERGE_DEPENDENCIES\=NO
    export AUTOMATION_APPLE_EVENTS\=NO
    export AVAILABLE_PLATFORMS\=android\ appletvos\ appletvsimulator\ driverkit\ freebsd\ iphoneos\ iphonesimulator\ linux\ macosx\ none\ openbsd\ qnx\ watchos\ watchsimulator\ webassembly\ xros\ xrsimulator
    export BUILD_ACTIVE_RESOURCES_ONLY\=NO
    export BUILD_COMPONENTS\=headers\ build
    export BUILD_DIR\=/Users/runner/work/Bangumi/Bangumi/ios/build/Build/Products
    export BUILD_LIBRARY_FOR_DISTRIBUTION\=NO
    export BUILD_ONLY_KNOWN_LOCALIZATIONS\=NO
    export BUILD_ROOT\=/Users/runner/work/Bangumi/Bangumi/ios/build/Build/Products
    export BUILD_STYLE\=
    export BUILD_VARIANTS\=normal
    export BUILT_PRODUCTS_DIR\=/Users/runner/work/Bangumi/Bangumi/ios/build/Build/Products/Release-iphoneos/EXUpdates
    export BUNDLE_CONTENTS_FOLDER_PATH_deep\=Contents/
    export BUNDLE_EXECUTABLE_FOLDER_NAME_deep\=MacOS
    export BUNDLE_EXTENSIONS_FOLDER_PATH\=Extensions
    export BUNDLE_FORMAT\=shallow
    export BUNDLE_FRAMEWORKS_FOLDER_PATH\=Frameworks
    export BUNDLE_PLUGINS_FOLDER_PATH\=PlugIns
    export BUNDLE_PRIVATE_HEADERS_FOLDER_PATH\=PrivateHeaders
    export BUNDLE_PUBLIC_HEADERS_FOLDER_PATH\=Headers
    export CACHE_ROOT\=/var/folders/36/tjdph2t965j8snz9_vkdnw0r0000gn/C/com.apple.DeveloperTools/26.6-17F113/Xcode
    export CCHROOT\=/var/folders/36/tjdph2t965j8snz9_vkdnw0r0000gn/C/com.apple.DeveloperTools/26.6-17F113/Xcode
    export CHMOD\=/bin/chmod
    export CHOWN\=chown
    export CLANG_ANALYZER_LOCALIZABILITY_NONLOCALIZED\=YES
    export CLANG_ANALYZER_NONNULL\=YES
    export CLANG_ANALYZER_NUMBER_OBJECT_CONVERSION\=YES_AGGRESSIVE
    export CLANG_CACHE_FINE_GRAINED_OUTPUTS\=YES
    export CLANG_CXX_LANGUAGE_STANDARD\=c++20
    export CLANG_CXX_LIBRARY\=libc++
    export CLANG_ENABLE_EXPLICIT_MODULES\=YES
    export CLANG_ENABLE_MODULES\=YES
    export CLANG_ENABLE_MODULE_DEBUGGING\=NO
    export CLANG_ENABLE_OBJC_ARC\=YES
    export CLANG_ENABLE_OBJC_WEAK\=NO
    export CLANG_MODULES_BUILD_SESSION_FILE\=/Users/runner/work/Bangumi/Bangumi/ios/build/ModuleCache.noindex/Session.modulevalidation
    export CLANG_WARN_BLOCK_CAPTURE_AUTORELEASING\=YES
    export CLANG_WARN_BOOL_CONVERSION\=YES
    export CLANG_WARN_COMMA\=YES
    export CLANG_WARN_CONSTANT_CONVERSION\=YES
    export CLANG_WARN_DEPRECATED_OBJC_IMPLEMENTATIONS\=YES
    export CLANG_WARN_DIRECT_OBJC_ISA_USAGE\=YES_ERROR
    export CLANG_WARN_DOCUMENTATION_COMMENTS\=NO
    export CLANG_WARN_EMPTY_BODY\=YES
    export CLANG_WARN_ENUM_CONVERSION\=YES
    export CLANG_WARN_INFINITE_RECURSION\=YES
    export CLANG_WARN_INT_CONVERSION\=YES
    export CLANG_WARN_NON_LITERAL_NULL_CONVERSION\=YES
    export CLANG_WARN_OBJC_IMPLICIT_RETAIN_SELF\=YES
    export CLANG_WARN_OBJC_LITERAL_CONVERSION\=YES
    export CLANG_WARN_OBJC_ROOT_CLASS\=YES_ERROR
    export CLANG_WARN_QUOTED_INCLUDE_IN_FRAMEWORK_HEADER\=NO
    export CLANG_WARN_RANGE_LOOP_ANALYSIS\=YES
    export CLANG_WARN_STRICT_PROTOTYPES\=YES
    export CLANG_WARN_SUSPICIOUS_MOVE\=YES
    export CLANG_WARN_UNGUARDED_AVAILABILITY\=YES_AGGRESSIVE
    export CLANG_WARN_UNREACHABLE_CODE\=YES
    export CLANG_WARN__DUPLICATE_METHOD_MATCH\=YES
    export CLASS_FILE_DIR\=/Users/runner/work/Bangumi/Bangumi/ios/build/Build/Intermediates.noindex/Pods.build/Release-iphoneos/EXUpdates.build/JavaClasses
    export CLEAN_PRECOMPS\=YES
    export CLONE_HEADERS\=NO
    export CODESIGNING_FOLDER_PATH\=/Users/runner/work/Bangumi/Bangumi/ios/build/Build/Products/Release-iphoneos/EXUpdates/libEXUpdates.a
    export CODE_SIGNING_ALLOWED\=NO
    export CODE_SIGNING_REQUIRED\=NO
    export CODE_SIGN_CONTEXT_CLASS\=XCiPhoneOSCodeSignContext
    export CODE_SIGN_INJECT_BASE_ENTITLEMENTS\=YES
    export COLOR_DIAGNOSTICS\=NO
    export COMBINE_HIDPI_IMAGES\=NO
    export COMPILATION_CACHE_CAS_PATH\=/Users/runner/work/Bangumi/Bangumi/ios/build/CompilationCache.noindex
    export COMPILATION_CACHE_KEEP_CAS_DIRECTORY\=YES
    export COMPILER_INDEX_STORE_ENABLE\=NO
    export COMPOSITE_SDK_DIRS\=/Users/runner/work/Bangumi/Bangumi/ios/build/Build/Intermediates.noindex/CompositeSDKs
    export COMPRESS_PNG_FILES\=YES
    export CONFIGURATION\=Release
    export CONFIGURATION_BUILD_DIR\=/Users/runner/work/Bangumi/Bangumi/ios/build/Build/Products/Release-iphoneos/EXUpdates
    export CONFIGURATION_TEMP_DIR\=/Users/runner/work/Bangumi/Bangumi/ios/build/Build/Intermediates.noindex/Pods.build/Release-iphoneos
    export COPYING_PRESERVES_HFS_DATA\=NO
    export COPY_HEADERS_RUN_UNIFDEF\=NO
    export COPY_PHASE_STRIP\=NO
    export CORRESPONDING_SIMULATOR_PLATFORM_DIR\=/Applications/Xcode_26.6.app/Contents/Developer/Platforms/iPhoneSimulator.platform
    export CORRESPONDING_SIMULATOR_PLATFORM_NAME\=iphonesimulator
    export CORRESPONDING_SIMULATOR_SDK_DIR\=/Applications/Xcode_26.6.app/Contents/Developer/Platforms/iPhoneSimulator.platform/Developer/SDKs/iPhoneSimulator26.5.sdk
    export CORRESPONDING_SIMULATOR_SDK_NAME\=iphonesimulator26.5
    export CP\=/bin/cp
    export CREATE_INFOPLIST_SECTION_IN_BINARY\=NO
    export CURRENT_ARCH\=undefined_arch
    export CURRENT_VARIANT\=normal
    export DEAD_CODE_STRIPPING\=YES
    export DEBUGGING_SYMBOLS\=YES
    export DEBUG_INFORMATION_FORMAT\=dwarf-with-dsym
    export DEBUG_INFORMATION_VERSION\=compiler-default
    export DEFAULT_COMPILER\=com.apple.compilers.llvm.clang.1_0
    export DEFAULT_DEXT_INSTALL_PATH\=/System/Library/DriverExtensions
    export DEFAULT_KEXT_INSTALL_PATH\=/System/Library/Extensions
    export DEFINES_MODULE\=YES
    export DEPLOYMENT_LOCATION\=NO
    export DEPLOYMENT_POSTPROCESSING\=NO
    export DEPLOYMENT_TARGET_SETTING_NAME\=IPHONEOS_DEPLOYMENT_TARGET
    export DEPLOYMENT_TARGET_SUGGESTED_VALUES\=12.0\ 12.1\ 12.2\ 12.3\ 12.4\ 13.0\ 13.1\ 13.2\ 13.3\ 13.4\ 13.5\ 13.6\ 14.0\ 14.1\ 14.2\ 14.3\ 14.4\ 14.5\ 14.6\ 14.7\ 15.0\ 15.1\ 15.2\ 15.3\ 15.4\ 15.5\ 15.6\ 16.0\ 16.1\ 16.2\ 16.3\ 16.4\ 16.5\ 16.6\ 17.0\ 17.1\ 17.2\ 17.3\ 17.4\ 17.5\ 17.6\ 18.0\ 18.1\ 18.2\ 18.3\ 18.4\ 18.5\ 18.6\ 26.0\ 26.2\ 26.3\ 26.4\ 26.5
    export DERIVED_FILES_DIR\=/Users/runner/work/Bangumi/Bangumi/ios/build/Build/Intermediates.noindex/Pods.build/Release-iphoneos/EXUpdates.build/DerivedSources
    export DERIVED_FILE_DIR\=/Users/runner/work/Bangumi/Bangumi/ios/build/Build/Intermediates.noindex/Pods.build/Release-iphoneos/EXUpdates.build/DerivedSources
    export DERIVED_SOURCES_DIR\=/Users/runner/work/Bangumi/Bangumi/ios/build/Build/Intermediates.noindex/Pods.build/Release-iphoneos/EXUpdates.build/DerivedSources
    export DERIVE_MACCATALYST_PRODUCT_BUNDLE_IDENTIFIER\=NO
    export DEVELOPER_APPLICATIONS_DIR\=/Applications/Xcode_26.6.app/Contents/Developer/Applications
    export DEVELOPER_BIN_DIR\=/Applications/Xcode_26.6.app/Contents/Developer/usr/bin
    export DEVELOPER_DIR\=/Applications/Xcode_26.6.app/Contents/Developer
    export DEVELOPER_FRAMEWORKS_DIR\=/Applications/Xcode_26.6.app/Contents/Developer/Library/Frameworks
    export DEVELOPER_FRAMEWORKS_DIR_QUOTED\=/Applications/Xcode_26.6.app/Contents/Developer/Library/Frameworks
    export DEVELOPER_LIBRARY_DIR\=/Applications/Xcode_26.6.app/Contents/Developer/Library
    export DEVELOPER_SDK_DIR\=/Applications/Xcode_26.6.app/Contents/Developer/Platforms/MacOSX.platform/Developer/SDKs
    export DEVELOPER_TOOLS_DIR\=/Applications/Xcode_26.6.app/Contents/Developer/Tools
    export DEVELOPER_USR_DIR\=/Applications/Xcode_26.6.app/Contents/Developer/usr
    export DEVELOPMENT_LANGUAGE\=en
    export DIAGNOSE_MISSING_TARGET_DEPENDENCIES\=YES
    export DIFF\=/usr/bin/diff
    export DONT_GENERATE_INFOPLIST_FILE\=NO
    export DSTROOT\=/tmp/Pods.dst
    export DT_TOOLCHAIN_DIR\=/Applications/Xcode_26.6.app/Contents/Developer/Toolchains/XcodeDefault.xctoolchain
    export DUMP_DEPENDENCIES\=NO
    export DUMP_DEPENDENCIES_OUTPUT_PATH\=/Users/runner/work/Bangumi/Bangumi/ios/build/Build/Intermediates.noindex/Pods.build/Release-iphoneos/EXUpdates.build/EXUpdates-BuildDependencyInfo.json
    export DWARF_DSYM_FILE_NAME\=libEXUpdates.a.dSYM
    export DWARF_DSYM_FILE_SHOULD_ACCOMPANY_PRODUCT\=NO
    export DWARF_DSYM_FOLDER_PATH\=/Users/runner/work/Bangumi/Bangumi/ios/build/Build/Products/Release-iphoneos/EXUpdates
    export DYNAMIC_LIBRARY_EXTENSION\=dylib
    export EAGER_COMPILATION_ALLOW_SCRIPTS\=NO
    export EAGER_LINKING\=NO
    export EFFECTIVE_PLATFORM_NAME\=-iphoneos
    export EFFECTIVE_SWIFT_VERSION\=5
    export EMBEDDED_CONTENT_CONTAINS_SWIFT\=NO
    export EMBEDDED_PROFILE_NAME\=embedded.mobileprovision
    export EMBED_ASSET_PACKS_IN_PRODUCT_BUNDLE\=NO
    export ENABLE_APP_SANDBOX\=NO
    export ENABLE_CODE_COVERAGE\=YES
    export ENABLE_COHORT_ARCHS\=NO
    export ENABLE_CPLUSPLUS_BOUNDS_SAFE_BUFFERS\=NO
    export ENABLE_C_BOUNDS_SAFETY\=NO
    export ENABLE_DEBUG_DYLIB\=NO
    export ENABLE_DEFAULT_HEADER_SEARCH_PATHS\=YES
    export ENABLE_DEFAULT_SEARCH_PATHS\=YES
    export ENABLE_ENHANCED_SECURITY\=NO
    export ENABLE_HARDENED_RUNTIME\=NO
    export ENABLE_HEADER_DEPENDENCIES\=YES
    export ENABLE_INCOMING_NETWORK_CONNECTIONS\=NO
    export ENABLE_MODULE_VERIFIER\=NO
    export ENABLE_NS_ASSERTIONS\=NO
    export ENABLE_ON_DEMAND_RESOURCES\=NO
    export ENABLE_OUTGOING_NETWORK_CONNECTIONS\=NO
    export ENABLE_POINTER_AUTHENTICATION\=NO
    export ENABLE_PREVIEWS\=NO
    export ENABLE_RESOURCE_ACCESS_AUDIO_INPUT\=NO
    export ENABLE_RESOURCE_ACCESS_BLUETOOTH\=NO
    export ENABLE_RESOURCE_ACCESS_CALENDARS\=NO
    export ENABLE_RESOURCE_ACCESS_CAMERA\=NO
    export ENABLE_RESOURCE_ACCESS_CONTACTS\=NO
    export ENABLE_RESOURCE_ACCESS_LOCATION\=NO
    export ENABLE_RESOURCE_ACCESS_PHOTO_LIBRARY\=NO
    export ENABLE_RESOURCE_ACCESS_PRINTING\=NO
    export ENABLE_RESOURCE_ACCESS_USB\=NO
    export ENABLE_SDK_IMPORTS\=NO
    export ENABLE_SECURITY_COMPILER_WARNINGS\=NO
    export ENABLE_STRICT_OBJC_MSGSEND\=YES
    export ENABLE_TESTABILITY\=NO
    export ENABLE_TESTING_SEARCH_PATHS\=NO
    export ENABLE_USER_SCRIPT_SANDBOXING\=NO
    export ENABLE_XOJIT_PREVIEWS\=NO
    export ENFORCE_VALID_ARCHS\=YES
    export ENTITLEMENTS_DESTINATION\=Signature
    export ENTITLEMENTS_REQUIRED\=YES
    export EXCLUDED_INSTALLSRC_SUBDIRECTORY_PATTERNS\=.DS_Store\ .svn\ .git\ .hg\ CVS
    export EXCLUDED_RECURSIVE_SEARCH_PATH_SUBDIRECTORIES\=\*.nib\ \*.lproj\ \*.framework\ \*.gch\ \*.xcode\*\ \*.xcassets\ \*.icon\ \(\*\)\ .DS_Store\ CVS\ .svn\ .git\ .hg\ \*.pbproj\ \*.pbxproj
    export EXECUTABLE_EXTENSION\=a
    export EXECUTABLE_NAME\=libEXUpdates.a
    export EXECUTABLE_PATH\=libEXUpdates.a
    export EXECUTABLE_PREFIX\=lib
    export EXECUTABLE_SUFFIX\=.a
    export FILE_LIST\=/Users/runner/work/Bangumi/Bangumi/ios/build/Build/Intermediates.noindex/Pods.build/Release-iphoneos/EXUpdates.build/Objects/LinkFileList
    export FIXED_FILES_DIR\=/Users/runner/work/Bangumi/Bangumi/ios/build/Build/Intermediates.noindex/Pods.build/Release-iphoneos/EXUpdates.build/FixedFiles
    export FRAMEWORK_FLAG_PREFIX\=-framework
    export FRAMEWORK_SEARCH_PATHS\=/Users/runner/work/Bangumi/Bangumi/ios/build/Build/Products/Release-iphoneos/EXUpdates\ \ \"/Users/runner/work/Bangumi/Bangumi/ios/Pods/../../node_modules/expo-modules-jsi/apple/Products\"\ \"/Users/runner/work/Bangumi/Bangumi/ios/Pods/ExpoModulesCore\"\ \"/Users/runner/work/Bangumi/Bangumi/ios/Pods/React-Core-prebuilt\"\ \"/Users/runner/work/Bangumi/Bangumi/ios/Pods/ReactNativeDependencies/framework/packages/react-native\"\ \"/Users/runner/work/Bangumi/Bangumi/ios/Pods/hermes-engine/destroot/Library/Frameworks/universal\"\ \"/Users/runner/work/Bangumi/Bangumi/ios/build/Build/Products/Release-iphoneos/XCFrameworkIntermediates/ExpoModulesCore\"\ \"/Users/runner/work/Bangumi/Bangumi/ios/build/Build/Products/Release-iphoneos/XCFrameworkIntermediates/ExpoModulesJSI\"\ \"/Users/runner/work/Bangumi/Bangumi/ios/build/Build/Products/Release-iphoneos/XCFrameworkIntermediates/React-Core-prebuilt\"\ \"/Users/runner/work/Bangumi/Bangumi/ios/build/Build/Products/Release-iphoneos/XCFrameworkIntermediates/ReactNativeDependencies\"\ \"/Users/runner/work/Bangumi/Bangumi/ios/build/Build/Products/Release-iphoneos/XCFrameworkIntermediates/hermes-engine/Pre-built\"
    export FRAMEWORK_VERSION\=A
    export FULL_PRODUCT_NAME\=libEXUpdates.a
    export FUSE_BUILD_PHASES\=YES
    export FUSE_BUILD_SCRIPT_PHASES\=NO
    export GCC3_VERSION\=3.3
    export GCC_C_LANGUAGE_STANDARD\=gnu11
    export GCC_NO_COMMON_BLOCKS\=YES
    export GCC_PFE_FILE_C_DIALECTS\=c\ objective-c\ c++\ objective-c++
    export GCC_PREFIX_HEADER\=Target\ Support\ Files/EXUpdates/EXUpdates-prefix.pch
    export GCC_PREPROCESSOR_DEFINITIONS\=POD_CONFIGURATION_RELEASE\=1\ \ COCOAPODS\=1
    export GCC_THUMB_SUPPORT\=YES
    export GCC_TREAT_IMPLICIT_FUNCTION_DECLARATIONS_AS_ERRORS\=YES
    export GCC_TREAT_INCOMPATIBLE_POINTER_TYPE_WARNINGS_AS_ERRORS\=YES
    export GCC_TREAT_WARNINGS_AS_ERRORS\=NO
    export GCC_VERSION\=com.apple.compilers.llvm.clang.1_0
    export GCC_VERSION_IDENTIFIER\=com_apple_compilers_llvm_clang_1_0
    export GCC_WARN_64_TO_32_BIT_CONVERSION\=YES
    export GCC_WARN_ABOUT_RETURN_TYPE\=YES_ERROR
    export GCC_WARN_INHIBIT_ALL_WARNINGS\=YES
    export GCC_WARN_UNDECLARED_SELECTOR\=YES
    export GCC_WARN_UNINITIALIZED_AUTOS\=YES_AGGRESSIVE
    export GCC_WARN_UNUSED_FUNCTION\=YES
    export GCC_WARN_UNUSED_VARIABLE\=YES
    export GENERATED_MODULEMAP_DIR\=/Users/runner/work/Bangumi/Bangumi/ios/build/Build/Intermediates.noindex/GeneratedModuleMaps-iphoneos
    export GENERATE_INFOPLIST_FILE\=NO
    export GENERATE_INTERMEDIATE_TEXT_BASED_STUBS\=YES
    export GENERATE_PKGINFO_FILE\=NO
    export GENERATE_PRELINK_OBJECT_FILE\=NO
    export GENERATE_PROFILING_CODE\=NO
    export GENERATE_TEXT_BASED_STUBS\=NO
    export GID\=20
    export GROUP\=staff
    export HEADERMAP_INCLUDES_FLAT_ENTRIES_FOR_TARGET_BEING_BUILT\=YES
    export HEADERMAP_INCLUDES_FRAMEWORK_ENTRIES_FOR_ALL_PRODUCT_TYPES\=YES
    export HEADERMAP_INCLUDES_FRAMEWORK_ENTRIES_FOR_TARGETS_NOT_BEING_BUILT\=YES
    export HEADERMAP_INCLUDES_NONPUBLIC_NONPRIVATE_HEADERS\=YES
    export HEADERMAP_INCLUDES_PROJECT_HEADERS\=YES
    export HEADERMAP_USES_FRAMEWORK_PREFIX_ENTRIES\=YES
    export HEADERMAP_USES_VFS\=YES
    export HEADER_SEARCH_PATHS\=/Users/runner/work/Bangumi/Bangumi/ios/build/Build/Products/Release-iphoneos/EXUpdates/include\ \ \"/Users/runner/work/Bangumi/Bangumi/ios/Pods/Headers/Private\"\ \"/Users/runner/work/Bangumi/Bangumi/ios/Pods/Headers/Private/EXUpdates\"\ \"/Users/runner/work/Bangumi/Bangumi/ios/Pods/Headers/Public\"\ \"/Users/runner/work/Bangumi/Bangumi/ios/Pods/Headers/Public/FBLazyVector\"\ \"/Users/runner/work/Bangumi/Bangumi/ios/Pods/Headers/Public/RCTRequired\"\ \"/Users/runner/work/Bangumi/Bangumi/ios/Pods/Headers/Public/RCTSwiftUIWrapper\"\ \"/Users/runner/work/Bangumi/Bangumi/ios/Pods/Headers/Public/RCTTypeSafety\"\ \"/Users/runner/work/Bangumi/Bangumi/ios/Pods/Headers/Public/React-Core\"\ \"/Users/runner/work/Bangumi/Bangumi/ios/Pods/Headers/Public/React-Core-prebuilt\"\ \"/Users/runner/work/Bangumi/Bangumi/ios/Pods/Headers/Public/React-CoreModules\"\ \"/Users/runner/work/Bangumi/Bangumi/ios/Pods/Headers/Public/React-Fabric\"\ \"/Users/runner/work/Bangumi/Bangumi/ios/Pods/Headers/Public/React-FabricComponents\"\ \"/Users/runner/work/Bangumi/Bangumi/ios/Pods/Headers/Public/React-FabricImage\"\ \"/Users/runner/work/Bangumi/Bangumi/ios/Pods/Headers/Public/React-ImageManager\"\ \"/Users/runner/work/Bangumi/Bangumi/ios/Pods/Headers/Public/React-Mapbuffer\"\ \"/Users/runner/work/Bangumi/Bangumi/ios/Pods/Headers/Public/React-NativeModulesApple\"\ \"/Users/runner/work/Bangumi/Bangumi/ios/Pods/Headers/Public/React-RCTAnimation\"\ \"/Users/runner/work/Bangumi/Bangumi/ios/Pods/Headers/Public/React-RCTBlob\"\ \"/Users/runner/work/Bangumi/Bangumi/ios/Pods/Headers/Public/React-RCTFBReactNativeSpec\"\ \"/Users/runner/work/Bangumi/Bangumi/ios/Pods/Headers/Public/React-RCTFabric\"\ \"/Users/runner/work/Bangumi/Bangumi/ios/Pods/Headers/Public/React-RCTImage\"\ \"/Users/runner/work/Bangumi/Bangumi/ios/Pods/Headers/Public/React-RCTRuntime\"\ \"/Users/runner/work/Bangumi/Bangumi/ios/Pods/Headers/Public/React-RCTText\"\ \"/Users/runner/work/Bangumi/Bangumi/ios/Pods/Headers/Public/React-RuntimeApple\"\ \"/Users/runner/work/Bangumi/Bangumi/ios/Pods/Headers/Public/React-RuntimeCore\"\ \"/Users/runner/work/Bangumi/Bangumi/ios/Pods/Headers/Public/React-RuntimeHermes\"\ \"/Users/runner/work/Bangumi/Bangumi/ios/Pods/Headers/Public/React-callinvoker\"\ \"/Users/runner/work/Bangumi/Bangumi/ios/Pods/Headers/Public/React-cxxreact\"\ \"/Users/runner/work/Bangumi/Bangumi/ios/Pods/Headers/Public/React-debug\"\ \"/Users/runner/work/Bangumi/Bangumi/ios/Pods/Headers/Public/React-defaultsnativemodule\"\ \"/Users/runner/work/Bangumi/Bangumi/ios/Pods/Headers/Public/React-domnativemodule\"\ \"/Users/runner/work/Bangumi/Bangumi/ios/Pods/Headers/Public/React-featureflags\"\ \"/Users/runner/work/Bangumi/Bangumi/ios/Pods/Headers/Public/React-featureflagsnativemodule\"\ \"/Users/runner/work/Bangumi/Bangumi/ios/Pods/Headers/Public/React-graphics\"\ \"/Users/runner/work/Bangumi/Bangumi/ios/Pods/Headers/Public/React-hermes\"\ \"/Users/runner/work/Bangumi/Bangumi/ios/Pods/Headers/Public/React-idlecallbacksnativemodule\"\ \"/Users/runner/work/Bangumi/Bangumi/ios/Pods/Headers/Public/React-intersectionobservernativemodule\"\ \"/Users/runner/work/Bangumi/Bangumi/ios/Pods/Headers/Public/React-jserrorhandler\"\ \"/Users/runner/work/Bangumi/Bangumi/ios/Pods/Headers/Public/React-jsi\"\ \"/Users/runner/work/Bangumi/Bangumi/ios/Pods/Headers/Public/React-jsiexecutor\"\ \"/Users/runner/work/Bangumi/Bangumi/ios/Pods/Headers/Public/React-jsinspector\"\ \"/Users/runner/work/Bangumi/Bangumi/ios/Pods/Headers/Public/React-jsinspectorcdp\"\ \"/Users/runner/work/Bangumi/Bangumi/ios/Pods/Headers/Public/React-jsinspectornetwork\"\ \"/Users/runner/work/Bangumi/Bangumi/ios/Pods/Headers/Public/React-jsinspectortracing\"\ \"/Users/runner/work/Bangumi/Bangumi/ios/Pods/Headers/Public/React-jsitooling\"\ \"/Users/runner/work/Bangumi/Bangumi/ios/Pods/Headers/Public/React-logger\"\ \"/Users/runner/work/Bangumi/Bangumi/ios/Pods/Headers/Public/React-microtasksnativemodule\"\ \"/Users/runner/work/Bangumi/Bangumi/ios/Pods/Headers/Public/React-mutationobservernativemodule\"\ \"/Users/runner/work/Bangumi/Bangumi/ios/Pods/Headers/Public/React-networking\"\ \"/Users/runner/work/Bangumi/Bangumi/ios/Pods/Headers/Public/React-oscompat\"\ \"/Users/runner/work/Bangumi/Bangumi/ios/Pods/Headers/Public/React-perflogger\"\ \"/Users/runner/work/Bangumi/Bangumi/ios/Pods/Headers/Public/React-performancecdpmetrics\"\ \"/Users/runner/work/Bangumi/Bangumi/ios/Pods/Headers/Public/React-performancetimeline\"\ \"/Users/runner/work/Bangumi/Bangumi/ios/Pods/Headers/Public/React-rendererconsistency\"\ \"/Users/runner/work/Bangumi/Bangumi/ios/Pods/Headers/Public/React-renderercss\"\ \"/Users/runner/work/Bangumi/Bangumi/ios/Pods/Headers/Public/React-rendererdebug\"\ \"/Users/runner/work/Bangumi/Bangumi/ios/Pods/Headers/Public/React-runtimeexecutor\"\ \"/Users/runner/work/Bangumi/Bangumi/ios/Pods/Headers/Public/React-runtimescheduler\"\ \"/Users/runner/work/Bangumi/Bangumi/ios/Pods/Headers/Public/React-timing\"\ \"/Users/runner/work/Bangumi/Bangumi/ios/Pods/Headers/Public/React-utils\"\ \"/Users/runner/work/Bangumi/Bangumi/ios/Pods/Headers/Public/React-viewtransitionnativemodule\"\ \"/Users/runner/work/Bangumi/Bangumi/ios/Pods/Headers/Public/React-webperformancenativemodule\"\ \"/Users/runner/work/Bangumi/Bangumi/ios/Pods/Headers/Public/ReactCodegen\"\ \"/Users/runner/work/Bangumi/Bangumi/ios/Pods/Headers/Public/ReactCommon\"\ \"/Users/runner/work/Bangumi/Bangumi/ios/Pods/Headers/Public/ReactNativeDependencies\"\ \"/Users/runner/work/Bangumi/Bangumi/ios/Pods/Headers/Public/Yoga\"\ \"/Users/runner/work/Bangumi/Bangumi/ios/Pods/Headers/Public/hermes-engine\"\ \ \"/Users/runner/work/Bangumi/Bangumi/ios/Pods/../../node_modules/expo-updates/ios/EXUpdates/BSPatch\"\ \"/Users/runner/work/Bangumi/Bangumi/ios/Pods/ExpoModulesCore/ExpoModulesCore.xcframework/ios-arm64_x86_64-simulator/ExpoModulesCore.framework/Headers\"\ \"/Users/runner/work/Bangumi/Bangumi/ios/Pods/ExpoModulesCore/ExpoModulesCore.xcframework/ios-arm64/ExpoModulesCore.framework/Headers\"\ \"/Users/runner/work/Bangumi/Bangumi/ios/Pods/ExpoModulesCore/ExpoModulesCore.xcframework/ios-arm64_x86_64-simulator/ExpoModulesCore.framework/Headers\"\ \"/Users/runner/work/Bangumi/Bangumi/ios/Pods/ExpoModulesCore/ExpoModulesCore.xcframework/ios-arm64/ExpoModulesCore.framework/Headers\"
    export HOME\=/Users/runner
    export HOST_ARCH\=arm64
    export HOST_PLATFORM\=macosx
    export ICONV\=/usr/bin/iconv
    export IMPLICIT_DEPENDENCY_DOMAIN\=default
    export INDEX_STORE_COMPRESS\=NO
    export INDEX_STORE_ONLY_PROJECT_FILES\=NO
    export INFOPLIST_ENABLE_CFBUNDLEICONS_MERGE\=YES
    export INFOPLIST_EXPAND_BUILD_SETTINGS\=YES
    export INFOPLIST_OUTPUT_FORMAT\=binary
    export INFOPLIST_PREPROCESS\=NO
    export INLINE_PRIVATE_FRAMEWORKS\=NO
    export INSTALLAPI_IGNORE_SKIP_INSTALL\=YES
    export INSTALLHDRS_COPY_PHASE\=NO
    export INSTALLHDRS_SCRIPT_PHASE\=NO
    export INSTALL_DIR\=/tmp/Pods.dst/usr/local/lib
    export INSTALL_GROUP\=staff
    export INSTALL_MODE_FLAG\=u+w,go-w,a+rX
    export INSTALL_OWNER\=runner
    export INSTALL_PATH\=/usr/local/lib
    export INSTALL_ROOT\=/tmp/Pods.dst
    export IPHONEOS_DEPLOYMENT_TARGET\=16.4
    export IS_UNOPTIMIZED_BUILD\=NO
    export JAVAC_DEFAULT_FLAGS\=-J-Xms64m\ -J-XX:NewSize\=4M\ -J-Dfile.encoding\=UTF8
    export JAVA_APP_STUB\=/System/Library/Frameworks/JavaVM.framework/Resources/MacOS/JavaApplicationStub
    export JAVA_ARCHIVE_CLASSES\=YES
    export JAVA_ARCHIVE_TYPE\=JAR
    export JAVA_COMPILER\=/usr/bin/javac
    export JAVA_FRAMEWORK_RESOURCES_DIRS\=Resources
    export JAVA_JAR_FLAGS\=cv
    export JAVA_SOURCE_SUBDIR\=.
    export JAVA_USE_DEPENDENCIES\=YES
    export JAVA_ZIP_FLAGS\=-urg
    export JIKES_DEFAULT_FLAGS\=+E\ +OLDCSO
    export KASAN_CFLAGS_CLASSIC\=-DKASAN\=1\ -DKASAN_CLASSIC\=1\ -fsanitize\=address\ -mllvm\ -asan-globals-live-support\ -mllvm\ -asan-force-dynamic-shadow
    export KASAN_CFLAGS_TBI\=-DKASAN\=1\ -DKASAN_TBI\=1\ -fsanitize\=kernel-hwaddress\ -mllvm\ -hwasan-recover\=0\ -mllvm\ -hwasan-instrument-atomics\=0\ -mllvm\ -hwasan-instrument-stack\=1\ -mllvm\ -hwasan-generate-tags-with-calls\=1\ -mllvm\ -hwasan-instrument-with-calls\=1\ -mllvm\ -hwasan-use-short-granules\=0\ -mllvm\ -hwasan-memory-access-callback-prefix\=__asan_
    export KASAN_DEFAULT_CFLAGS\=-DKASAN\=1\ -DKASAN_CLASSIC\=1\ -fsanitize\=address\ -mllvm\ -asan-globals-live-support\ -mllvm\ -asan-force-dynamic-shadow
    export KEEP_PRIVATE_EXTERNS\=NO
    export LD_DEPENDENCY_INFO_FILE\=/Users/runner/work/Bangumi/Bangumi/ios/build/Build/Intermediates.noindex/Pods.build/Release-iphoneos/EXUpdates.build/Objects-normal/undefined_arch/EXUpdates_dependency_info.dat
    export LD_EXPORT_SYMBOLS\=YES
    export LD_GENERATE_MAP_FILE\=NO
    export LD_MAP_FILE_PATH\=/Users/runner/work/Bangumi/Bangumi/ios/build/Build/Intermediates.noindex/Pods.build/Release-iphoneos/EXUpdates.build/EXUpdates-LinkMap-normal-undefined_arch.txt
    export LD_NO_PIE\=NO
    export LD_QUOTE_LINKER_ARGUMENTS_FOR_COMPILER_DRIVER\=YES
    export LD_SHARED_CACHE_ELIGIBLE\=Automatic
    export LD_WARN_DUPLICATE_LIBRARIES\=NO
    export LD_WARN_UNUSED_DYLIBS\=NO
    export LEGACY_DEVELOPER_DIR\=/Applications/Xcode_26.6.app/Contents/PlugIns/Xcode3Core.ideplugin/Contents/SharedSupport/Developer
    export LEX\=lex
    export LIBRARY_DEXT_INSTALL_PATH\=/Library/DriverExtensions
    export LIBRARY_FLAG_NOSPACE\=YES
    export LIBRARY_FLAG_PREFIX\=-l
    export LIBRARY_KEXT_INSTALL_PATH\=/Library/Extensions
    export LIBRARY_SEARCH_PATHS\=/Users/runner/work/Bangumi/Bangumi/ios/build/Build/Products/Release-iphoneos/EXUpdates\ 
    export LINKER_DISPLAYS_MANGLED_NAMES\=NO
    export LINK_FILE_LIST_normal_arm64\=/Users/runner/work/Bangumi/Bangumi/ios/build/Build/Intermediates.noindex/Pods.build/Release-iphoneos/EXUpdates.build/Objects-normal/arm64/EXUpdates.LinkFileList
    export LINK_OBJC_RUNTIME\=YES
    export LINK_WITH_STANDARD_LIBRARIES\=YES
    export LLVM_TARGET_TRIPLE_OS_VERSION\=ios16.4
    export LLVM_TARGET_TRIPLE_VENDOR\=apple
    export LM_AUX_CONST_METADATA_LIST_PATH_normal_arm64\=/Users/runner/work/Bangumi/Bangumi/ios/build/Build/Intermediates.noindex/Pods.build/Release-iphoneos/EXUpdates.build/Objects-normal/arm64/EXUpdates.SwiftConstValuesFileList
    export LOCALIZATION_EXPORT_SUPPORTED\=YES
    export LOCALIZATION_PREFERS_STRING_CATALOGS\=NO
    export LOCALIZED_STRING_CODE_COMMENTS\=NO
    export LOCALIZED_STRING_MACRO_NAMES\=NSLocalizedString\ CFCopyLocalizedString
    export LOCALIZED_STRING_SWIFTUI_SUPPORT\=YES
    export LOCAL_ADMIN_APPS_DIR\=/Applications/Utilities
    export LOCAL_APPS_DIR\=/Applications
    export LOCAL_DEVELOPER_DIR\=/Library/Developer
    export LOCAL_LIBRARY_DIR\=/Library
    export LOCROOT\=/Users/runner/work/Bangumi/Bangumi/ios/Pods
    export LOCSYMROOT\=/Users/runner/work/Bangumi/Bangumi/ios/Pods
    export MACH_O_TYPE\=staticlib
    export MAC_OS_X_PRODUCT_BUILD_VERSION\=25G83
    export MAC_OS_X_VERSION_ACTUAL\=260602
    export MAC_OS_X_VERSION_MAJOR\=260000
    export MAC_OS_X_VERSION_MINOR\=260600
    export MAKE_MERGEABLE\=NO
    export MERGEABLE_LIBRARY\=NO
    export MERGED_BINARY_TYPE\=none
    export MERGE_LINKED_LIBRARIES\=NO
    export METAL_LIBRARY_FILE_BASE\=default
    export METAL_LIBRARY_OUTPUT_DIR\=/Users/runner/work/Bangumi/Bangumi/ios/build/Build/Products/Release-iphoneos/EXUpdates/
    export MODULEMAP_FILE\=Headers/Public/EXUpdates/EXUpdates.modulemap
    export MODULE_CACHE_DIR\=/Users/runner/work/Bangumi/Bangumi/ios/build/ModuleCache.noindex
    export MTL_ENABLE_DEBUG_INFO\=NO
    export MTL_FAST_MATH\=YES
    export NATIVE_ARCH\=arm64
    export NATIVE_ARCH_32_BIT\=arm
    export NATIVE_ARCH_64_BIT\=arm64
    export NATIVE_ARCH_ACTUAL\=arm64
    export NO_COMMON\=YES
    export OBJECT_FILE_DIR\=/Users/runner/work/Bangumi/Bangumi/ios/build/Build/Intermediates.noindex/Pods.build/Release-iphoneos/EXUpdates.build/Objects
    export OBJECT_FILE_DIR_normal\=/Users/runner/work/Bangumi/Bangumi/ios/build/Build/Intermediates.noindex/Pods.build/Release-iphoneos/EXUpdates.build/Objects-normal
    export OBJROOT\=/Users/runner/work/Bangumi/Bangumi/ios/build/Build/Intermediates.noindex
    export ONLY_ACTIVE_ARCH\=NO
    export OS\=MACOS
    export OSAC\=/usr/bin/osacompile
    export OTHER_CFLAGS\=\ -DRCT_REMOVE_LEGACY_ARCH\=1\ -fmodule-map-file\=\"/Users/runner/work/Bangumi/Bangumi/ios/build/Build/Products/Release-iphoneos/EASClient/EASClient.modulemap\"\ -fmodule-map-file\=\"/Users/runner/work/Bangumi/Bangumi/ios/build/Build/Products/Release-iphoneos/EXManifests/EXManifests.modulemap\"\ -fmodule-map-file\=\"/Users/runner/work/Bangumi/Bangumi/ios/build/Build/Products/Release-iphoneos/EXUpdatesInterface/EXUpdatesInterface.modulemap\"\ -fmodule-map-file\=\"/Users/runner/work/Bangumi/Bangumi/ios/build/Build/Products/Release-iphoneos/ReachabilitySwift/Reachability.modulemap\"\ -fmodule-map-file\=\"/Users/runner/work/Bangumi/Bangumi/ios/Pods/Headers/Public/EXStructuredHeaders/EXStructuredHeaders.modulemap\"\ -fmodule-map-file\=\"/Users/runner/work/Bangumi/Bangumi/ios/Pods/Headers/Public/ReactCodegen/ReactCodegen.modulemap\"\ -DNDEBUG
    export OTHER_CPLUSPLUSFLAGS\=\ -DRCT_REMOVE_LEGACY_ARCH\=1\ -fmodule-map-file\=\"/Users/runner/work/Bangumi/Bangumi/ios/build/Build/Products/Release-iphoneos/EASClient/EASClient.modulemap\"\ -fmodule-map-file\=\"/Users/runner/work/Bangumi/Bangumi/ios/build/Build/Products/Release-iphoneos/EXManifests/EXManifests.modulemap\"\ -fmodule-map-file\=\"/Users/runner/work/Bangumi/Bangumi/ios/build/Build/Products/Release-iphoneos/EXUpdatesInterface/EXUpdatesInterface.modulemap\"\ -fmodule-map-file\=\"/Users/runner/work/Bangumi/Bangumi/ios/build/Build/Products/Release-iphoneos/ReachabilitySwift/Reachability.modulemap\"\ -fmodule-map-file\=\"/Users/runner/work/Bangumi/Bangumi/ios/Pods/Headers/Public/EXStructuredHeaders/EXStructuredHeaders.modulemap\"\ -fmodule-map-file\=\"/Users/runner/work/Bangumi/Bangumi/ios/Pods/Headers/Public/ReactCodegen/ReactCodegen.modulemap\"\ -DNDEBUG\ -DRCT_REMOVE_LEGACY_ARCH\=1\ -DNDEBUG
    export OTHER_SWIFT_FLAGS\=\ -D\ COCOAPODS\ -Xcc\ -fmodule-map-file\=\"/Users/runner/work/Bangumi/Bangumi/ios/build/Build/Products/Release-iphoneos/EASClient/EASClient.modulemap\"\ -Xcc\ -fmodule-map-file\=\"/Users/runner/work/Bangumi/Bangumi/ios/build/Build/Products/Release-iphoneos/EXManifests/EXManifests.modulemap\"\ -Xcc\ -fmodule-map-file\=\"/Users/runner/work/Bangumi/Bangumi/ios/build/Build/Products/Release-iphoneos/EXUpdatesInterface/EXUpdatesInterface.modulemap\"\ -Xcc\ -fmodule-map-file\=\"/Users/runner/work/Bangumi/Bangumi/ios/build/Build/Products/Release-iphoneos/ReachabilitySwift/Reachability.modulemap\"\ -Xcc\ -fmodule-map-file\=\"/Users/runner/work/Bangumi/Bangumi/ios/Pods/Headers/Public/EXStructuredHeaders/EXStructuredHeaders.modulemap\"\ -Xcc\ -fmodule-map-file\=\"/Users/runner/work/Bangumi/Bangumi/ios/Pods/Headers/Public/ReactCodegen/ReactCodegen.modulemap\"\ -import-underlying-module\ -Xcc\ -fmodule-map-file\=\"/Users/runner/work/Bangumi/Bangumi/ios/Pods/Headers/Public/EXUpdates/EXUpdates.modulemap\"\ -Xfrontend\ -load-plugin-executable\ -Xfrontend\ \"/Users/runner/work/Bangumi/Bangumi/node_modules/@expo/expo-modules-macros-plugin/apple/ExpoModulesMacros-tool\#ExpoModulesMacros\"
    export PACKAGE_TYPE\=com.apple.package-type.static-library
    export PASCAL_STRINGS\=YES
    export PATH\=/Applications/Xcode_26.6.app/Contents/SharedFrameworks/SwiftBuild.framework/Versions/A/PlugIns/SWBBuildService.bundle/Contents/PlugIns/SWBUniversalPlatformPlugin.bundle/Contents/Frameworks/SWBUniversalPlatform.framework/Resources:/var/run/com.apple.security.cryptexd/mnt/com.apple.MobileAsset.MetalToolchain-v17.6.109.0.DBd8UQ/Metal.xctoolchain/usr/bin:/var/run/com.apple.security.cryptexd/mnt/com.apple.MobileAsset.MetalToolchain-v17.6.109.0.DBd8UQ/Metal.xctoolchain/usr/local/bin:/var/run/com.apple.security.cryptexd/mnt/com.apple.MobileAsset.MetalToolchain-v17.6.109.0.DBd8UQ/Metal.xctoolchain/usr/libexec:/Applications/Xcode_26.6.app/Contents/Developer/Toolchains/XcodeDefault.xctoolchain/usr/bin:/Applications/Xcode_26.6.app/Contents/Developer/Toolchains/XcodeDefault.xctoolchain/usr/local/bin:/Applications/Xcode_26.6.app/Contents/Developer/Toolchains/XcodeDefault.xctoolchain/usr/libexec:/Applications/Xcode_26.6.app/Contents/Developer/Platforms/iPhoneOS.platform/usr/bin:/Applications/Xcode_26.6.app/Contents/Developer/Platforms/iPhoneOS.platform/usr/local/bin:/Applications/Xcode_26.6.app/Contents/Developer/Platforms/iPhoneOS.platform/Developer/usr/bin:/Applications/Xcode_26.6.app/Contents/Developer/Platforms/iPhoneOS.platform/Developer/usr/local/bin:/Applications/Xcode_26.6.app/Contents/Developer/usr/bin:/Applications/Xcode_26.6.app/Contents/Developer/usr/local/bin:/Users/runner/hostedtoolcache/node/20.20.2/arm64/bin:/opt/homebrew/lib/ruby/gems/3.4.0/bin:/opt/homebrew/opt/ruby@3.4/bin:/Users/runner/.local/bin:/opt/homebrew/bin:/opt/homebrew/sbin:/Users/runner/.cargo/bin:/usr/local/opt/curl/bin:/usr/local/bin:/usr/local/sbin:/Users/runner/bin:/Users/runner/.yarn/bin:/Users/runner/Library/Android/sdk/tools:/Users/runner/Library/Android/sdk/platform-tools:/Library/Frameworks/Python.framework/Versions/Current/bin:/Library/Frameworks/Mono.framework/Versions/Current/Commands:/usr/bin:/bin:/usr/sbin:/sbin:/Users/runner/.dotnet/tools
    export PATH_PREFIXES_EXCLUDED_FROM_HEADER_DEPENDENCIES\=/usr/include\ /usr/local/include\ /System/Library/Frameworks\ /System/Library/PrivateFrameworks\ /Applications/Xcode_26.6.app/Contents/Developer/Headers\ /Applications/Xcode_26.6.app/Contents/Developer/SDKs\ /Applications/Xcode_26.6.app/Contents/Developer/Platforms
    export PER_ARCH_MODULE_FILE_DIR\=/Users/runner/work/Bangumi/Bangumi/ios/build/Build/Intermediates.noindex/Pods.build/Release-iphoneos/EXUpdates.build/Objects-normal/undefined_arch
    export PER_ARCH_OBJECT_FILE_DIR\=/Users/runner/work/Bangumi/Bangumi/ios/build/Build/Intermediates.noindex/Pods.build/Release-iphoneos/EXUpdates.build/Objects-normal/undefined_arch
    export PER_VARIANT_OBJECT_FILE_DIR\=/Users/runner/work/Bangumi/Bangumi/ios/build/Build/Intermediates.noindex/Pods.build/Release-iphoneos/EXUpdates.build/Objects-normal
    export PKGINFO_FILE_PATH\=/Users/runner/work/Bangumi/Bangumi/ios/build/Build/Intermediates.noindex/Pods.build/Release-iphoneos/EXUpdates.build/PkgInfo
    export PLATFORM_DEVELOPER_APPLICATIONS_DIR\=/Applications/Xcode_26.6.app/Contents/Developer/Platforms/iPhoneOS.platform/Developer/Applications
    export PLATFORM_DEVELOPER_BIN_DIR\=/Applications/Xcode_26.6.app/Contents/Developer/Platforms/iPhoneOS.platform/Developer/usr/bin
    export PLATFORM_DEVELOPER_LIBRARY_DIR\=/Applications/Xcode_26.6.app/Contents/Developer/Platforms/iPhoneOS.platform/Developer/Library
    export PLATFORM_DEVELOPER_SDK_DIR\=/Applications/Xcode_26.6.app/Contents/Developer/Platforms/iPhoneOS.platform/Developer/SDKs
    export PLATFORM_DEVELOPER_TOOLS_DIR\=/Applications/Xcode_26.6.app/Contents/Developer/Platforms/iPhoneOS.platform/Developer/Tools
    export PLATFORM_DEVELOPER_USR_DIR\=/Applications/Xcode_26.6.app/Contents/Developer/Platforms/iPhoneOS.platform/Developer/usr
    export PLATFORM_DIR\=/Applications/Xcode_26.6.app/Contents/Developer/Platforms/iPhoneOS.platform
    export PLATFORM_DISPLAY_NAME\=iOS
    export PLATFORM_FAMILY_NAME\=iOS
    export PLATFORM_NAME\=iphoneos
    export PLATFORM_PREFERRED_ARCH\=arm64
    export PLATFORM_PRODUCT_BUILD_VERSION\=23F81a
    export PLATFORM_REQUIRES_SWIFT_AUTOLINK_EXTRACT\=NO
    export PLATFORM_REQUIRES_SWIFT_MODULEWRAP\=NO
    export PLATFORM_USES_DSYMS\=YES
    export PLIST_FILE_OUTPUT_FORMAT\=binary
    export PODFILE_DIR\=/Users/runner/work/Bangumi/Bangumi/ios/Pods/..
    export PODS_BUILD_DIR\=/Users/runner/work/Bangumi/Bangumi/ios/build/Build/Products
    export PODS_CONFIGURATION_BUILD_DIR\=/Users/runner/work/Bangumi/Bangumi/ios/build/Build/Products/Release-iphoneos
    export PODS_DEVELOPMENT_LANGUAGE\=en
    export PODS_ROOT\=/Users/runner/work/Bangumi/Bangumi/ios/Pods
    export PODS_TARGET_SRCROOT\=/Users/runner/work/Bangumi/Bangumi/ios/Pods/../../node_modules/expo-updates/ios
    export PODS_XCFRAMEWORKS_BUILD_DIR\=/Users/runner/work/Bangumi/Bangumi/ios/build/Build/Products/Release-iphoneos/XCFrameworkIntermediates
    export PRECOMPS_INCLUDE_HEADERS_FROM_BUILT_PRODUCTS_DIR\=YES
    export PRECOMP_DESTINATION_DIR\=/Users/runner/work/Bangumi/Bangumi/ios/build/Build/Intermediates.noindex/Pods.build/Release-iphoneos/EXUpdates.build/PrefixHeaders
    export PROCESSED_INFOPLIST_PATH\=/Users/runner/work/Bangumi/Bangumi/ios/build/Build/Intermediates.noindex/Pods.build/Release-iphoneos/EXUpdates.build/Objects-normal/undefined_arch/Processed-Info.plist
    export PRODUCT_BUNDLE_IDENTIFIER\=org.cocoapods.EXUpdates
    export PRODUCT_MODULE_NAME\=EXUpdates
    export PRODUCT_NAME\=EXUpdates
    export PRODUCT_SETTINGS_PATH\=
    export PRODUCT_TYPE\=com.apple.product-type.library.static
    export PROFILING_CODE\=NO
    export PROJECT\=Pods
    export PROJECT_DERIVED_FILE_DIR\=/Users/runner/work/Bangumi/Bangumi/ios/build/Build/Intermediates.noindex/Pods.build/DerivedSources
    export PROJECT_DIR\=/Users/runner/work/Bangumi/Bangumi/ios/Pods
    export PROJECT_FILE_PATH\=/Users/runner/work/Bangumi/Bangumi/ios/Pods/Pods.xcodeproj
    export PROJECT_GUID\=8699adb1dd336b26511df848a716bd42
    export PROJECT_NAME\=Pods
    export PROJECT_TEMP_DIR\=/Users/runner/work/Bangumi/Bangumi/ios/build/Build/Intermediates.noindex/Pods.build
    export PROJECT_TEMP_ROOT\=/Users/runner/work/Bangumi/Bangumi/ios/build/Build/Intermediates.noindex
    export REACT_NATIVE_PATH\=/Users/runner/work/Bangumi/Bangumi/ios/Pods/../../node_modules/react-native
    export RECOMMENDED_IPHONEOS_DEPLOYMENT_TARGET\=15.0
    export RECURSIVE_SEARCH_PATHS_FOLLOW_SYMLINKS\=YES
    export REMOVE_CVS_FROM_RESOURCES\=YES
    export REMOVE_GIT_FROM_RESOURCES\=YES
    export REMOVE_HEADERS_FROM_EMBEDDED_BUNDLES\=YES
    export REMOVE_HG_FROM_RESOURCES\=YES
    export REMOVE_STATIC_EXECUTABLES_FROM_EMBEDDED_BUNDLES\=YES
    export REMOVE_SVN_FROM_RESOURCES\=YES
    export RESCHEDULE_INDEPENDENT_HEADERS_PHASES\=YES
    export REZ_COLLECTOR_DIR\=/Users/runner/work/Bangumi/Bangumi/ios/build/Build/Intermediates.noindex/Pods.build/Release-iphoneos/EXUpdates.build/ResourceManagerResources
    export REZ_EXECUTABLE\=YES
    export REZ_OBJECTS_DIR\=/Users/runner/work/Bangumi/Bangumi/ios/build/Build/Intermediates.noindex/Pods.build/Release-iphoneos/EXUpdates.build/ResourceManagerResources/Objects
    export REZ_SEARCH_PATHS\=/Users/runner/work/Bangumi/Bangumi/ios/build/Build/Products/Release-iphoneos/EXUpdates\ 
    export RPATH_ORIGIN\=@loader_path
    export RUNTIME_EXCEPTION_ALLOW_DYLD_ENVIRONMENT_VARIABLES\=NO
    export RUNTIME_EXCEPTION_ALLOW_JIT\=NO
    export RUNTIME_EXCEPTION_ALLOW_UNSIGNED_EXECUTABLE_MEMORY\=NO
    export RUNTIME_EXCEPTION_DEBUGGING_TOOL\=NO
    export RUNTIME_EXCEPTION_DISABLE_EXECUTABLE_PAGE_PROTECTION\=NO
    export RUNTIME_EXCEPTION_DISABLE_LIBRARY_VALIDATION\=NO
    export SCANNING_PCM_KEEP_CACHE_DIRECTORY\=YES
    export SCAN_ALL_SOURCE_FILES_FOR_INCLUDES\=NO
    export SCRIPT_INPUT_FILE_0\=/Users/runner/work/Bangumi/Bangumi/ios/build/Build/Intermediates.noindex/Pods.build/Release-iphoneos/EXUpdates.build/DerivedSources/EXUpdates-Swift.h
    export SCRIPT_INPUT_FILE_1\=/Users/runner/work/Bangumi/Bangumi/ios/Pods/Headers/Public/EXUpdates/EXUpdates.modulemap
    export SCRIPT_INPUT_FILE_2\=/Users/runner/work/Bangumi/Bangumi/ios/Pods/Headers/Public/EXUpdates/EXUpdates-umbrella.h
    export SCRIPT_INPUT_FILE_COUNT\=3
    export SCRIPT_INPUT_FILE_LIST_COUNT\=0
    export SCRIPT_OUTPUT_FILE_0\=/Users/runner/work/Bangumi/Bangumi/ios/build/Build/Products/Release-iphoneos/EXUpdates/EXUpdates.modulemap
    export SCRIPT_OUTPUT_FILE_1\=/Users/runner/work/Bangumi/Bangumi/ios/build/Build/Products/Release-iphoneos/EXUpdates/EXUpdates-umbrella.h
    export SCRIPT_OUTPUT_FILE_2\=/Users/runner/work/Bangumi/Bangumi/ios/build/Build/Products/Release-iphoneos/EXUpdates/Swift\ Compatibility\ Header/EXUpdates-Swift.h
    export SCRIPT_OUTPUT_FILE_COUNT\=3
    export SCRIPT_OUTPUT_FILE_LIST_COUNT\=0
    export SDKROOT\=/Applications/Xcode_26.6.app/Contents/Developer/Platforms/iPhoneOS.platform/Developer/SDKs/iPhoneOS26.5.sdk
    export SDK_DIR\=/Applications/Xcode_26.6.app/Contents/Developer/Platforms/iPhoneOS.platform/Developer/SDKs/iPhoneOS26.5.sdk
    export SDK_DIR_iphoneos\=/Applications/Xcode_26.6.app/Contents/Developer/Platforms/iPhoneOS.platform/Developer/SDKs/iPhoneOS26.5.sdk
    export SDK_DIR_iphoneos26_5\=/Applications/Xcode_26.6.app/Contents/Developer/Platforms/iPhoneOS.platform/Developer/SDKs/iPhoneOS26.5.sdk
    export SDK_NAME\=iphoneos26.5
    export SDK_NAMES\=iphoneos26.5
    export SDK_PRODUCT_BUILD_VERSION\=23F81a
    export SDK_STAT_CACHE_DIR\=/Users/runner/work/Bangumi/Bangumi/ios/build
    export SDK_STAT_CACHE_ENABLE\=YES
    export SDK_STAT_CACHE_PATH\=/Users/runner/work/Bangumi/Bangumi/ios/build/SDKStatCaches.noindex/iphoneos26.5-23F81a-688ef53f1462e2c8f657fdc38a81448fee66e23052a0157c865c76b268046726.sdkstatcache
    export SDK_VERSION\=26.5
    export SDK_VERSION_ACTUAL\=260500
    export SDK_VERSION_MAJOR\=260000
    export SDK_VERSION_MINOR\=260500
    export SED\=/usr/bin/sed
    export SEPARATE_STRIP\=NO
    export SEPARATE_SYMBOL_EDIT\=NO
    export SET_DIR_MODE_OWNER_GROUP\=YES
    export SET_FILE_MODE_OWNER_GROUP\=NO
    export SHALLOW_BUNDLE\=NO
    export SHARED_DERIVED_FILE_DIR\=/Users/runner/work/Bangumi/Bangumi/ios/build/Build/Products/Release-iphoneos/EXUpdates/DerivedSources
    export SHARED_PRECOMPS_DIR\=/Users/runner/work/Bangumi/Bangumi/ios/build/Build/Intermediates.noindex/PrecompiledHeaders
    export SKIP_INSTALL\=YES
    export SKIP_MERGEABLE_LIBRARY_BUNDLE_HOOK\=NO
    export SOURCE_ROOT\=/Users/runner/work/Bangumi/Bangumi/ios/Pods
    export SRCROOT\=/Users/runner/work/Bangumi/Bangumi/ios/Pods
    export STRINGSDATA_DIR\=/Users/runner/work/Bangumi/Bangumi/ios/build/Build/Intermediates.noindex/Pods.build/Release-iphoneos/EXUpdates.build/Objects-normal/undefined_arch
    export STRINGSDATA_ROOT\=/Users/runner/work/Bangumi/Bangumi/ios/build/Build/Intermediates.noindex/Pods.build/Release-iphoneos/EXUpdates.build
    export STRINGS_FILE_INFOPLIST_RENAME\=YES
    export STRINGS_FILE_OUTPUT_ENCODING\=binary
    export STRING_CATALOG_GENERATE_SYMBOLS\=NO
    export STRIP_BITCODE_FROM_COPIED_FILES\=YES
    export STRIP_INSTALLED_PRODUCT\=NO
    export STRIP_STYLE\=debugging
    export STRIP_SWIFT_SYMBOLS\=YES
    export SUPPORTED_DEVICE_FAMILIES\=1,2
    export SUPPORTED_PLATFORMS\=iphoneos\ iphonesimulator
    export SUPPORTS_MACCATALYST\=YES
    export SUPPORTS_MAC_DESIGNED_FOR_IPHONE_IPAD\=YES
    export SUPPORTS_TEXT_BASED_API\=NO
    export SUPPORTS_XR_DESIGNED_FOR_IPHONE_IPAD\=YES
    export SUPPRESS_WARNINGS\=NO
    export SWIFT_ACTIVE_COMPILATION_CONDITIONS\=\ 
    export SWIFT_COMPILATION_MODE\=wholemodule
    export SWIFT_EMIT_CONST_VALUE_PROTOCOLS\=AnyResolverProviding\ AppEntity\ AppEnum\ AppExtension\ AppIntent\ AppIntentsPackage\ AppShortcutProviding\ AppShortcutsProvider\ DynamicOptionsProvider\ EntityQuery\ ExtensionPointDefining\ IntentValueQuery\ Resolver\ TransientEntity\ _AssistantIntentsProvider\ _GenerativeFunctionExtractable\ _IntentValueRepresentable
    export SWIFT_EMIT_LOC_STRINGS\=NO
    export SWIFT_EMIT_MODULE_INTERFACE\=NO
    export SWIFT_ENABLE_EXPLICIT_MODULES\=NO
    export SWIFT_INCLUDE_PATHS\=/Users/runner/work/Bangumi/Bangumi/ios/build/Build/Products/Release-iphoneos/EXUpdates\ \ \"/Users/runner/work/Bangumi/Bangumi/ios/build/Build/Products/Release-iphoneos/EASClient\"\ \"/Users/runner/work/Bangumi/Bangumi/ios/build/Build/Products/Release-iphoneos/EXManifests\"\ \"/Users/runner/work/Bangumi/Bangumi/ios/build/Build/Products/Release-iphoneos/EXUpdatesInterface\"\ \"/Users/runner/work/Bangumi/Bangumi/ios/build/Build/Products/Release-iphoneos/ExpoModulesCore\"\ \"/Users/runner/work/Bangumi/Bangumi/ios/build/Build/Products/Release-iphoneos/ExpoModulesJSI\"\ \"/Users/runner/work/Bangumi/Bangumi/ios/build/Build/Products/Release-iphoneos/ReachabilitySwift\"
    export SWIFT_INSTALL_OBJC_HEADER\=YES
    export SWIFT_OPTIMIZATION_LEVEL\=-O
    export SWIFT_PLATFORM_TARGET_PREFIX\=ios
    export SWIFT_RESPONSE_FILE_PATH_normal_arm64\=/Users/runner/work/Bangumi/Bangumi/ios/build/Build/Intermediates.noindex/Pods.build/Release-iphoneos/EXUpdates.build/Objects-normal/arm64/EXUpdates.SwiftFileList
    export SWIFT_SUPPRESS_WARNINGS\=YES
    export SWIFT_VERSION\=5.9
    export SYMROOT\=/Users/runner/work/Bangumi/Bangumi/ios/build/Build/Products
    export SYSTEM_ADMIN_APPS_DIR\=/Applications/Utilities
    export SYSTEM_APPS_DIR\=/Applications
    export SYSTEM_CORE_SERVICES_DIR\=/System/Library/CoreServices
    export SYSTEM_DEMOS_DIR\=/Applications/Extras
    export SYSTEM_DEVELOPER_APPS_DIR\=/Applications/Xcode_26.6.app/Contents/Developer/Applications
    export SYSTEM_DEVELOPER_BIN_DIR\=/Applications/Xcode_26.6.app/Contents/Developer/usr/bin
    export SYSTEM_DEVELOPER_DEMOS_DIR\=/Applications/Xcode_26.6.app/Contents/Developer/Applications/Utilities/Built\ Examples
    export SYSTEM_DEVELOPER_DIR\=/Applications/Xcode_26.6.app/Contents/Developer
    export SYSTEM_DEVELOPER_DOC_DIR\=/Applications/Xcode_26.6.app/Contents/Developer/ADC\ Reference\ Library
    export SYSTEM_DEVELOPER_GRAPHICS_TOOLS_DIR\=/Applications/Xcode_26.6.app/Contents/Developer/Applications/Graphics\ Tools
    export SYSTEM_DEVELOPER_JAVA_TOOLS_DIR\=/Applications/Xcode_26.6.app/Contents/Developer/Applications/Java\ Tools
    export SYSTEM_DEVELOPER_PERFORMANCE_TOOLS_DIR\=/Applications/Xcode_26.6.app/Contents/Developer/Applications/Performance\ Tools
    export SYSTEM_DEVELOPER_RELEASENOTES_DIR\=/Applications/Xcode_26.6.app/Contents/Developer/ADC\ Reference\ Library/releasenotes
    export SYSTEM_DEVELOPER_TOOLS\=/Applications/Xcode_26.6.app/Contents/Developer/Tools
    export SYSTEM_DEVELOPER_TOOLS_DOC_DIR\=/Applications/Xcode_26.6.app/Contents/Developer/ADC\ Reference\ Library/documentation/DeveloperTools
    export SYSTEM_DEVELOPER_TOOLS_RELEASENOTES_DIR\=/Applications/Xcode_26.6.app/Contents/Developer/ADC\ Reference\ Library/releasenotes/DeveloperTools
    export SYSTEM_DEVELOPER_USR_DIR\=/Applications/Xcode_26.6.app/Contents/Developer/usr
    export SYSTEM_DEVELOPER_UTILITIES_DIR\=/Applications/Xcode_26.6.app/Contents/Developer/Applications/Utilities
    export SYSTEM_DEXT_INSTALL_PATH\=/System/Library/DriverExtensions
    export SYSTEM_DOCUMENTATION_DIR\=/Library/Documentation
    export SYSTEM_KEXT_INSTALL_PATH\=/System/Library/Extensions
    export SYSTEM_LIBRARY_DIR\=/System/Library
    export TAPI_DEMANGLE\=YES
    export TAPI_ENABLE_PROJECT_HEADERS\=NO
    export TAPI_LANGUAGE\=objective-c
    export TAPI_LANGUAGE_STANDARD\=compiler-default
    export TAPI_USE_SRCROOT\=YES
    export TAPI_VERIFY_MODE\=Pedantic
    export TARGETED_DEVICE_FAMILY\=1,2
    export TARGETNAME\=EXUpdates
    export TARGET_BUILD_DIR\=/Users/runner/work/Bangumi/Bangumi/ios/build/Build/Products/Release-iphoneos/EXUpdates
    export TARGET_NAME\=EXUpdates
    export TARGET_TEMP_DIR\=/Users/runner/work/Bangumi/Bangumi/ios/build/Build/Intermediates.noindex/Pods.build/Release-iphoneos/EXUpdates.build
    export TEMP_DIR\=/Users/runner/work/Bangumi/Bangumi/ios/build/Build/Intermediates.noindex/Pods.build/Release-iphoneos/EXUpdates.build
    export TEMP_FILES_DIR\=/Users/runner/work/Bangumi/Bangumi/ios/build/Build/Intermediates.noindex/Pods.build/Release-iphoneos/EXUpdates.build
    export TEMP_FILE_DIR\=/Users/runner/work/Bangumi/Bangumi/ios/build/Build/Intermediates.noindex/Pods.build/Release-iphoneos/EXUpdates.build
    export TEMP_ROOT\=/Users/runner/work/Bangumi/Bangumi/ios/build/Build/Intermediates.noindex
    export TEMP_SANDBOX_DIR\=/Users/runner/work/Bangumi/Bangumi/ios/build/Build/Intermediates.noindex/TemporaryTaskSandboxes
    export TEST_FRAMEWORK_SEARCH_PATHS\=\ /Applications/Xcode_26.6.app/Contents/Developer/Platforms/iPhoneOS.platform/Developer/Library/Frameworks\ /Applications/Xcode_26.6.app/Contents/Developer/Platforms/iPhoneOS.platform/Developer/SDKs/iPhoneOS26.5.sdk/Developer/Library/Frameworks
    export TEST_LIBRARY_SEARCH_PATHS\=\ /Applications/Xcode_26.6.app/Contents/Developer/Platforms/iPhoneOS.platform/Developer/usr/lib
    export TOOLCHAINS\=com.apple.dt.toolchain.Metal.32023.883\ com.apple.dt.toolchain.XcodeDefault
    export TOOLCHAIN_DIR\=/var/run/com.apple.security.cryptexd/mnt/com.apple.MobileAsset.MetalToolchain-v17.6.109.0.DBd8UQ/Metal.xctoolchain
    export TOOLCHAIN_VERSION\=32023.883
    export TREAT_MISSING_BASELINES_AS_TEST_FAILURES\=NO
    export TREAT_MISSING_SCRIPT_PHASE_OUTPUTS_AS_ERRORS\=NO
    export UID\=501
    export UNINSTALLED_PRODUCTS_DIR\=/Users/runner/work/Bangumi/Bangumi/ios/build/Build/Intermediates.noindex/UninstalledProducts
    export UNSTRIPPED_PRODUCT\=NO
    export USER\=runner
    export USER_APPS_DIR\=/Users/runner/Applications
    export USER_LIBRARY_DIR\=/Users/runner/Library
    export USE_DYNAMIC_NO_PIC\=YES
    export USE_HEADERMAP\=YES
    export USE_HEADER_SYMLINKS\=NO
    export USE_HERMES\=true
    export USE_RECURSIVE_SCRIPT_INPUTS_IN_SCRIPT_PHASES\=YES
    export VALIDATE_DEVELOPMENT_ASSET_PATHS\=YES_ERROR
    export VALIDATE_PRODUCT\=YES
    export VALID_ARCHS\=arm64\ arm64e\ armv7\ armv7s
    export VERBOSE_PBXCP\=NO
    export VERSION_INFO_BUILDER\=runner
    export VERSION_INFO_FILE\=EXUpdates_vers.c
    export VERSION_INFO_STRING\=\"@\(\#\)PROGRAM:EXUpdates\ \ PROJECT:Pods-\"
    export WORKSPACE_DIR\=/Users/runner/work/Bangumi/Bangumi/ios
    export WRAP_ASSET_PACKS_IN_SEPARATE_DIRECTORIES\=NO
    export XCODE_APP_SUPPORT_DIR\=/Applications/Xcode_26.6.app/Contents/Developer/Library/Xcode
    export XCODE_PRODUCT_BUILD_VERSION\=17F113
    export XCODE_VERSION_ACTUAL\=2660
    export XCODE_VERSION_MAJOR\=2600
    export XCODE_VERSION_MINOR\=2660
    export XPCSERVICES_FOLDER_PATH\=/XPCServices
    export YACC\=yacc
    export _DISCOVER_COMMAND_LINE_LINKER_INPUTS\=YES
    export _DISCOVER_COMMAND_LINE_LINKER_INPUTS_INCLUDE_WL\=YES
    export _LD_MULTIARCH\=YES
    export __DIAGNOSE_DEPRECATED_ARCHS\=YES
    export __ORIGINAL_SDK_DEFINED_LLVM_TARGET_TRIPLE_SYS\=ios
    export arch\=undefined_arch
    export variant\=normal
    /bin/sh -c /Users/runner/work/Bangumi/Bangumi/ios/build/Build/Intermediates.noindex/Pods.build/Release-iphoneos/EXUpdates.build/Script-46EB2E0001A430.sh

ExtractAppIntentsMetadata (in target 'EXUpdates' from project 'Pods')
    cd /Users/runner/work/Bangumi/Bangumi/ios/Pods
    /Applications/Xcode_26.6.app/Contents/Developer/Toolchains/XcodeDefault.xctoolchain/usr/bin/appintentsmetadataprocessor --toolchain-dir /var/run/com.apple.security.cryptexd/mnt/com.apple.MobileAsset.MetalToolchain-v17.6.109.0.DBd8UQ/Metal.xctoolchain --module-name EXUpdates --sdk-root /Applications/Xcode_26.6.app/Contents/Developer/Platforms/iPhoneOS.platform/Developer/SDKs/iPhoneOS26.5.sdk --xcode-version 17F113 --platform-family iOS --deployment-target 16.4 --bundle-identifier org.cocoapods.EXUpdates --output /Users/runner/work/Bangumi/Bangumi/ios/build/Build/Products/Release-iphoneos/EXUpdates/EXUpdates.appintents --target-triple arm64-apple-ios16.4 --binary-file /Users/runner/work/Bangumi/Bangumi/ios/build/Build/Products/Release-iphoneos/EXUpdates/libEXUpdates.a --dependency-file /Users/runner/work/Bangumi/Bangumi/ios/build/Build/Intermediates.noindex/Pods.build/Release-iphoneos/EXUpdates.build/Objects-normal/arm64/EXUpdates_libtool_dependency_info.dat --stringsdata-file /Users/runner/work/Bangumi/Bangumi/ios/build/Build/Intermediates.noindex/Pods.build/Release-iphoneos/EXUpdates.build/Objects-normal/arm64/ExtractedAppShortcutsMetadata.stringsdata --source-file-list /Users/runner/work/Bangumi/Bangumi/ios/build/Build/Intermediates.noindex/Pods.build/Release-iphoneos/EXUpdates.build/Objects-normal/arm64/EXUpdates.SwiftFileList --metadata-file-list /Users/runner/work/Bangumi/Bangumi/ios/build/Build/Intermediates.noindex/Pods.build/Release-iphoneos/EXUpdates.build/EXUpdates.DependencyMetadataFileList --static-metadata-file-list /Users/runner/work/Bangumi/Bangumi/ios/build/Build/Intermediates.noindex/Pods.build/Release-iphoneos/EXUpdates.build/EXUpdates.DependencyStaticMetadataFileList --swift-const-vals-list /Users/runner/work/Bangumi/Bangumi/ios/build/Build/Intermediates.noindex/Pods.build/Release-iphoneos/EXUpdates.build/Objects-normal/arm64/EXUpdates.SwiftConstValuesFileList --force --compile-time-extraction --deployment-aware-processing --validate-assistant-intents --no-app-shortcuts-localization
2026-09-18 13:14:50.049 appintentsmetadataprocessor[28070:75823] Starting appintentsmetadataprocessor export
2026-09-18 13:14:50.102 appintentsmetadataprocessor[28070:75823] Extracted no relevant App Intents symbols, skipping writing output

ScanDependencies /Users/runner/work/Bangumi/Bangumi/ios/build/Build/Intermediates.noindex/Pods.build/Release-iphoneos/Pods-Bangumi.build/Objects-normal/arm64/Pods-Bangumi-dummy.o /Users/runner/work/Bangumi/Bangumi/ios/Pods/Target\ Support\ Files/Pods-Bangumi/Pods-Bangumi-dummy.m normal arm64 objective-c com.apple.compilers.llvm.clang.1_0.compiler (in target 'Pods-Bangumi' from project 'Pods')
    cd /Users/runner/work/Bangumi/Bangumi/ios/Pods
    
    Using response file: /Users/runner/work/Bangumi/Bangumi/ios/build/Build/Intermediates.noindex/Pods.build/Release-iphoneos/Pods-Bangumi.build/Objects-normal/arm64/e6072d4f65d7061329687fe24e3d63a7-common-args.resp
    
    builtin-ScanDependencies -o /Users/runner/work/Bangumi/Bangumi/ios/build/Build/Intermediates.noindex/Pods.build/Release-iphoneos/Pods-Bangumi.build/Objects-normal/arm64/Pods-Bangumi-dummy.o.scan -- /Applications/Xcode_26.6.app/Contents/Developer/Toolchains/XcodeDefault.xctoolchain/usr/bin/clang -x objective-c -ivfsstatcache /Users/runner/work/Bangumi/Bangumi/ios/build/SDKStatCaches.noindex/iphoneos26.5-23F81a-688ef53f1462e2c8f657fdc38a81448fee66e23052a0157c865c76b268046726.sdkstatcache -target arm64-apple-ios16.4 -fmessage-length\=0 -fdiagnostics-show-note-include-stack -fmacro-backtrace-limit\=0 -fno-color-diagnostics -fmodules-prune-interval\=86400 -fmodules-prune-after\=345600 -fbuild-session-file\=/Users/runner/work/Bangumi/Bangumi/ios/build/ModuleCache.noindex/Session.modulevalidation -fmodules-validate-once-per-build-session -Wnon-modular-include-in-framework-module -Werror\=non-modular-include-in-framework-module -Wno-trigraphs -Wno-missing-field-initializers -Wno-missing-prototypes -Werror\=return-type -Wunreachable-code -Wno-implicit-atomic-properties -Werror\=deprecated-objc-isa-usage -Wno-objc-interface-ivars -Werror\=objc-root-class -Wno-arc-repeated-use-of-weak -Wimplicit-retain-self -Wduplicate-method-match -Wno-missing-braces -Wparentheses -Wswitch -Wunused-function -Wno-unused-label -Wno-unused-parameter -Wunused-variable -Wunused-value -Wempty-body -Wuninitialized -Wconditional-uninitialized -Wno-unknown-pragmas -w -Wno-shadow -Wno-four-char-constants -Wno-conversion -Wconstant-conversion -Wint-conversion -Wbool-conversion -Wenum-conversion -Wno-float-conversion -Wnon-literal-null-conversion -Wobjc-literal-conversion -Wshorten-64-to-32 -Wpointer-sign -Wno-newline-eof -Wno-selector -Wno-strict-selector-match -Wundeclared-selector -Wdeprecated-implementations -Wno-implicit-fallthrough -isysroot /Applications/Xcode_26.6.app/Contents/Developer/Platforms/iPhoneOS.platform/Developer/SDKs/iPhoneOS26.5.sdk -fstrict-aliasing -Wprotocol -Wdeprecated-declarations -Wno-sign-conversion -Winfinite-recursion -Wcomma -Wblock-capture-autoreleasing -Wstrict-prototypes -Wno-semicolon-before-method-body -Wunguarded-availability -Wno-comma -Wno-shorten-64-to-32 @/Users/runner/work/Bangumi/Bangumi/ios/build/Build/Intermediates.noindex/Pods.build/Release-iphoneos/Pods-Bangumi.build/Objects-normal/arm64/e6072d4f65d7061329687fe24e3d63a7-common-args.resp -MMD -MT dependencies -MF /Users/runner/work/Bangumi/Bangumi/ios/build/Build/Intermediates.noindex/Pods.build/Release-iphoneos/Pods-Bangumi.build/Objects-normal/arm64/Pods-Bangumi-dummy.d --serialize-diagnostics /Users/runner/work/Bangumi/Bangumi/ios/build/Build/Intermediates.noindex/Pods.build/Release-iphoneos/Pods-Bangumi.build/Objects-normal/arm64/Pods-Bangumi-dummy.dia -c /Users/runner/work/Bangumi/Bangumi/ios/Pods/Target\ Support\ Files/Pods-Bangumi/Pods-Bangumi-dummy.m -o /Users/runner/work/Bangumi/Bangumi/ios/build/Build/Intermediates.noindex/Pods.build/Release-iphoneos/Pods-Bangumi.build/Objects-normal/arm64/Pods-Bangumi-dummy.o

PrecompileModule /Users/runner/work/Bangumi/Bangumi/ios/build/Build/Intermediates.noindex/ExplicitPrecompiledModules/_Builtin_stdbool-6ICQK94R8JYFXZ2X05BTELUUF.scan
    cd /
    builtin-precompileModule /Users/runner/work/Bangumi/Bangumi/ios/build/Build/Intermediates.noindex/ExplicitPrecompiledModules/_Builtin_stdbool-6ICQK94R8JYFXZ2X05BTELUUF.scan

PrecompileModule /Users/runner/work/Bangumi/Bangumi/ios/build/Build/Intermediates.noindex/ExplicitPrecompiledModules/_Builtin_float-9IGI44PI7DPXBDOKJVMSZBGQI.scan
    cd /
    builtin-precompileModule /Users/runner/work/Bangumi/Bangumi/ios/build/Build/Intermediates.noindex/ExplicitPrecompiledModules/_Builtin_float-9IGI44PI7DPXBDOKJVMSZBGQI.scan

PrecompileModule /Users/runner/work/Bangumi/Bangumi/ios/build/Build/Intermediates.noindex/ExplicitPrecompiledModules/ptrcheck-1FNE4SRP9W6EX0N90KM3XGWAX.scan
    cd /
    builtin-precompileModule /Users/runner/work/Bangumi/Bangumi/ios/build/Build/Intermediates.noindex/ExplicitPrecompiledModules/ptrcheck-1FNE4SRP9W6EX0N90KM3XGWAX.scan

PrecompileModule /Users/runner/work/Bangumi/Bangumi/ios/build/Build/Intermediates.noindex/ExplicitPrecompiledModules/_Builtin_stdarg-3IOJK53ODANI1ZTYB9ALFWCAQ.scan
    cd /
    builtin-precompileModule /Users/runner/work/Bangumi/Bangumi/ios/build/Build/Intermediates.noindex/ExplicitPrecompiledModules/_Builtin_stdarg-3IOJK53ODANI1ZTYB9ALFWCAQ.scan

PrecompileModule /Users/runner/work/Bangumi/Bangumi/ios/build/Build/Intermediates.noindex/ExplicitPrecompiledModules/_AvailabilityInternal-7LDL7JHAYXR3EC41TEETV7AB2.scan
    cd /
    builtin-precompileModule /Users/runner/work/Bangumi/Bangumi/ios/build/Build/Intermediates.noindex/ExplicitPrecompiledModules/_AvailabilityInternal-7LDL7JHAYXR3EC41TEETV7AB2.scan

PrecompileModule /Users/runner/work/Bangumi/Bangumi/ios/build/Build/Intermediates.noindex/ExplicitPrecompiledModules/ptrauth-2Q3F730QDAE6N0STK14BY6Z4C.scan
    cd /
    builtin-precompileModule /Users/runner/work/Bangumi/Bangumi/ios/build/Build/Intermediates.noindex/ExplicitPrecompiledModules/ptrauth-2Q3F730QDAE6N0STK14BY6Z4C.scan

PrecompileModule /Users/runner/work/Bangumi/Bangumi/ios/build/Build/Intermediates.noindex/ExplicitPrecompiledModules/_Builtin_stddef-A6RMFUYC0WURLKO9NQH80X8B2.scan
    cd /
    builtin-precompileModule /Users/runner/work/Bangumi/Bangumi/ios/build/Build/Intermediates.noindex/ExplicitPrecompiledModules/_Builtin_stddef-A6RMFUYC0WURLKO9NQH80X8B2.scan

PrecompileModule /Users/runner/work/Bangumi/Bangumi/ios/build/Build/Intermediates.noindex/ExplicitPrecompiledModules/_DarwinFoundation1-26AINFU2DTZ8VB8GG9VMTRPTV.scan
    cd /
    builtin-precompileModule /Users/runner/work/Bangumi/Bangumi/ios/build/Build/Intermediates.noindex/ExplicitPrecompiledModules/_DarwinFoundation1-26AINFU2DTZ8VB8GG9VMTRPTV.scan

PrecompileModule /Users/runner/work/Bangumi/Bangumi/ios/build/Build/Intermediates.noindex/ExplicitPrecompiledModules/_Builtin_limits-16ML3SFP5WHWXSJIZ7PMUMUY7.scan
    cd /
    builtin-precompileModule /Users/runner/work/Bangumi/Bangumi/ios/build/Build/Intermediates.noindex/ExplicitPrecompiledModules/_Builtin_limits-16ML3SFP5WHWXSJIZ7PMUMUY7.scan

PrecompileModule /Users/runner/work/Bangumi/Bangumi/ios/build/Build/Intermediates.noindex/ExplicitPrecompiledModules/_DarwinFoundation2-CI0F1RPTQF3CTPQPIWH3RN5ZJ.scan
    cd /
    builtin-precompileModule /Users/runner/work/Bangumi/Bangumi/ios/build/Build/Intermediates.noindex/ExplicitPrecompiledModules/_DarwinFoundation2-CI0F1RPTQF3CTPQPIWH3RN5ZJ.scan

PrecompileModule /Users/runner/work/Bangumi/Bangumi/ios/build/Build/Intermediates.noindex/ExplicitPrecompiledModules/_Builtin_stdint-11B4JTQ9VO3IFWLV292FI5LBD.scan
    cd /
    builtin-precompileModule /Users/runner/work/Bangumi/Bangumi/ios/build/Build/Intermediates.noindex/ExplicitPrecompiledModules/_Builtin_stdint-11B4JTQ9VO3IFWLV292FI5LBD.scan

PrecompileModule /Users/runner/work/Bangumi/Bangumi/ios/build/Build/Intermediates.noindex/ExplicitPrecompiledModules/_DarwinFoundation3-D8V8OL5Y44JLKU70V0XB2GTT5.scan
    cd /
    builtin-precompileModule /Users/runner/work/Bangumi/Bangumi/ios/build/Build/Intermediates.noindex/ExplicitPrecompiledModules/_DarwinFoundation3-D8V8OL5Y44JLKU70V0XB2GTT5.scan

PrecompileModule /Users/runner/work/Bangumi/Bangumi/ios/build/Build/Intermediates.noindex/ExplicitPrecompiledModules/_Builtin_inttypes-6WN5WDKD4R35RVTF5NT255ELD.scan
    cd /
    builtin-precompileModule /Users/runner/work/Bangumi/Bangumi/ios/build/Build/Intermediates.noindex/ExplicitPrecompiledModules/_Builtin_inttypes-6WN5WDKD4R35RVTF5NT255ELD.scan

PrecompileModule /Users/runner/work/Bangumi/Bangumi/ios/build/Build/Intermediates.noindex/ExplicitPrecompiledModules/Darwin-CGQ4KFVZZ6AFZ5KCVYTDBE477.scan
    cd /
    builtin-precompileModule /Users/runner/work/Bangumi/Bangumi/ios/build/Build/Intermediates.noindex/ExplicitPrecompiledModules/Darwin-CGQ4KFVZZ6AFZ5KCVYTDBE477.scan

PrecompileModule /Users/runner/work/Bangumi/Bangumi/ios/build/Build/Intermediates.noindex/ExplicitPrecompiledModules/ObjectiveC-9GI3PM6F1YHHBYUQ6FO12AXRC.scan
    cd /
    builtin-precompileModule /Users/runner/work/Bangumi/Bangumi/ios/build/Build/Intermediates.noindex/ExplicitPrecompiledModules/ObjectiveC-9GI3PM6F1YHHBYUQ6FO12AXRC.scan

PrecompileModule /Users/runner/work/Bangumi/Bangumi/ios/build/Build/Intermediates.noindex/ExplicitPrecompiledModules/os_object-6E62H6A8G2MVJCHABO0XI2NFA.scan
    cd /
    builtin-precompileModule /Users/runner/work/Bangumi/Bangumi/ios/build/Build/Intermediates.noindex/ExplicitPrecompiledModules/os_object-6E62H6A8G2MVJCHABO0XI2NFA.scan

PrecompileModule /Users/runner/work/Bangumi/Bangumi/ios/build/Build/Intermediates.noindex/ExplicitPrecompiledModules/os_workgroup-7DEKN223THMFKPGSI4DXOG1HT.scan
    cd /
    builtin-precompileModule /Users/runner/work/Bangumi/Bangumi/ios/build/Build/Intermediates.noindex/ExplicitPrecompiledModules/os_workgroup-7DEKN223THMFKPGSI4DXOG1HT.scan

PrecompileModule /Users/runner/work/Bangumi/Bangumi/ios/build/Build/Intermediates.noindex/ExplicitPrecompiledModules/Dispatch-DWHAWPB1CROY3VJYB1FWO7S32.scan
    cd /
    builtin-precompileModule /Users/runner/work/Bangumi/Bangumi/ios/build/Build/Intermediates.noindex/ExplicitPrecompiledModules/Dispatch-DWHAWPB1CROY3VJYB1FWO7S32.scan

PrecompileModule /Users/runner/work/Bangumi/Bangumi/ios/build/Build/Intermediates.noindex/ExplicitPrecompiledModules/CoreFoundation-43E34IGU0C04L4SA7YU0BAEAY.scan
    cd /
    builtin-precompileModule /Users/runner/work/Bangumi/Bangumi/ios/build/Build/Intermediates.noindex/ExplicitPrecompiledModules/CoreFoundation-43E34IGU0C04L4SA7YU0BAEAY.scan

PrecompileModule /Users/runner/work/Bangumi/Bangumi/ios/build/Build/Intermediates.noindex/ExplicitPrecompiledModules/XPC-9EQA1GYV8ACJ1CAMGLS5FQ11C.scan
    cd /
    builtin-precompileModule /Users/runner/work/Bangumi/Bangumi/ios/build/Build/Intermediates.noindex/ExplicitPrecompiledModules/XPC-9EQA1GYV8ACJ1CAMGLS5FQ11C.scan

PrecompileModule /Users/runner/work/Bangumi/Bangumi/ios/build/Build/Intermediates.noindex/ExplicitPrecompiledModules/Security-6XJU6523GTZ5ZBQBZYINUNHSB.scan
    cd /
    builtin-precompileModule /Users/runner/work/Bangumi/Bangumi/ios/build/Build/Intermediates.noindex/ExplicitPrecompiledModules/Security-6XJU6523GTZ5ZBQBZYINUNHSB.scan

PrecompileModule /Users/runner/work/Bangumi/Bangumi/ios/build/Build/Intermediates.noindex/ExplicitPrecompiledModules/CFNetwork-C82FFM36HEMIOJAULZA0FWRDJ.scan
    cd /
    builtin-precompileModule /Users/runner/work/Bangumi/Bangumi/ios/build/Build/Intermediates.noindex/ExplicitPrecompiledModules/CFNetwork-C82FFM36HEMIOJAULZA0FWRDJ.scan

PrecompileModule /Users/runner/work/Bangumi/Bangumi/ios/build/Build/Intermediates.noindex/ExplicitPrecompiledModules/Foundation-AZBQ52UY32E9VC7MZ9FZULIMF.scan
    cd /
    builtin-precompileModule /Users/runner/work/Bangumi/Bangumi/ios/build/Build/Intermediates.noindex/ExplicitPrecompiledModules/Foundation-AZBQ52UY32E9VC7MZ9FZULIMF.scan

CompileC /Users/runner/work/Bangumi/Bangumi/ios/build/Build/Intermediates.noindex/Pods.build/Release-iphoneos/Pods-Bangumi.build/Objects-normal/arm64/Pods-Bangumi-dummy.o /Users/runner/work/Bangumi/Bangumi/ios/Pods/Target\ Support\ Files/Pods-Bangumi/Pods-Bangumi-dummy.m normal arm64 objective-c com.apple.compilers.llvm.clang.1_0.compiler (in target 'Pods-Bangumi' from project 'Pods')
    cd /Users/runner/work/Bangumi/Bangumi/ios/Pods
    
    Using response file: /Users/runner/work/Bangumi/Bangumi/ios/build/Build/Intermediates.noindex/Pods.build/Release-iphoneos/Pods-Bangumi.build/Objects-normal/arm64/e6072d4f65d7061329687fe24e3d63a7-common-args.resp
    
    /Applications/Xcode_26.6.app/Contents/Developer/Toolchains/XcodeDefault.xctoolchain/usr/bin/clang -x objective-c -ivfsstatcache /Users/runner/work/Bangumi/Bangumi/ios/build/SDKStatCaches.noindex/iphoneos26.5-23F81a-688ef53f1462e2c8f657fdc38a81448fee66e23052a0157c865c76b268046726.sdkstatcache -target arm64-apple-ios16.4 -fmessage-length\=0 -fdiagnostics-show-note-include-stack -fmacro-backtrace-limit\=0 -fno-color-diagnostics -fmodules-prune-interval\=86400 -fmodules-prune-after\=345600 -fbuild-session-file\=/Users/runner/work/Bangumi/Bangumi/ios/build/ModuleCache.noindex/Session.modulevalidation -fmodules-validate-once-per-build-session -Wnon-modular-include-in-framework-module -Werror\=non-modular-include-in-framework-module -Wno-trigraphs -Wno-missing-field-initializers -Wno-missing-prototypes -Werror\=return-type -Wunreachable-code -Wno-implicit-atomic-properties -Werror\=deprecated-objc-isa-usage -Wno-objc-interface-ivars -Werror\=objc-root-class -Wno-arc-repeated-use-of-weak -Wimplicit-retain-self -Wduplicate-method-match -Wno-missing-braces -Wparentheses -Wswitch -Wunused-function -Wno-unused-label -Wno-unused-parameter -Wunused-variable -Wunused-value -Wempty-body -Wuninitialized -Wconditional-uninitialized -Wno-unknown-pragmas -w -Wno-shadow -Wno-four-char-constants -Wno-conversion -Wconstant-conversion -Wint-conversion -Wbool-conversion -Wenum-conversion -Wno-float-conversion -Wnon-literal-null-conversion -Wobjc-literal-conversion -Wshorten-64-to-32 -Wpointer-sign -Wno-newline-eof -Wno-selector -Wno-strict-selector-match -Wundeclared-selector -Wdeprecated-implementations -Wno-implicit-fallthrough -isysroot /Applications/Xcode_26.6.app/Contents/Developer/Platforms/iPhoneOS.platform/Developer/SDKs/iPhoneOS26.5.sdk -fstrict-aliasing -Wprotocol -Wdeprecated-declarations -Wno-sign-conversion -Winfinite-recursion -Wcomma -Wblock-capture-autoreleasing -Wstrict-prototypes -Wno-semicolon-before-method-body -Wunguarded-availability -Wno-comma -Wno-shorten-64-to-32 @/Users/runner/work/Bangumi/Bangumi/ios/build/Build/Intermediates.noindex/Pods.build/Release-iphoneos/Pods-Bangumi.build/Objects-normal/arm64/e6072d4f65d7061329687fe24e3d63a7-common-args.resp -MMD -MT dependencies -MF /Users/runner/work/Bangumi/Bangumi/ios/build/Build/Intermediates.noindex/Pods.build/Release-iphoneos/Pods-Bangumi.build/Objects-normal/arm64/Pods-Bangumi-dummy.d --serialize-diagnostics /Users/runner/work/Bangumi/Bangumi/ios/build/Build/Intermediates.noindex/Pods.build/Release-iphoneos/Pods-Bangumi.build/Objects-normal/arm64/Pods-Bangumi-dummy.dia -c /Users/runner/work/Bangumi/Bangumi/ios/Pods/Target\ Support\ Files/Pods-Bangumi/Pods-Bangumi-dummy.m -o /Users/runner/work/Bangumi/Bangumi/ios/build/Build/Intermediates.noindex/Pods.build/Release-iphoneos/Pods-Bangumi.build/Objects-normal/arm64/Pods-Bangumi-dummy.o

Libtool /Users/runner/work/Bangumi/Bangumi/ios/build/Build/Products/Release-iphoneos/libPods-Bangumi.a normal (in target 'Pods-Bangumi' from project 'Pods')
    cd /Users/runner/work/Bangumi/Bangumi/ios/Pods
    /Applications/Xcode_26.6.app/Contents/Developer/Toolchains/XcodeDefault.xctoolchain/usr/bin/libtool -static -arch_only arm64 -D -syslibroot /Applications/Xcode_26.6.app/Contents/Developer/Platforms/iPhoneOS.platform/Developer/SDKs/iPhoneOS26.5.sdk -L/Users/runner/work/Bangumi/Bangumi/ios/build/Build/Products/Release-iphoneos -L/Users/runner/work/Bangumi/Bangumi/ios/build/Build/Products/Release-iphoneos/EASClient -L/Users/runner/work/Bangumi/Bangumi/ios/build/Build/Products/Release-iphoneos/EXConstants -L/Users/runner/work/Bangumi/Bangumi/ios/build/Build/Products/Release-iphoneos/EXJSONUtils -L/Users/runner/work/Bangumi/Bangumi/ios/build/Build/Products/Release-iphoneos/EXManifests -L/Users/runner/work/Bangumi/Bangumi/ios/build/Build/Products/Release-iphoneos/EXStructuredHeaders -L/Users/runner/work/Bangumi/Bangumi/ios/build/Build/Products/Release-iphoneos/EXUpdates -L/Users/runner/work/Bangumi/Bangumi/ios/build/Build/Products/Release-iphoneos/EXUpdatesInterface -L/Users/runner/work/Bangumi/Bangumi/ios/build/Build/Products/Release-iphoneos/Expo -L/Users/runner/work/Bangumi/Bangumi/ios/build/Build/Products/Release-iphoneos/ExpoAsset -L/Users/runner/work/Bangumi/Bangumi/ios/build/Build/Products/Release-iphoneos/ExpoBlur -L/Users/runner/work/Bangumi/Bangumi/ios/build/Build/Products/Release-iphoneos/ExpoCalendar -L/Users/runner/work/Bangumi/Bangumi/ios/build/Build/Products/Release-iphoneos/ExpoDevice -L/Users/runner/work/Bangumi/Bangumi/ios/build/Build/Products/Release-iphoneos/ExpoDomWebView -L/Users/runner/work/Bangumi/Bangumi/ios/build/Build/Products/Release-iphoneos/ExpoHaptics -L/Users/runner/work/Bangumi/Bangumi/ios/build/Build/Products/Release-iphoneos/ExpoKeepAwake -L/Users/runner/work/Bangumi/Bangumi/ios/build/Build/Products/Release-iphoneos/ExpoLinearGradient -L/Users/runner/work/Bangumi/Bangumi/ios/build/Build/Products/Release-iphoneos/ExpoLogBox -L/Users/runner/work/Bangumi/Bangumi/ios/build/Build/Products/Release-iphoneos/ExpoModulesWorkletsAdapter -L/Users/runner/work/Bangumi/Bangumi/ios/build/Build/Products/Release-iphoneos/ExpoScreenOrientation -L/Users/runner/work/Bangumi/Bangumi/ios/build/Build/Products/Release-iphoneos/ExpoSpeech -L/Users/runner/work/Bangumi/Bangumi/ios/build/Build/Products/Release-iphoneos/ExpoSplashScreen -L/Users/runner/work/Bangumi/Bangumi/ios/build/Build/Products/Release-iphoneos/ExpoWebBrowser -L/Users/runner/work/Bangumi/Bangumi/ios/build/Build/Products/Release-iphoneos/RCTRestart -L/Users/runner/work/Bangumi/Bangumi/ios/build/Build/Products/Release-iphoneos/RNCAsyncStorage -L/Users/runner/work/Bangumi/Bangumi/ios/build/Build/Products/Release-iphoneos/RNCMaskedView -L/Users/runner/work/Bangumi/Bangumi/ios/build/Build/Products/Release-iphoneos/RNCalendarEvents -L/Users/runner/work/Bangumi/Bangumi/ios/build/Build/Products/Release-iphoneos/RNFS -L/Users/runner/work/Bangumi/Bangumi/ios/build/Build/Products/Release-iphoneos/RNFastImage -L/Users/runner/work/Bangumi/Bangumi/ios/build/Build/Products/Release-iphoneos/RNGestureHandler -L/Users/runner/work/Bangumi/Bangumi/ios/build/Build/Products/Release-iphoneos/RNReanimated -L/Users/runner/work/Bangumi/Bangumi/ios/build/Build/Products/Release-iphoneos/RNSVG -L/Users/runner/work/Bangumi/Bangumi/ios/build/Build/Products/Release-iphoneos/RNScreens -L/Users/runner/work/Bangumi/Bangumi/ios/build/Build/Products/Release-iphoneos/RNWorklets -L/Users/runner/work/Bangumi/Bangumi/ios/build/Build/Products/Release-iphoneos/ReachabilitySwift -L/Users/runner/work/Bangumi/Bangumi/ios/build/Build/Products/Release-iphoneos/ReactAppDependencyProvider -L/Users/runner/work/Bangumi/Bangumi/ios/build/Build/Products/Release-iphoneos/ReactCodegen -L/Users/runner/work/Bangumi/Bangumi/ios/build/Build/Products/Release-iphoneos/ReactNativeExceptionHandler -L/Users/runner/work/Bangumi/Bangumi/ios/build/Build/Products/Release-iphoneos/SDWebImage -L/Users/runner/work/Bangumi/Bangumi/ios/build/Build/Products/Release-iphoneos/SDWebImageWebPCoder -L/Users/runner/work/Bangumi/Bangumi/ios/build/Build/Products/Release-iphoneos/SwiftUIIntrospect -L/Users/runner/work/Bangumi/Bangumi/ios/build/Build/Products/Release-iphoneos/libwebp -L/Users/runner/work/Bangumi/Bangumi/ios/build/Build/Products/Release-iphoneos/react-native-actions-shortcuts -L/Users/runner/work/Bangumi/Bangumi/ios/build/Build/Products/Release-iphoneos/react-native-blur -L/Users/runner/work/Bangumi/Bangumi/ios/build/Build/Products/Release-iphoneos/react-native-cameraroll -L/Users/runner/work/Bangumi/Bangumi/ios/build/Build/Products/Release-iphoneos/react-native-pager-view -L/Users/runner/work/Bangumi/Bangumi/ios/build/Build/Products/Release-iphoneos/react-native-safe-area-context -L/Users/runner/work/Bangumi/Bangumi/ios/build/Build/Products/Release-iphoneos/react-native-slider -L/Users/runner/work/Bangumi/Bangumi/ios/build/Build/Products/Release-iphoneos/react-native-webview -L/Users/runner/work/Bangumi/Bangumi/ios/build/Build/Products/Release-iphoneos/rn-fetch-blob -L/var/run/com.apple.security.cryptexd/mnt/com.apple.MobileAsset.MetalToolchain-v17.6.109.0.DBd8UQ/Metal.xctoolchain/usr/lib/swift/iphoneos -L/Applications/Xcode_26.6.app/Contents/Developer/Platforms/iPhoneOS.platform/Developer/SDKs/iPhoneOS26.5.sdk/usr/lib/swift -filelist /Users/runner/work/Bangumi/Bangumi/ios/build/Build/Intermediates.noindex/Pods.build/Release-iphoneos/Pods-Bangumi.build/Objects-normal/arm64/Pods-Bangumi.LinkFileList -dependency_info /Users/runner/work/Bangumi/Bangumi/ios/build/Build/Intermediates.noindex/Pods.build/Release-iphoneos/Pods-Bangumi.build/Objects-normal/arm64/Pods-Bangumi_libtool_dependency_info.dat -o /Users/runner/work/Bangumi/Bangumi/ios/build/Build/Products/Release-iphoneos/libPods-Bangumi.a

PhaseScriptExecution [CP]\ Check\ Pods\ Manifest.lock /Users/runner/work/Bangumi/Bangumi/ios/build/Build/Intermediates.noindex/Bangumi.build/Release-iphoneos/Bangumi.build/Script-08A4A3CD28434E44B6B9DE2E.sh (in target 'Bangumi' from project 'Bangumi')
    cd /Users/runner/work/Bangumi/Bangumi/ios
    /bin/sh -c /Users/runner/work/Bangumi/Bangumi/ios/build/Build/Intermediates.noindex/Bangumi.build/Release-iphoneos/Bangumi.build/Script-08A4A3CD28434E44B6B9DE2E.sh

PhaseScriptExecution [Expo]\ Configure\ project /Users/runner/work/Bangumi/Bangumi/ios/build/Build/Intermediates.noindex/Bangumi.build/Release-iphoneos/Bangumi.build/Script-64C1F91FA30EAA1F08A8EEA7.sh (in target 'Bangumi' from project 'Bangumi')
    cd /Users/runner/work/Bangumi/Bangumi/ios
    export ACTION\=build
    export AD_HOC_CODE_SIGNING_ALLOWED\=NO
    export AGGREGATE_TRACKED_DOMAINS\=YES
    export ALLOW_BUILD_REQUEST_OVERRIDES\=NO
    export ALLOW_TARGET_PLATFORM_SPECIALIZATION\=NO
    export ALTERNATE_GROUP\=staff
    export ALTERNATE_MODE\=u+w,go-w,a+rX
    export ALTERNATE_OWNER\=runner
    export ALTERNATIVE_DISTRIBUTION_WEB\=NO
    export ALWAYS_EMBED_SWIFT_STANDARD_LIBRARIES\=YES
    export ALWAYS_SEARCH_USER_PATHS\=NO
    export ALWAYS_USE_SEPARATE_HEADERMAPS\=NO
    export ANDROID_DEPLOYMENT_TARGET\=21.0
    export APPLICATION_EXTENSION_API_ONLY\=NO
    export APPLY_RULES_IN_COPY_FILES\=NO
    export APPLY_RULES_IN_COPY_HEADERS\=NO
    export APP_SHORTCUTS_ENABLE_FLEXIBLE_MATCHING\=YES
    export ARCHS\=arm64
    export ARCHS_BASE\=arm64
    export ARCHS_STANDARD\=arm64
    export ARCHS_STANDARD_32_64_BIT\=armv7\ arm64
    export ARCHS_STANDARD_32_BIT\=armv7
    export ARCHS_STANDARD_64_BIT\=arm64
    export ARCHS_STANDARD_INCLUDING_64_BIT\=arm64
    export ARCHS_UNIVERSAL_IPHONE_OS\=armv7\ arm64
    export ASSETCATALOG_COMPILER_APPICON_NAME\=AppIcon
    export AUTOMATICALLY_MERGE_DEPENDENCIES\=NO
    export AUTOMATION_APPLE_EVENTS\=NO
    export AVAILABLE_PLATFORMS\=android\ appletvos\ appletvsimulator\ driverkit\ freebsd\ iphoneos\ iphonesimulator\ linux\ macosx\ none\ openbsd\ qnx\ watchos\ watchsimulator\ webassembly\ xros\ xrsimulator
    export BUILD_ACTIVE_RESOURCES_ONLY\=NO
    export BUILD_COMPONENTS\=headers\ build
    export BUILD_DIR\=/Users/runner/work/Bangumi/Bangumi/ios/build/Build/Products
    export BUILD_LIBRARY_FOR_DISTRIBUTION\=NO
    export BUILD_ONLY_KNOWN_LOCALIZATIONS\=NO
    export BUILD_ROOT\=/Users/runner/work/Bangumi/Bangumi/ios/build/Build/Products
    export BUILD_STYLE\=
    export BUILD_VARIANTS\=normal
    export BUILT_PRODUCTS_DIR\=/Users/runner/work/Bangumi/Bangumi/ios/build/Build/Products/Release-iphoneos
    export BUNDLE_CONTENTS_FOLDER_PATH_deep\=Contents/
    export BUNDLE_EXECUTABLE_FOLDER_NAME_deep\=MacOS
    export BUNDLE_EXTENSIONS_FOLDER_PATH\=Extensions
    export BUNDLE_FORMAT\=shallow
    export BUNDLE_FRAMEWORKS_FOLDER_PATH\=Frameworks
    export BUNDLE_PLUGINS_FOLDER_PATH\=PlugIns
    export BUNDLE_PRIVATE_HEADERS_FOLDER_PATH\=PrivateHeaders
    export BUNDLE_PUBLIC_HEADERS_FOLDER_PATH\=Headers
    export CACHE_ROOT\=/var/folders/36/tjdph2t965j8snz9_vkdnw0r0000gn/C/com.apple.DeveloperTools/26.6-17F113/Xcode
    export CCHROOT\=/var/folders/36/tjdph2t965j8snz9_vkdnw0r0000gn/C/com.apple.DeveloperTools/26.6-17F113/Xcode
    export CHMOD\=/bin/chmod
    export CHOWN\=chown
    export CLANG_ANALYZER_LOCALIZABILITY_NONLOCALIZED\=YES
    export CLANG_CACHE_FINE_GRAINED_OUTPUTS\=YES
    export CLANG_CXX_LANGUAGE_STANDARD\=c++20
    export CLANG_CXX_LIBRARY\=libc++
    export CLANG_ENABLE_EXPLICIT_MODULES\=YES
    export CLANG_ENABLE_MODULES\=YES
    export CLANG_ENABLE_OBJC_ARC\=YES
    export CLANG_MODULES_BUILD_SESSION_FILE\=/Users/runner/work/Bangumi/Bangumi/ios/build/ModuleCache.noindex/Session.modulevalidation
    export CLANG_WARN_BLOCK_CAPTURE_AUTORELEASING\=YES
    export CLANG_WARN_BOOL_CONVERSION\=YES
    export CLANG_WARN_COMMA\=YES
    export CLANG_WARN_CONSTANT_CONVERSION\=YES
    export CLANG_WARN_DEPRECATED_OBJC_IMPLEMENTATIONS\=YES
    export CLANG_WARN_DIRECT_OBJC_ISA_USAGE\=YES_ERROR
    export CLANG_WARN_DOCUMENTATION_COMMENTS\=NO
    export CLANG_WARN_EMPTY_BODY\=YES
    export CLANG_WARN_ENUM_CONVERSION\=YES
    export CLANG_WARN_INFINITE_RECURSION\=YES
    export CLANG_WARN_INT_CONVERSION\=YES
    export CLANG_WARN_NON_LITERAL_NULL_CONVERSION\=YES
    export CLANG_WARN_OBJC_IMPLICIT_RETAIN_SELF\=YES
    export CLANG_WARN_OBJC_LITERAL_CONVERSION\=YES
    export CLANG_WARN_OBJC_ROOT_CLASS\=YES_ERROR
    export CLANG_WARN_QUOTED_INCLUDE_IN_FRAMEWORK_HEADER\=NO
    export CLANG_WARN_RANGE_LOOP_ANALYSIS\=YES
    export CLANG_WARN_STRICT_PROTOTYPES\=YES
    export CLANG_WARN_SUSPICIOUS_MOVE\=YES
    export CLANG_WARN_UNREACHABLE_CODE\=YES
    export CLANG_WARN__DUPLICATE_METHOD_MATCH\=YES
    export CLASS_FILE_DIR\=/Users/runner/work/Bangumi/Bangumi/ios/build/Build/Intermediates.noindex/Bangumi.build/Release-iphoneos/Bangumi.build/JavaClasses
    export CLEAN_PRECOMPS\=YES
    export CLONE_HEADERS\=NO
    export CODESIGNING_FOLDER_PATH\=/Users/runner/work/Bangumi/Bangumi/ios/build/Build/Products/Release-iphoneos/Bangumi.app
    export CODE_SIGNING_ALLOWED\=NO
    export CODE_SIGNING_REQUIRED\=NO
    export CODE_SIGN_CONTEXT_CLASS\=XCiPhoneOSCodeSignContext
    export CODE_SIGN_ENTITLEMENTS\=Bangumi/Bangumi.entitlements
    export CODE_SIGN_INJECT_BASE_ENTITLEMENTS\=YES
    export COLOR_DIAGNOSTICS\=NO
    export COMBINE_HIDPI_IMAGES\=NO
    export COMPILATION_CACHE_CAS_PATH\=/Users/runner/work/Bangumi/Bangumi/ios/build/CompilationCache.noindex
    export COMPILATION_CACHE_KEEP_CAS_DIRECTORY\=YES
    export COMPILER_INDEX_STORE_ENABLE\=NO
    export COMPOSITE_SDK_DIRS\=/Users/runner/work/Bangumi/Bangumi/ios/build/Build/Intermediates.noindex/CompositeSDKs
    export COMPRESS_PNG_FILES\=YES
    export CONFIGURATION\=Release
    export CONFIGURATION_BUILD_DIR\=/Users/runner/work/Bangumi/Bangumi/ios/build/Build/Products/Release-iphoneos
    export CONFIGURATION_TEMP_DIR\=/Users/runner/work/Bangumi/Bangumi/ios/build/Build/Intermediates.noindex/Bangumi.build/Release-iphoneos
    export CONTENTS_FOLDER_PATH\=Bangumi.app
    export CONTENTS_FOLDER_PATH_SHALLOW_BUNDLE_NO\=Bangumi.app/Contents
    export CONTENTS_FOLDER_PATH_SHALLOW_BUNDLE_YES\=Bangumi.app
    export COPYING_PRESERVES_HFS_DATA\=NO
    export COPY_HEADERS_RUN_UNIFDEF\=NO
    export COPY_PHASE_STRIP\=YES
    export CORRESPONDING_SIMULATOR_PLATFORM_DIR\=/Applications/Xcode_26.6.app/Contents/Developer/Platforms/iPhoneSimulator.platform
    export CORRESPONDING_SIMULATOR_PLATFORM_NAME\=iphonesimulator
    export CORRESPONDING_SIMULATOR_SDK_DIR\=/Applications/Xcode_26.6.app/Contents/Developer/Platforms/iPhoneSimulator.platform/Developer/SDKs/iPhoneSimulator26.5.sdk
    export CORRESPONDING_SIMULATOR_SDK_NAME\=iphonesimulator26.5
    export CP\=/bin/cp
    export CREATE_INFOPLIST_SECTION_IN_BINARY\=NO
    export CURRENT_ARCH\=undefined_arch
    export CURRENT_PROJECT_VERSION\=1
    export CURRENT_VARIANT\=normal
    export DEAD_CODE_STRIPPING\=YES
    export DEBUGGING_SYMBOLS\=YES
    export DEBUG_INFORMATION_FORMAT\=dwarf-with-dsym
    export DEBUG_INFORMATION_VERSION\=compiler-default
    export DEFAULT_COMPILER\=com.apple.compilers.llvm.clang.1_0
    export DEFAULT_DEXT_INSTALL_PATH\=/System/Library/DriverExtensions
    export DEFAULT_KEXT_INSTALL_PATH\=/System/Library/Extensions
    export DEFINES_MODULE\=NO
    export DEPLOYMENT_LOCATION\=NO
    export DEPLOYMENT_POSTPROCESSING\=NO
    export DEPLOYMENT_TARGET_SETTING_NAME\=IPHONEOS_DEPLOYMENT_TARGET
    export DEPLOYMENT_TARGET_SUGGESTED_VALUES\=12.0\ 12.1\ 12.2\ 12.3\ 12.4\ 13.0\ 13.1\ 13.2\ 13.3\ 13.4\ 13.5\ 13.6\ 14.0\ 14.1\ 14.2\ 14.3\ 14.4\ 14.5\ 14.6\ 14.7\ 15.0\ 15.1\ 15.2\ 15.3\ 15.4\ 15.5\ 15.6\ 16.0\ 16.1\ 16.2\ 16.3\ 16.4\ 16.5\ 16.6\ 17.0\ 17.1\ 17.2\ 17.3\ 17.4\ 17.5\ 17.6\ 18.0\ 18.1\ 18.2\ 18.3\ 18.4\ 18.5\ 18.6\ 26.0\ 26.2\ 26.3\ 26.4\ 26.5
    export DERIVED_FILES_DIR\=/Users/runner/work/Bangumi/Bangumi/ios/build/Build/Intermediates.noindex/Bangumi.build/Release-iphoneos/Bangumi.build/DerivedSources
    export DERIVED_FILE_DIR\=/Users/runner/work/Bangumi/Bangumi/ios/build/Build/Intermediates.noindex/Bangumi.build/Release-iphoneos/Bangumi.build/DerivedSources
    export DERIVED_SOURCES_DIR\=/Users/runner/work/Bangumi/Bangumi/ios/build/Build/Intermediates.noindex/Bangumi.build/Release-iphoneos/Bangumi.build/DerivedSources
    export DERIVE_MACCATALYST_PRODUCT_BUNDLE_IDENTIFIER\=NO
    export DEVELOPER_APPLICATIONS_DIR\=/Applications/Xcode_26.6.app/Contents/Developer/Applications
    export DEVELOPER_BIN_DIR\=/Applications/Xcode_26.6.app/Contents/Developer/usr/bin
    export DEVELOPER_DIR\=/Applications/Xcode_26.6.app/Contents/Developer
    export DEVELOPER_FRAMEWORKS_DIR\=/Applications/Xcode_26.6.app/Contents/Developer/Library/Frameworks
    export DEVELOPER_FRAMEWORKS_DIR_QUOTED\=/Applications/Xcode_26.6.app/Contents/Developer/Library/Frameworks
    export DEVELOPER_LIBRARY_DIR\=/Applications/Xcode_26.6.app/Contents/Developer/Library
    export DEVELOPER_SDK_DIR\=/Applications/Xcode_26.6.app/Contents/Developer/Platforms/MacOSX.platform/Developer/SDKs
    export DEVELOPER_TOOLS_DIR\=/Applications/Xcode_26.6.app/Contents/Developer/Tools
    export DEVELOPER_USR_DIR\=/Applications/Xcode_26.6.app/Contents/Developer/usr
    export DEVELOPMENT_LANGUAGE\=en
    export DIAGNOSE_MISSING_TARGET_DEPENDENCIES\=YES
    export DIFF\=/usr/bin/diff
    export DOCUMENTATION_FOLDER_PATH\=Bangumi.app/en.lproj/Documentation
    export DONT_GENERATE_INFOPLIST_FILE\=NO
    export DSTROOT\=/tmp/Bangumi.dst
    export DT_TOOLCHAIN_DIR\=/Applications/Xcode_26.6.app/Contents/Developer/Toolchains/XcodeDefault.xctoolchain
    export DUMP_DEPENDENCIES\=NO
    export DUMP_DEPENDENCIES_OUTPUT_PATH\=/Users/runner/work/Bangumi/Bangumi/ios/build/Build/Intermediates.noindex/Bangumi.build/Release-iphoneos/Bangumi.build/Bangumi-BuildDependencyInfo.json
    export DWARF_DSYM_FILE_NAME\=Bangumi.app.dSYM
    export DWARF_DSYM_FILE_SHOULD_ACCOMPANY_PRODUCT\=NO
    export DWARF_DSYM_FOLDER_PATH\=/Users/runner/work/Bangumi/Bangumi/ios/build/Build/Products/Release-iphoneos
    export DYNAMIC_LIBRARY_EXTENSION\=dylib
    export EAGER_COMPILATION_ALLOW_SCRIPTS\=NO
    export EAGER_LINKING\=NO
    export EFFECTIVE_PLATFORM_NAME\=-iphoneos
    export EFFECTIVE_SWIFT_VERSION\=5
    export EMBEDDED_CONTENT_CONTAINS_SWIFT\=NO
    export EMBEDDED_PROFILE_NAME\=embedded.mobileprovision
    export EMBED_ASSET_PACKS_IN_PRODUCT_BUNDLE\=NO
    export ENABLE_APP_SANDBOX\=NO
    export ENABLE_CODE_COVERAGE\=YES
    export ENABLE_COHORT_ARCHS\=NO
    export ENABLE_CPLUSPLUS_BOUNDS_SAFE_BUFFERS\=NO
    export ENABLE_C_BOUNDS_SAFETY\=NO
    export ENABLE_DEBUG_DYLIB\=NO
    export ENABLE_DEFAULT_HEADER_SEARCH_PATHS\=YES
    export ENABLE_DEFAULT_SEARCH_PATHS\=YES
    export ENABLE_ENHANCED_SECURITY\=NO
    export ENABLE_HARDENED_RUNTIME\=NO
    export ENABLE_HEADER_DEPENDENCIES\=YES
    export ENABLE_INCOMING_NETWORK_CONNECTIONS\=NO
    export ENABLE_NS_ASSERTIONS\=NO
    export ENABLE_ON_DEMAND_RESOURCES\=YES
    export ENABLE_OUTGOING_NETWORK_CONNECTIONS\=NO
    export ENABLE_POINTER_AUTHENTICATION\=NO
    export ENABLE_PREVIEWS\=NO
    export ENABLE_RESOURCE_ACCESS_AUDIO_INPUT\=NO
    export ENABLE_RESOURCE_ACCESS_BLUETOOTH\=NO
    export ENABLE_RESOURCE_ACCESS_CALENDARS\=NO
    export ENABLE_RESOURCE_ACCESS_CAMERA\=NO
    export ENABLE_RESOURCE_ACCESS_CONTACTS\=NO
    export ENABLE_RESOURCE_ACCESS_LOCATION\=NO
    export ENABLE_RESOURCE_ACCESS_PHOTO_LIBRARY\=NO
    export ENABLE_RESOURCE_ACCESS_PRINTING\=NO
    export ENABLE_RESOURCE_ACCESS_USB\=NO
    export ENABLE_SDK_IMPORTS\=NO
    export ENABLE_SECURITY_COMPILER_WARNINGS\=NO
    export ENABLE_STRICT_OBJC_MSGSEND\=YES
    export ENABLE_TESTABILITY\=NO
    export ENABLE_TESTING_SEARCH_PATHS\=NO
    export ENABLE_USER_SCRIPT_SANDBOXING\=NO
    export ENABLE_XOJIT_PREVIEWS\=NO
    export ENFORCE_VALID_ARCHS\=YES
    export ENTITLEMENTS_ALLOWED\=YES
    export ENTITLEMENTS_DESTINATION\=Signature
    export ENTITLEMENTS_REQUIRED\=NO
    export EXCLUDED_INSTALLSRC_SUBDIRECTORY_PATTERNS\=.DS_Store\ .svn\ .git\ .hg\ CVS
    export EXCLUDED_RECURSIVE_SEARCH_PATH_SUBDIRECTORIES\=\*.nib\ \*.lproj\ \*.framework\ \*.gch\ \*.xcode\*\ \*.xcassets\ \*.icon\ \(\*\)\ .DS_Store\ CVS\ .svn\ .git\ .hg\ \*.pbproj\ \*.pbxproj
    export EXECUTABLES_FOLDER_PATH\=Bangumi.app/Executables
    export EXECUTABLE_FOLDER_PATH\=Bangumi.app
    export EXECUTABLE_FOLDER_PATH_SHALLOW_BUNDLE_NO\=Bangumi.app/MacOS
    export EXECUTABLE_FOLDER_PATH_SHALLOW_BUNDLE_YES\=Bangumi.app
    export EXECUTABLE_NAME\=Bangumi
    export EXECUTABLE_PATH\=Bangumi.app/Bangumi
    export EXTENSIONS_FOLDER_PATH\=Bangumi.app/Extensions
    export FILE_LIST\=/Users/runner/work/Bangumi/Bangumi/ios/build/Build/Intermediates.noindex/Bangumi.build/Release-iphoneos/Bangumi.build/Objects/LinkFileList
    export FIXED_FILES_DIR\=/Users/runner/work/Bangumi/Bangumi/ios/build/Build/Intermediates.noindex/Bangumi.build/Release-iphoneos/Bangumi.build/FixedFiles
    export FRAMEWORKS_FOLDER_PATH\=Bangumi.app/Frameworks
    export FRAMEWORK_FLAG_PREFIX\=-framework
    export FRAMEWORK_SEARCH_PATHS\=/Users/runner/work/Bangumi/Bangumi/ios/build/Build/Products/Release-iphoneos\ \ \"/Users/runner/work/Bangumi/Bangumi/ios/Pods/../../node_modules/expo-modules-jsi/apple/Products\"\ \"/Users/runner/work/Bangumi/Bangumi/ios/Pods/ExpoFileSystem\"\ \"/Users/runner/work/Bangumi/Bangumi/ios/Pods/ExpoFont\"\ \"/Users/runner/work/Bangumi/Bangumi/ios/Pods/ExpoImage\"\ \"/Users/runner/work/Bangumi/Bangumi/ios/Pods/ExpoModulesCore\"\ \"/Users/runner/work/Bangumi/Bangumi/ios/Pods/ExpoModulesWorklets\"\ \"/Users/runner/work/Bangumi/Bangumi/ios/Pods/React-Core-prebuilt\"\ \"/Users/runner/work/Bangumi/Bangumi/ios/Pods/ReactNativeDependencies/framework/packages/react-native\"\ \"/Users/runner/work/Bangumi/Bangumi/ios/Pods/hermes-engine/destroot/Library/Frameworks/universal\"\ \"/Users/runner/work/Bangumi/Bangumi/ios/build/Build/Products/Release-iphoneos/XCFrameworkIntermediates/ExpoFileSystem\"\ \"/Users/runner/work/Bangumi/Bangumi/ios/build/Build/Products/Release-iphoneos/XCFrameworkIntermediates/ExpoFont\"\ \"/Users/runner/work/Bangumi/Bangumi/ios/build/Build/Products/Release-iphoneos/XCFrameworkIntermediates/ExpoImage\"\ \"/Users/runner/work/Bangumi/Bangumi/ios/build/Build/Products/Release-iphoneos/XCFrameworkIntermediates/ExpoModulesCore\"\ \"/Users/runner/work/Bangumi/Bangumi/ios/build/Build/Products/Release-iphoneos/XCFrameworkIntermediates/ExpoModulesJSI\"\ \"/Users/runner/work/Bangumi/Bangumi/ios/build/Build/Products/Release-iphoneos/XCFrameworkIntermediates/ExpoModulesWorklets\"\ \"/Users/runner/work/Bangumi/Bangumi/ios/build/Build/Products/Release-iphoneos/XCFrameworkIntermediates/React-Core-prebuilt\"\ \"/Users/runner/work/Bangumi/Bangumi/ios/build/Build/Products/Release-iphoneos/XCFrameworkIntermediates/ReactNativeDependencies\"\ \"/Users/runner/work/Bangumi/Bangumi/ios/build/Build/Products/Release-iphoneos/XCFrameworkIntermediates/hermes-engine/Pre-built\"
    export FRAMEWORK_VERSION\=A
    export FULL_PRODUCT_NAME\=Bangumi.app
    export FUSE_BUILD_PHASES\=YES
    export FUSE_BUILD_SCRIPT_PHASES\=NO
    export GCC3_VERSION\=3.3
    export GCC_C_LANGUAGE_STANDARD\=gnu99
    export GCC_DYNAMIC_NO_PIC\=NO
    export GCC_INLINES_ARE_PRIVATE_EXTERN\=YES
    export GCC_NO_COMMON_BLOCKS\=YES
    export GCC_PFE_FILE_C_DIALECTS\=c\ objective-c\ c++\ objective-c++
    export GCC_PREPROCESSOR_DEFINITIONS\=\ COCOAPODS\=1\ \ SD_WEBP\=1
    export GCC_SYMBOLS_PRIVATE_EXTERN\=YES
    export GCC_THUMB_SUPPORT\=YES
    export GCC_TREAT_WARNINGS_AS_ERRORS\=NO
    export GCC_VERSION\=com.apple.compilers.llvm.clang.1_0
    export GCC_VERSION_IDENTIFIER\=com_apple_compilers_llvm_clang_1_0
    export GCC_WARN_64_TO_32_BIT_CONVERSION\=YES
    export GCC_WARN_ABOUT_RETURN_TYPE\=YES_ERROR
    export GCC_WARN_INHIBIT_ALL_WARNINGS\=YES
    export GCC_WARN_UNDECLARED_SELECTOR\=YES
    export GCC_WARN_UNINITIALIZED_AUTOS\=YES_AGGRESSIVE
    export GCC_WARN_UNUSED_FUNCTION\=YES
    export GCC_WARN_UNUSED_VARIABLE\=YES
    export GENERATED_MODULEMAP_DIR\=/Users/runner/work/Bangumi/Bangumi/ios/build/Build/Intermediates.noindex/GeneratedModuleMaps-iphoneos
    export GENERATE_INFOPLIST_FILE\=NO
    export GENERATE_INTERMEDIATE_TEXT_BASED_STUBS\=YES
    export GENERATE_PKGINFO_FILE\=YES
    export GENERATE_PRELINK_OBJECT_FILE\=NO
    export GENERATE_PROFILING_CODE\=NO
    export GENERATE_TEXT_BASED_STUBS\=NO
    export GID\=20
    export GROUP\=staff
    export HEADERMAP_INCLUDES_FLAT_ENTRIES_FOR_TARGET_BEING_BUILT\=YES
    export HEADERMAP_INCLUDES_FRAMEWORK_ENTRIES_FOR_ALL_PRODUCT_TYPES\=YES
    export HEADERMAP_INCLUDES_FRAMEWORK_ENTRIES_FOR_TARGETS_NOT_BEING_BUILT\=YES
    export HEADERMAP_INCLUDES_NONPUBLIC_NONPRIVATE_HEADERS\=YES
    export HEADERMAP_INCLUDES_PROJECT_HEADERS\=YES
    export HEADERMAP_USES_FRAMEWORK_PREFIX_ENTRIES\=YES
    export HEADERMAP_USES_VFS\=NO
    export HEADER_SEARCH_PATHS\=/Users/runner/work/Bangumi/Bangumi/ios/build/Build/Products/Release-iphoneos/include\ \ \"/Users/runner/work/Bangumi/Bangumi/ios/Pods/Headers/Public\"\ \"/Users/runner/work/Bangumi/Bangumi/ios/Pods/Headers/Public/EXConstants\"\ \"/Users/runner/work/Bangumi/Bangumi/ios/Pods/Headers/Public/EXJSONUtils\"\ \"/Users/runner/work/Bangumi/Bangumi/ios/Pods/Headers/Public/EXStructuredHeaders\"\ \"/Users/runner/work/Bangumi/Bangumi/ios/Pods/Headers/Public/EXUpdates\"\ \"/Users/runner/work/Bangumi/Bangumi/ios/Pods/Headers/Public/Expo\"\ \"/Users/runner/work/Bangumi/Bangumi/ios/Pods/Headers/Public/ExpoModulesWorkletsAdapter\"\ \"/Users/runner/work/Bangumi/Bangumi/ios/Pods/Headers/Public/ExpoScreenOrientation\"\ \"/Users/runner/work/Bangumi/Bangumi/ios/Pods/Headers/Public/FBLazyVector\"\ \"/Users/runner/work/Bangumi/Bangumi/ios/Pods/Headers/Public/RCTDeprecation\"\ \"/Users/runner/work/Bangumi/Bangumi/ios/Pods/Headers/Public/RCTRequired\"\ \"/Users/runner/work/Bangumi/Bangumi/ios/Pods/Headers/Public/RCTRestart\"\ \"/Users/runner/work/Bangumi/Bangumi/ios/Pods/Headers/Public/RCTSwiftUIWrapper\"\ \"/Users/runner/work/Bangumi/Bangumi/ios/Pods/Headers/Public/RCTTypeSafety\"\ \"/Users/runner/work/Bangumi/Bangumi/ios/Pods/Headers/Public/RNCAsyncStorage\"\ \"/Users/runner/work/Bangumi/Bangumi/ios/Pods/Headers/Public/RNCMaskedView\"\ \"/Users/runner/work/Bangumi/Bangumi/ios/Pods/Headers/Public/RNCalendarEvents\"\ \"/Users/runner/work/Bangumi/Bangumi/ios/Pods/Headers/Public/RNFS\"\ \"/Users/runner/work/Bangumi/Bangumi/ios/Pods/Headers/Public/RNFastImage\"\ \"/Users/runner/work/Bangumi/Bangumi/ios/Pods/Headers/Public/RNGestureHandler\"\ \"/Users/runner/work/Bangumi/Bangumi/ios/Pods/Headers/Public/RNReanimated\"\ \"/Users/runner/work/Bangumi/Bangumi/ios/Pods/Headers/Public/RNSVG\"\ \"/Users/runner/work/Bangumi/Bangumi/ios/Pods/Headers/Public/RNScreens\"\ \"/Users/runner/work/Bangumi/Bangumi/ios/Pods/Headers/Public/RNWorklets\"\ \"/Users/runner/work/Bangumi/Bangumi/ios/Pods/Headers/Public/React-Core\"\ \"/Users/runner/work/Bangumi/Bangumi/ios/Pods/Headers/Public/React-Core-prebuilt\"\ \"/Users/runner/work/Bangumi/Bangumi/ios/Pods/Headers/Public/React-CoreModules\"\ \"/Users/runner/work/Bangumi/Bangumi/ios/Pods/Headers/Public/React-Fabric\"\ \"/Users/runner/work/Bangumi/Bangumi/ios/Pods/Headers/Public/React-FabricComponents\"\ \"/Users/runner/work/Bangumi/Bangumi/ios/Pods/Headers/Public/React-FabricImage\"\ \"/Users/runner/work/Bangumi/Bangumi/ios/Pods/Headers/Public/React-ImageManager\"\ \"/Users/runner/work/Bangumi/Bangumi/ios/Pods/Headers/Public/React-Mapbuffer\"\ \"/Users/runner/work/Bangumi/Bangumi/ios/Pods/Headers/Public/React-NativeModulesApple\"\ \"/Users/runner/work/Bangumi/Bangumi/ios/Pods/Headers/Public/React-RCTAnimation\"\ \"/Users/runner/work/Bangumi/Bangumi/ios/Pods/Headers/Public/React-RCTAppDelegate\"\ \"/Users/runner/work/Bangumi/Bangumi/ios/Pods/Headers/Public/React-RCTBlob\"\ \"/Users/runner/work/Bangumi/Bangumi/ios/Pods/Headers/Public/React-RCTFBReactNativeSpec\"\ \"/Users/runner/work/Bangumi/Bangumi/ios/Pods/Headers/Public/React-RCTFabric\"\ \"/Users/runner/work/Bangumi/Bangumi/ios/Pods/Headers/Public/React-RCTImage\"\ \"/Users/runner/work/Bangumi/Bangumi/ios/Pods/Headers/Public/React-RCTRuntime\"\ \"/Users/runner/work/Bangumi/Bangumi/ios/Pods/Headers/Public/React-RCTSettings\"\ \"/Users/runner/work/Bangumi/Bangumi/ios/Pods/Headers/Public/React-RCTText\"\ \"/Users/runner/work/Bangumi/Bangumi/ios/Pods/Headers/Public/React-RCTVibration\"\ \"/Users/runner/work/Bangumi/Bangumi/ios/Pods/Headers/Public/React-RuntimeApple\"\ \"/Users/runner/work/Bangumi/Bangumi/ios/Pods/Headers/Public/React-RuntimeCore\"\ \"/Users/runner/work/Bangumi/Bangumi/ios/Pods/Headers/Public/React-RuntimeHermes\"\ \"/Users/runner/work/Bangumi/Bangumi/ios/Pods/Headers/Public/React-callinvoker\"\ \"/Users/runner/work/Bangumi/Bangumi/ios/Pods/Headers/Public/React-cxxreact\"\ \"/Users/runner/work/Bangumi/Bangumi/ios/Pods/Headers/Public/React-debug\"\ \"/Users/runner/work/Bangumi/Bangumi/ios/Pods/Headers/Public/React-defaultsnativemodule\"\ \"/Users/runner/work/Bangumi/Bangumi/ios/Pods/Headers/Public/React-domnativemodule\"\ \"/Users/runner/work/Bangumi/Bangumi/ios/Pods/Headers/Public/React-featureflags\"\ \"/Users/runner/work/Bangumi/Bangumi/ios/Pods/Headers/Public/React-featureflagsnativemodule\"\ \"/Users/runner/work/Bangumi/Bangumi/ios/Pods/Headers/Public/React-graphics\"\ \"/Users/runner/work/Bangumi/Bangumi/ios/Pods/Headers/Public/React-hermes\"\ \"/Users/runner/work/Bangumi/Bangumi/ios/Pods/Headers/Public/React-idlecallbacksnativemodule\"\ \"/Users/runner/work/Bangumi/Bangumi/ios/Pods/Headers/Public/React-intersectionobservernativemodule\"\ \"/Users/runner/work/Bangumi/Bangumi/ios/Pods/Headers/Public/React-jserrorhandler\"\ \"/Users/runner/work/Bangumi/Bangumi/ios/Pods/Headers/Public/React-jsi\"\ \"/Users/runner/work/Bangumi/Bangumi/ios/Pods/Headers/Public/React-jsiexecutor\"\ \"/Users/runner/work/Bangumi/Bangumi/ios/Pods/Headers/Public/React-jsinspector\"\ \"/Users/runner/work/Bangumi/Bangumi/ios/Pods/Headers/Public/React-jsinspectorcdp\"\ \"/Users/runner/work/Bangumi/Bangumi/ios/Pods/Headers/Public/React-jsinspectornetwork\"\ \"/Users/runner/work/Bangumi/Bangumi/ios/Pods/Headers/Public/React-jsinspectortracing\"\ \"/Users/runner/work/Bangumi/Bangumi/ios/Pods/Headers/Public/React-jsitooling\"\ \"/Users/runner/work/Bangumi/Bangumi/ios/Pods/Headers/Public/React-logger\"\ \"/Users/runner/work/Bangumi/Bangumi/ios/Pods/Headers/Public/React-microtasksnativemodule\"\ \"/Users/runner/work/Bangumi/Bangumi/ios/Pods/Headers/Public/React-mutationobservernativemodule\"\ \"/Users/runner/work/Bangumi/Bangumi/ios/Pods/Headers/Public/React-networking\"\ \"/Users/runner/work/Bangumi/Bangumi/ios/Pods/Headers/Public/React-oscompat\"\ \"/Users/runner/work/Bangumi/Bangumi/ios/Pods/Headers/Public/React-perflogger\"\ \"/Users/runner/work/Bangumi/Bangumi/ios/Pods/Headers/Public/React-performancecdpmetrics\"\ \"/Users/runner/work/Bangumi/Bangumi/ios/Pods/Headers/Public/React-performancetimeline\"\ \"/Users/runner/work/Bangumi/Bangumi/ios/Pods/Headers/Public/React-rendererconsistency\"\ \"/Users/runner/work/Bangumi/Bangumi/ios/Pods/Headers/Public/React-renderercss\"\ \"/Users/runner/work/Bangumi/Bangumi/ios/Pods/Headers/Public/React-rendererdebug\"\ \"/Users/runner/work/Bangumi/Bangumi/ios/Pods/Headers/Public/React-runtimeexecutor\"\ \"/Users/runner/work/Bangumi/Bangumi/ios/Pods/Headers/Public/React-runtimescheduler\"\ \"/Users/runner/work/Bangumi/Bangumi/ios/Pods/Headers/Public/React-timing\"\ \"/Users/runner/work/Bangumi/Bangumi/ios/Pods/Headers/Public/React-utils\"\ \"/Users/runner/work/Bangumi/Bangumi/ios/Pods/Headers/Public/React-viewtransitionnativemodule\"\ \"/Users/runner/work/Bangumi/Bangumi/ios/Pods/Headers/Public/React-webperformancenativemodule\"\ \"/Users/runner/work/Bangumi/Bangumi/ios/Pods/Headers/Public/ReactAppDependencyProvider\"\ \"/Users/runner/work/Bangumi/Bangumi/ios/Pods/Headers/Public/ReactCodegen\"\ \"/Users/runner/work/Bangumi/Bangumi/ios/Pods/Headers/Public/ReactCommon\"\ \"/Users/runner/work/Bangumi/Bangumi/ios/Pods/Headers/Public/ReactNativeDependencies\"\ \"/Users/runner/work/Bangumi/Bangumi/ios/Pods/Headers/Public/ReactNativeExceptionHandler\"\ \"/Users/runner/work/Bangumi/Bangumi/ios/Pods/Headers/Public/SDWebImage\"\ \"/Users/runner/work/Bangumi/Bangumi/ios/Pods/Headers/Public/SDWebImageWebPCoder\"\ \"/Users/runner/work/Bangumi/Bangumi/ios/Pods/Headers/Public/Yoga\"\ \"/Users/runner/work/Bangumi/Bangumi/ios/Pods/Headers/Public/hermes-engine\"\ \"/Users/runner/work/Bangumi/Bangumi/ios/Pods/Headers/Public/libwebp\"\ \"/Users/runner/work/Bangumi/Bangumi/ios/Pods/Headers/Public/react-native-actions-shortcuts\"\ \"/Users/runner/work/Bangumi/Bangumi/ios/Pods/Headers/Public/react-native-blur\"\ \"/Users/runner/work/Bangumi/Bangumi/ios/Pods/Headers/Public/react-native-cameraroll\"\ \"/Users/runner/work/Bangumi/Bangumi/ios/Pods/Headers/Public/react-native-pager-view\"\ \"/Users/runner/work/Bangumi/Bangumi/ios/Pods/Headers/Public/react-native-safe-area-context\"\ \"/Users/runner/work/Bangumi/Bangumi/ios/Pods/Headers/Public/react-native-slider\"\ \"/Users/runner/work/Bangumi/Bangumi/ios/Pods/Headers/Public/react-native-webview\"\ \"/Users/runner/work/Bangumi/Bangumi/ios/Pods/Headers/Public/rn-fetch-blob\"\ \"/Users/runner/work/Bangumi/Bangumi/ios/build/Build/Products/Release-iphoneos/EXManifests/Swift\ Compatibility\ Header\"\ \"/Users/runner/work/Bangumi/Bangumi/ios/build/Build/Products/Release-iphoneos/EXUpdates/Swift\ Compatibility\ Header\"\ \"/Users/runner/work/Bangumi/Bangumi/ios/build/Build/Products/Release-iphoneos/EXUpdatesInterface/Swift\ Compatibility\ Header\"\ \"/Users/runner/work/Bangumi/Bangumi/ios/build/Build/Products/Release-iphoneos/Expo/Swift\ Compatibility\ Header\"\ \"/Users/runner/work/Bangumi/Bangumi/ios/Pods/Headers/Private/Yoga\"\ \"/Users/runner/work/Bangumi/Bangumi/ios/build/Build/Products/Release-iphoneos/ExpoModulesCore/Swift\ Compatibility\ Header\"\ \"/Users/runner/work/Bangumi/Bangumi/ios/Pods/Headers/Private/Yoga\"\ \"/Users/runner/work/Bangumi/Bangumi/ios/build/Build/Products/Release-iphoneos/ExpoScreenOrientation/Swift\ Compatibility\ Header\"\ \"/Users/runner/work/Bangumi/Bangumi/ios/Pods/boost\"\ \"/Users/runner/work/Bangumi/Bangumi/ios/Pods/boost-for-react-native\"\ \"/Users/runner/work/Bangumi/Bangumi/ios/Pods/glog\"\ \"/Users/runner/work/Bangumi/Bangumi/ios/Pods/RCT-Folly\"\ \"/Users/runner/work/Bangumi/Bangumi/ios/Pods/Headers/Public/React-hermes\"\ \"/Users/runner/work/Bangumi/Bangumi/ios/Pods/Headers/Public/hermes-engine\"\ \"/Users/runner/work/Bangumi/Bangumi/ios/Pods/Headers/Public/RNWorklets\"\ \"/Users/runner/work/Bangumi/Bangumi/ios/Pods/../../node_modules/react-native/ReactCommon\"\ \"/Users/runner/work/Bangumi/Bangumi/ios/Pods/../../node_modules/react-native/ReactCommon/jsitooling\"\ \"/Users/runner/work/Bangumi/Bangumi/ios/Pods/boost\"\ \"/Users/runner/work/Bangumi/Bangumi/ios/Pods/boost-for-react-native\"\ \"/Users/runner/work/Bangumi/Bangumi/ios/Pods/glog\"\ \"/Users/runner/work/Bangumi/Bangumi/ios/Pods/RCT-Folly\"\ \"/Users/runner/work/Bangumi/Bangumi/ios/Pods/Headers/Public/React-hermes\"\ \"/Users/runner/work/Bangumi/Bangumi/ios/Pods/Headers/Public/hermes-engine\"\ \"/Users/runner/work/Bangumi/Bangumi/ios/Pods/../../node_modules/react-native/ReactCommon\"\ \"/Users/runner/work/Bangumi/Bangumi/ios/Pods/../../node_modules/react-native/ReactCommon/jsitooling\"\ \"/Users/runner/work/Bangumi/Bangumi/ios/Pods/Headers/Private/React-Core\"\ \"/Users/runner/work/Bangumi/Bangumi/ios/Pods/Headers/Private/React-Core\"\ \"/Users/runner/work/Bangumi/Bangumi/ios/Pods/Headers/Private/Yoga\"\ \"/Users/runner/work/Bangumi/Bangumi/ios/Pods/ExpoModulesCore/ExpoModulesCore.xcframework/ios-arm64_x86_64-simulator/ExpoModulesCore.framework/Headers\"\ \"/Users/runner/work/Bangumi/Bangumi/ios/Pods/ExpoModulesCore/ExpoModulesCore.xcframework/ios-arm64/ExpoModulesCore.framework/Headers\"
    export HERMES_CLI_PATH\=/Users/runner/work/Bangumi/Bangumi/ios/Pods/../../node_modules/hermes-compiler/hermesc/osx-bin/hermesc
    export HOME\=/Users/runner
    export HOST_ARCH\=arm64
    export HOST_PLATFORM\=macosx
    export ICONV\=/usr/bin/iconv
    export IMPLICIT_DEPENDENCY_DOMAIN\=default
    export INDEX_STORE_COMPRESS\=NO
    export INDEX_STORE_ONLY_PROJECT_FILES\=NO
    export INFOPLIST_ENABLE_CFBUNDLEICONS_MERGE\=YES
    export INFOPLIST_EXPAND_BUILD_SETTINGS\=YES
    export INFOPLIST_FILE\=Bangumi/Info.plist
    export INFOPLIST_OUTPUT_FORMAT\=binary
    export INFOPLIST_PATH\=Bangumi.app/Info.plist
    export INFOPLIST_PREPROCESS\=NO
    export INFOSTRINGS_PATH\=Bangumi.app/en.lproj/InfoPlist.strings
    export INLINE_PRIVATE_FRAMEWORKS\=NO
    export INSTALLAPI_IGNORE_SKIP_INSTALL\=YES
    export INSTALLHDRS_COPY_PHASE\=NO
    export INSTALLHDRS_SCRIPT_PHASE\=NO
    export INSTALL_DIR\=/tmp/Bangumi.dst/Applications
    export INSTALL_GROUP\=staff
    export INSTALL_MODE_FLAG\=u+w,go-w,a+rX
    export INSTALL_OWNER\=runner
    export INSTALL_PATH\=/Applications
    export INSTALL_ROOT\=/tmp/Bangumi.dst
    export IPHONEOS_DEPLOYMENT_TARGET\=16.4
    export IS_UNOPTIMIZED_BUILD\=NO
    export JAVAC_DEFAULT_FLAGS\=-J-Xms64m\ -J-XX:NewSize\=4M\ -J-Dfile.encoding\=UTF8
    export JAVA_APP_STUB\=/System/Library/Frameworks/JavaVM.framework/Resources/MacOS/JavaApplicationStub
    export JAVA_ARCHIVE_CLASSES\=YES
    export JAVA_ARCHIVE_TYPE\=JAR
    export JAVA_COMPILER\=/usr/bin/javac
    export JAVA_FOLDER_PATH\=Bangumi.app/Java
    export JAVA_FRAMEWORK_RESOURCES_DIRS\=Resources
    export JAVA_JAR_FLAGS\=cv
    export JAVA_SOURCE_SUBDIR\=.
    export JAVA_USE_DEPENDENCIES\=YES
    export JAVA_ZIP_FLAGS\=-urg
    export JIKES_DEFAULT_FLAGS\=+E\ +OLDCSO
    export KASAN_CFLAGS_CLASSIC\=-DKASAN\=1\ -DKASAN_CLASSIC\=1\ -fsanitize\=address\ -mllvm\ -asan-globals-live-support\ -mllvm\ -asan-force-dynamic-shadow
    export KASAN_CFLAGS_TBI\=-DKASAN\=1\ -DKASAN_TBI\=1\ -fsanitize\=kernel-hwaddress\ -mllvm\ -hwasan-recover\=0\ -mllvm\ -hwasan-instrument-atomics\=0\ -mllvm\ -hwasan-instrument-stack\=1\ -mllvm\ -hwasan-generate-tags-with-calls\=1\ -mllvm\ -hwasan-instrument-with-calls\=1\ -mllvm\ -hwasan-use-short-granules\=0\ -mllvm\ -hwasan-memory-access-callback-prefix\=__asan_
    export KASAN_DEFAULT_CFLAGS\=-DKASAN\=1\ -DKASAN_CLASSIC\=1\ -fsanitize\=address\ -mllvm\ -asan-globals-live-support\ -mllvm\ -asan-force-dynamic-shadow
    export KEEP_PRIVATE_EXTERNS\=NO
    export LD_DEPENDENCY_INFO_FILE\=/Users/runner/work/Bangumi/Bangumi/ios/build/Build/Intermediates.noindex/Bangumi.build/Release-iphoneos/Bangumi.build/Objects-normal/undefined_arch/Bangumi_dependency_info.dat
    export LD_EXPORT_SYMBOLS\=YES
    export LD_GENERATE_MAP_FILE\=NO
    export LD_MAP_FILE_PATH\=/Users/runner/work/Bangumi/Bangumi/ios/build/Build/Intermediates.noindex/Bangumi.build/Release-iphoneos/Bangumi.build/Bangumi-LinkMap-normal-undefined_arch.txt
    export LD_NO_PIE\=NO
    export LD_QUOTE_LINKER_ARGUMENTS_FOR_COMPILER_DRIVER\=YES
    export LD_RUNPATH_SEARCH_PATHS\=/usr/lib/swift\ \ /usr/lib/swift\ \'@executable_path/Frameworks\'\ \'@loader_path/Frameworks\'\ @executable_path/Frameworks
    export LD_RUNPATH_SEARCH_PATHS_YES\=@loader_path/../Frameworks
    export LD_SHARED_CACHE_ELIGIBLE\=Automatic
    export LD_WARN_DUPLICATE_LIBRARIES\=NO
    export LD_WARN_UNUSED_DYLIBS\=NO
    export LEGACY_DEVELOPER_DIR\=/Applications/Xcode_26.6.app/Contents/PlugIns/Xcode3Core.ideplugin/Contents/SharedSupport/Developer
    export LEX\=lex
    export LIBRARY_DEXT_INSTALL_PATH\=/Library/DriverExtensions
    export LIBRARY_FLAG_NOSPACE\=YES
    export LIBRARY_FLAG_PREFIX\=-l
    export LIBRARY_KEXT_INSTALL_PATH\=/Library/Extensions
    export LIBRARY_SEARCH_PATHS\=/Users/runner/work/Bangumi/Bangumi/ios/build/Build/Products/Release-iphoneos\ /Applications/Xcode_26.6.app/Contents/Developer/Platforms/iPhoneOS.platform/Developer/SDKs/iPhoneOS26.5.sdk/usr/lib/swift\ /Users/runner/work/Bangumi/Bangumi/ios/build/Build/Products/Release-iphoneos/EASClient\ /Users/runner/work/Bangumi/Bangumi/ios/build/Build/Products/Release-iphoneos/EXConstants\ /Users/runner/work/Bangumi/Bangumi/ios/build/Build/Products/Release-iphoneos/EXJSONUtils\ /Users/runner/work/Bangumi/Bangumi/ios/build/Build/Products/Release-iphoneos/EXManifests\ /Users/runner/work/Bangumi/Bangumi/ios/build/Build/Products/Release-iphoneos/EXStructuredHeaders\ /Users/runner/work/Bangumi/Bangumi/ios/build/Build/Products/Release-iphoneos/EXUpdates\ /Users/runner/work/Bangumi/Bangumi/ios/build/Build/Products/Release-iphoneos/EXUpdatesInterface\ /Users/runner/work/Bangumi/Bangumi/ios/build/Build/Products/Release-iphoneos/Expo\ /Users/runner/work/Bangumi/Bangumi/ios/build/Build/Products/Release-iphoneos/ExpoAsset\ /Users/runner/work/Bangumi/Bangumi/ios/build/Build/Products/Release-iphoneos/ExpoBlur\ /Users/runner/work/Bangumi/Bangumi/ios/build/Build/Products/Release-iphoneos/ExpoCalendar\ /Users/runner/work/Bangumi/Bangumi/ios/build/Build/Products/Release-iphoneos/ExpoDevice\ /Users/runner/work/Bangumi/Bangumi/ios/build/Build/Products/Release-iphoneos/ExpoDomWebView\ /Users/runner/work/Bangumi/Bangumi/ios/build/Build/Products/Release-iphoneos/ExpoHaptics\ /Users/runner/work/Bangumi/Bangumi/ios/build/Build/Products/Release-iphoneos/ExpoKeepAwake\ /Users/runner/work/Bangumi/Bangumi/ios/build/Build/Products/Release-iphoneos/ExpoLinearGradient\ /Users/runner/work/Bangumi/Bangumi/ios/build/Build/Products/Release-iphoneos/ExpoLogBox\ /Users/runner/work/Bangumi/Bangumi/ios/build/Build/Products/Release-iphoneos/ExpoModulesWorkletsAdapter\ /Users/runner/work/Bangumi/Bangumi/ios/build/Build/Products/Release-iphoneos/ExpoScreenOrientation\ /Users/runner/work/Bangumi/Bangumi/ios/build/Build/Products/Release-iphoneos/ExpoSpeech\ /Users/runner/work/Bangumi/Bangumi/ios/build/Build/Products/Release-iphoneos/ExpoSplashScreen\ /Users/runner/work/Bangumi/Bangumi/ios/build/Build/Products/Release-iphoneos/ExpoWebBrowser\ /Users/runner/work/Bangumi/Bangumi/ios/build/Build/Products/Release-iphoneos/RCTRestart\ /Users/runner/work/Bangumi/Bangumi/ios/build/Build/Products/Release-iphoneos/RNCAsyncStorage\ /Users/runner/work/Bangumi/Bangumi/ios/build/Build/Products/Release-iphoneos/RNCMaskedView\ /Users/runner/work/Bangumi/Bangumi/ios/build/Build/Products/Release-iphoneos/RNCalendarEvents\ /Users/runner/work/Bangumi/Bangumi/ios/build/Build/Products/Release-iphoneos/RNFS\ /Users/runner/work/Bangumi/Bangumi/ios/build/Build/Products/Release-iphoneos/RNFastImage\ /Users/runner/work/Bangumi/Bangumi/ios/build/Build/Products/Release-iphoneos/RNGestureHandler\ /Users/runner/work/Bangumi/Bangumi/ios/build/Build/Products/Release-iphoneos/RNReanimated\ /Users/runner/work/Bangumi/Bangumi/ios/build/Build/Products/Release-iphoneos/RNSVG\ /Users/runner/work/Bangumi/Bangumi/ios/build/Build/Products/Release-iphoneos/RNScreens\ /Users/runner/work/Bangumi/Bangumi/ios/build/Build/Products/Release-iphoneos/RNWorklets\ /Users/runner/work/Bangumi/Bangumi/ios/build/Build/Products/Release-iphoneos/ReachabilitySwift\ /Users/runner/work/Bangumi/Bangumi/ios/build/Build/Products/Release-iphoneos/ReactAppDependencyProvider\ /Users/runner/work/Bangumi/Bangumi/ios/build/Build/Products/Release-iphoneos/ReactCodegen\ /Users/runner/work/Bangumi/Bangumi/ios/build/Build/Products/Release-iphoneos/ReactNativeExceptionHandler\ /Users/runner/work/Bangumi/Bangumi/ios/build/Build/Products/Release-iphoneos/SDWebImage\ /Users/runner/work/Bangumi/Bangumi/ios/build/Build/Products/Release-iphoneos/SDWebImageWebPCoder\ /Users/runner/work/Bangumi/Bangumi/ios/build/Build/Products/Release-iphoneos/SwiftUIIntrospect\ /Users/runner/work/Bangumi/Bangumi/ios/build/Build/Products/Release-iphoneos/libwebp\ /Users/runner/work/Bangumi/Bangumi/ios/build/Build/Products/Release-iphoneos/react-native-actions-shortcuts\ /Users/runner/work/Bangumi/Bangumi/ios/build/Build/Products/Release-iphoneos/react-native-blur\ /Users/runner/work/Bangumi/Bangumi/ios/build/Build/Products/Release-iphoneos/react-native-cameraroll\ /Users/runner/work/Bangumi/Bangumi/ios/build/Build/Products/Release-iphoneos/react-native-pager-view\ /Users/runner/work/Bangumi/Bangumi/ios/build/Build/Products/Release-iphoneos/react-native-safe-area-context\ /Users/runner/work/Bangumi/Bangumi/ios/build/Build/Products/Release-iphoneos/react-native-slider\ /Users/runner/work/Bangumi/Bangumi/ios/build/Build/Products/Release-iphoneos/react-native-webview\ /Users/runner/work/Bangumi/Bangumi/ios/build/Build/Products/Release-iphoneos/rn-fetch-blob\ /var/run/com.apple.security.cryptexd/mnt/com.apple.MobileAsset.MetalToolchain-v17.6.109.0.DBd8UQ/Metal.xctoolchain/usr/lib/swift/iphoneos\ /Applications/Xcode_26.6.app/Contents/Developer/Platforms/iPhoneOS.platform/Developer/SDKs/iPhoneOS26.5.sdk/usr/lib/swift
    export LINKER_DISPLAYS_MANGLED_NAMES\=NO
    export LINK_FILE_LIST_normal_arm64\=/Users/runner/work/Bangumi/Bangumi/ios/build/Build/Intermediates.noindex/Bangumi.build/Release-iphoneos/Bangumi.build/Objects-normal/arm64/Bangumi.LinkFileList
    export LINK_OBJC_RUNTIME\=YES
    export LINK_WITH_STANDARD_LIBRARIES\=YES
    export LLVM_TARGET_TRIPLE_OS_VERSION\=ios16.4
    export LLVM_TARGET_TRIPLE_VENDOR\=apple
    export LM_AUX_CONST_METADATA_LIST_PATH_normal_arm64\=/Users/runner/work/Bangumi/Bangumi/ios/build/Build/Intermediates.noindex/Bangumi.build/Release-iphoneos/Bangumi.build/Objects-normal/arm64/Bangumi.SwiftConstValuesFileList
    export LOCALIZATION_EXPORT_SUPPORTED\=YES
    export LOCALIZATION_PREFERS_STRING_CATALOGS\=NO
    export LOCALIZED_RESOURCES_FOLDER_PATH\=Bangumi.app/en.lproj
    export LOCALIZED_STRING_CODE_COMMENTS\=NO
    export LOCALIZED_STRING_MACRO_NAMES\=NSLocalizedString\ CFCopyLocalizedString
    export LOCALIZED_STRING_SWIFTUI_SUPPORT\=YES
    export LOCAL_ADMIN_APPS_DIR\=/Applications/Utilities
    export LOCAL_APPS_DIR\=/Applications
    export LOCAL_DEVELOPER_DIR\=/Library/Developer
    export LOCAL_LIBRARY_DIR\=/Library
    export LOCROOT\=/Users/runner/work/Bangumi/Bangumi/ios
    export LOCSYMROOT\=/Users/runner/work/Bangumi/Bangumi/ios
    export MACH_O_TYPE\=mh_execute
    export MAC_OS_X_PRODUCT_BUILD_VERSION\=25G83
    export MAC_OS_X_VERSION_ACTUAL\=260602
    export MAC_OS_X_VERSION_MAJOR\=260000
    export MAC_OS_X_VERSION_MINOR\=260600
    export MAKE_MERGEABLE\=NO
    export MARKETING_VERSION\=1.0
    export MERGEABLE_LIBRARY\=NO
    export MERGED_BINARY_TYPE\=none
    export MERGE_LINKED_LIBRARIES\=NO
    export METAL_LIBRARY_FILE_BASE\=default
    export METAL_LIBRARY_OUTPUT_DIR\=/Users/runner/work/Bangumi/Bangumi/ios/build/Build/Products/Release-iphoneos/Bangumi.app
    export MODULES_FOLDER_PATH\=Bangumi.app/Modules
    export MODULE_CACHE_DIR\=/Users/runner/work/Bangumi/Bangumi/ios/build/ModuleCache.noindex
    export MTL_ENABLE_DEBUG_INFO\=NO
    export NATIVE_ARCH\=arm64
    export NATIVE_ARCH_32_BIT\=arm
    export NATIVE_ARCH_64_BIT\=arm64
    export NATIVE_ARCH_ACTUAL\=arm64
    export NO_COMMON\=YES
    export OBJECT_FILE_DIR\=/Users/runner/work/Bangumi/Bangumi/ios/build/Build/Intermediates.noindex/Bangumi.build/Release-iphoneos/Bangumi.build/Objects
    export OBJECT_FILE_DIR_normal\=/Users/runner/work/Bangumi/Bangumi/ios/build/Build/Intermediates.noindex/Bangumi.build/Release-iphoneos/Bangumi.build/Objects-normal
    export OBJROOT\=/Users/runner/work/Bangumi/Bangumi/ios/build/Build/Intermediates.noindex
    export ONLY_ACTIVE_ARCH\=NO
    export OS\=MACOS
    export OSAC\=/usr/bin/osacompile
    export OTHER_CFLAGS\=\ -DRCT_REMOVE_LEGACY_ARCH\=1\ -fmodule-map-file\=\"/Users/runner/work/Bangumi/Bangumi/ios/build/Build/Products/Release-iphoneos/EASClient/EASClient.modulemap\"\ -fmodule-map-file\=\"/Users/runner/work/Bangumi/Bangumi/ios/build/Build/Products/Release-iphoneos/EXConstants/EXConstants.modulemap\"\ -fmodule-map-file\=\"/Users/runner/work/Bangumi/Bangumi/ios/build/Build/Products/Release-iphoneos/EXManifests/EXManifests.modulemap\"\ -fmodule-map-file\=\"/Users/runner/work/Bangumi/Bangumi/ios/build/Build/Products/Release-iphoneos/EXUpdates/EXUpdates.modulemap\"\ -fmodule-map-file\=\"/Users/runner/work/Bangumi/Bangumi/ios/build/Build/Products/Release-iphoneos/EXUpdatesInterface/EXUpdatesInterface.modulemap\"\ -fmodule-map-file\=\"/Users/runner/work/Bangumi/Bangumi/ios/build/Build/Products/Release-iphoneos/Expo/Expo.modulemap\"\ -fmodule-map-file\=\"/Users/runner/work/Bangumi/Bangumi/ios/build/Build/Products/Release-iphoneos/ExpoAsset/ExpoAsset.modulemap\"\ -fmodule-map-file\=\"/Users/runner/work/Bangumi/Bangumi/ios/build/Build/Products/Release-iphoneos/ExpoBlur/ExpoBlur.modulemap\"\ -fmodule-map-file\=\"/Users/runner/work/Bangumi/Bangumi/ios/build/Build/Products/Release-iphoneos/ExpoCalendar/ExpoCalendar.modulemap\"\ -fmodule-map-file\=\"/Users/runner/work/Bangumi/Bangumi/ios/build/Build/Products/Release-iphoneos/ExpoDevice/ExpoDevice.modulemap\"\ -fmodule-map-file\=\"/Users/runner/work/Bangumi/Bangumi/ios/build/Build/Products/Release-iphoneos/ExpoDomWebView/ExpoDomWebView.modulemap\"\ -fmodule-map-file\=\"/Users/runner/work/Bangumi/Bangumi/ios/build/Build/Products/Release-iphoneos/ExpoHaptics/ExpoHaptics.modulemap\"\ -fmodule-map-file\=\"/Users/runner/work/Bangumi/Bangumi/ios/build/Build/Products/Release-iphoneos/ExpoKeepAwake/ExpoKeepAwake.modulemap\"\ -fmodule-map-file\=\"/Users/runner/work/Bangumi/Bangumi/ios/build/Build/Products/Release-iphoneos/ExpoLinearGradient/ExpoLinearGradient.modulemap\"\ -fmodule-map-file\=\"/Users/runner/work/Bangumi/Bangumi/ios/build/Build/Products/Release-iphoneos/ExpoLogBox/ExpoLogBox.modulemap\"\ -fmodule-map-file\=\"/Users/runner/work/Bangumi/Bangumi/ios/build/Build/Products/Release-iphoneos/ExpoScreenOrientation/ExpoScreenOrientation.modulemap\"\ -fmodule-map-file\=\"/Users/runner/work/Bangumi/Bangumi/ios/build/Build/Products/Release-iphoneos/ExpoSpeech/ExpoSpeech.modulemap\"\ -fmodule-map-file\=\"/Users/runner/work/Bangumi/Bangumi/ios/build/Build/Products/Release-iphoneos/ExpoSplashScreen/ExpoSplashScreen.modulemap\"\ -fmodule-map-file\=\"/Users/runner/work/Bangumi/Bangumi/ios/build/Build/Products/Release-iphoneos/ExpoWebBrowser/ExpoWebBrowser.modulemap\"\ -fmodule-map-file\=\"/Users/runner/work/Bangumi/Bangumi/ios/build/Build/Products/Release-iphoneos/RNScreens/RNScreens.modulemap\"\ -fmodule-map-file\=\"/Users/runner/work/Bangumi/Bangumi/ios/build/Build/Products/Release-iphoneos/ReachabilitySwift/Reachability.modulemap\"\ -fmodule-map-file\=\"/Users/runner/work/Bangumi/Bangumi/ios/build/Build/Products/Release-iphoneos/SwiftUIIntrospect/SwiftUIIntrospect.modulemap\"\ -fmodule-map-file\=\"/Users/runner/work/Bangumi/Bangumi/ios/build/Build/Products/Release-iphoneos/react-native-actions-shortcuts/react_native_actions_shortcuts.modulemap\"\ -fmodule-map-file\=\"/Users/runner/work/Bangumi/Bangumi/ios/build/Build/Products/Release-iphoneos/react-native-pager-view/react_native_pager_view.modulemap\"\ -fmodule-map-file\=\"/Users/runner/work/Bangumi/Bangumi/ios/Pods/Headers/Private/SDWebImageWebPCoder/SDWebImageWebPCoder.modulemap\"\ -fmodule-map-file\=\"/Users/runner/work/Bangumi/Bangumi/ios/Pods/Headers/Public/EXJSONUtils/EXJSONUtils.modulemap\"\ -fmodule-map-file\=\"/Users/runner/work/Bangumi/Bangumi/ios/Pods/Headers/Public/EXStructuredHeaders/EXStructuredHeaders.modulemap\"\ -fmodule-map-file\=\"/Users/runner/work/Bangumi/Bangumi/ios/Pods/Headers/Public/ExpoModulesWorkletsAdapter/ExpoModulesWorkletsAdapter.modulemap\"\ -fmodule-map-file\=\"/Users/runner/work/Bangumi/Bangumi/ios/Pods/Headers/Public/ReactAppDependencyProvider/ReactAppDependencyProvider.modulemap\"\ -fmodule-map-file\=\"/Users/runner/work/Bangumi/Bangumi/ios/Pods/Headers/Public/ReactCodegen/ReactCodegen.modulemap\"\ -fmodule-map-file\=\"/Users/runner/work/Bangumi/Bangumi/ios/Pods/Headers/Public/SDWebImage/SDWebImage.modulemap\"\ -fmodule-map-file\=\"/Users/runner/work/Bangumi/Bangumi/ios/Pods/Headers/Public/reanimated/RNReanimated.modulemap\"\ -fmodule-map-file\=\"/Users/runner/work/Bangumi/Bangumi/ios/Pods/Headers/Public/worklets/RNWorklets.modulemap\"\ \ -DRCT_REMOVE_LEGACY_ARCH\=1\ \ -DREACT_NATIVE_MINOR_VERSION\=86\ \ -DRCT_REMOVE_LEGACY_ARCH\=1\ \ -DREANIMATED_VERSION\=4.5.1\ \ -DREANIMATED_FEATURE_FLAGS\=\"\[RUNTIME_TEST_FLAG:false\]\[DISABLE_COMMIT_PAUSING_MECHANISM:false\]\[ANDROID_SYNCHRONOUSLY_UPDATE_UI_PROPS:false\]\[IOS_SYNCHRONOUSLY_UPDATE_UI_PROPS:false\]\[EXPERIMENTAL_CSS_ANIMATIONS_FOR_SVG_COMPONENTS:true\]\[IOS_CSS_CORE_ANIMATION:false\]\[USE_SYNCHRONIZABLE_FOR_MUTABLES:true\]\[USE_COMMIT_HOOK_ONLY_FOR_REACT_COMMITS:true\]\[ENABLE_SHARED_ELEMENT_TRANSITIONS:false\]\[FORCE_REACT_RENDER_FOR_SETTLED_ANIMATIONS:true\]\[USE_ANIMATION_BACKEND:false\]\"\ \ \ -DRCT_REMOVE_LEGACY_ARCH\=1\ -DREACT_NATIVE_MINOR_VERSION\=86\ -DNDEBUG\ -ivfsoverlay\ \"/Users/runner/work/Bangumi/Bangumi/ios/Pods/React-Core-prebuilt/React-VFS.yaml\"
    export OTHER_CPLUSPLUSFLAGS\=\ -DRCT_REMOVE_LEGACY_ARCH\=1\ -fmodule-map-file\=\"/Users/runner/work/Bangumi/Bangumi/ios/build/Build/Products/Release-iphoneos/EASClient/EASClient.modulemap\"\ -fmodule-map-file\=\"/Users/runner/work/Bangumi/Bangumi/ios/build/Build/Products/Release-iphoneos/EXConstants/EXConstants.modulemap\"\ -fmodule-map-file\=\"/Users/runner/work/Bangumi/Bangumi/ios/build/Build/Products/Release-iphoneos/EXManifests/EXManifests.modulemap\"\ -fmodule-map-file\=\"/Users/runner/work/Bangumi/Bangumi/ios/build/Build/Products/Release-iphoneos/EXUpdates/EXUpdates.modulemap\"\ -fmodule-map-file\=\"/Users/runner/work/Bangumi/Bangumi/ios/build/Build/Products/Release-iphoneos/EXUpdatesInterface/EXUpdatesInterface.modulemap\"\ -fmodule-map-file\=\"/Users/runner/work/Bangumi/Bangumi/ios/build/Build/Products/Release-iphoneos/Expo/Expo.modulemap\"\ -fmodule-map-file\=\"/Users/runner/work/Bangumi/Bangumi/ios/build/Build/Products/Release-iphoneos/ExpoAsset/ExpoAsset.modulemap\"\ -fmodule-map-file\=\"/Users/runner/work/Bangumi/Bangumi/ios/build/Build/Products/Release-iphoneos/ExpoBlur/ExpoBlur.modulemap\"\ -fmodule-map-file\=\"/Users/runner/work/Bangumi/Bangumi/ios/build/Build/Products/Release-iphoneos/ExpoCalendar/ExpoCalendar.modulemap\"\ -fmodule-map-file\=\"/Users/runner/work/Bangumi/Bangumi/ios/build/Build/Products/Release-iphoneos/ExpoDevice/ExpoDevice.modulemap\"\ -fmodule-map-file\=\"/Users/runner/work/Bangumi/Bangumi/ios/build/Build/Products/Release-iphoneos/ExpoDomWebView/ExpoDomWebView.modulemap\"\ -fmodule-map-file\=\"/Users/runner/work/Bangumi/Bangumi/ios/build/Build/Products/Release-iphoneos/ExpoHaptics/ExpoHaptics.modulemap\"\ -fmodule-map-file\=\"/Users/runner/work/Bangumi/Bangumi/ios/build/Build/Products/Release-iphoneos/ExpoKeepAwake/ExpoKeepAwake.modulemap\"\ -fmodule-map-file\=\"/Users/runner/work/Bangumi/Bangumi/ios/build/Build/Products/Release-iphoneos/ExpoLinearGradient/ExpoLinearGradient.modulemap\"\ -fmodule-map-file\=\"/Users/runner/work/Bangumi/Bangumi/ios/build/Build/Products/Release-iphoneos/ExpoLogBox/ExpoLogBox.modulemap\"\ -fmodule-map-file\=\"/Users/runner/work/Bangumi/Bangumi/ios/build/Build/Products/Release-iphoneos/ExpoScreenOrientation/ExpoScreenOrientation.modulemap\"\ -fmodule-map-file\=\"/Users/runner/work/Bangumi/Bangumi/ios/build/Build/Products/Release-iphoneos/ExpoSpeech/ExpoSpeech.modulemap\"\ -fmodule-map-file\=\"/Users/runner/work/Bangumi/Bangumi/ios/build/Build/Products/Release-iphoneos/ExpoSplashScreen/ExpoSplashScreen.modulemap\"\ -fmodule-map-file\=\"/Users/runner/work/Bangumi/Bangumi/ios/build/Build/Products/Release-iphoneos/ExpoWebBrowser/ExpoWebBrowser.modulemap\"\ -fmodule-map-file\=\"/Users/runner/work/Bangumi/Bangumi/ios/build/Build/Products/Release-iphoneos/RNScreens/RNScreens.modulemap\"\ -fmodule-map-file\=\"/Users/runner/work/Bangumi/Bangumi/ios/build/Build/Products/Release-iphoneos/ReachabilitySwift/Reachability.modulemap\"\ -fmodule-map-file\=\"/Users/runner/work/Bangumi/Bangumi/ios/build/Build/Products/Release-iphoneos/SwiftUIIntrospect/SwiftUIIntrospect.modulemap\"\ -fmodule-map-file\=\"/Users/runner/work/Bangumi/Bangumi/ios/build/Build/Products/Release-iphoneos/react-native-actions-shortcuts/react_native_actions_shortcuts.modulemap\"\ -fmodule-map-file\=\"/Users/runner/work/Bangumi/Bangumi/ios/build/Build/Products/Release-iphoneos/react-native-pager-view/react_native_pager_view.modulemap\"\ -fmodule-map-file\=\"/Users/runner/work/Bangumi/Bangumi/ios/Pods/Headers/Private/SDWebImageWebPCoder/SDWebImageWebPCoder.modulemap\"\ -fmodule-map-file\=\"/Users/runner/work/Bangumi/Bangumi/ios/Pods/Headers/Public/EXJSONUtils/EXJSONUtils.modulemap\"\ -fmodule-map-file\=\"/Users/runner/work/Bangumi/Bangumi/ios/Pods/Headers/Public/EXStructuredHeaders/EXStructuredHeaders.modulemap\"\ -fmodule-map-file\=\"/Users/runner/work/Bangumi/Bangumi/ios/Pods/Headers/Public/ExpoModulesWorkletsAdapter/ExpoModulesWorkletsAdapter.modulemap\"\ -fmodule-map-file\=\"/Users/runner/work/Bangumi/Bangumi/ios/Pods/Headers/Public/ReactAppDependencyProvider/ReactAppDependencyProvider.modulemap\"\ -fmodule-map-file\=\"/Users/runner/work/Bangumi/Bangumi/ios/Pods/Headers/Public/ReactCodegen/ReactCodegen.modulemap\"\ -fmodule-map-file\=\"/Users/runner/work/Bangumi/Bangumi/ios/Pods/Headers/Public/SDWebImage/SDWebImage.modulemap\"\ -fmodule-map-file\=\"/Users/runner/work/Bangumi/Bangumi/ios/Pods/Headers/Public/reanimated/RNReanimated.modulemap\"\ -fmodule-map-file\=\"/Users/runner/work/Bangumi/Bangumi/ios/Pods/Headers/Public/worklets/RNWorklets.modulemap\"\ \ -DRCT_REMOVE_LEGACY_ARCH\=1\ \ -DREACT_NATIVE_MINOR_VERSION\=86\ \ -DRCT_REMOVE_LEGACY_ARCH\=1\ \ -DREANIMATED_VERSION\=4.5.1\ \ -DREANIMATED_FEATURE_FLAGS\=\"\[RUNTIME_TEST_FLAG:false\]\[DISABLE_COMMIT_PAUSING_MECHANISM:false\]\[ANDROID_SYNCHRONOUSLY_UPDATE_UI_PROPS:false\]\[IOS_SYNCHRONOUSLY_UPDATE_UI_PROPS:false\]\[EXPERIMENTAL_CSS_ANIMATIONS_FOR_SVG_COMPONENTS:true\]\[IOS_CSS_CORE_ANIMATION:false\]\[USE_SYNCHRONIZABLE_FOR_MUTABLES:true\]\[USE_COMMIT_HOOK_ONLY_FOR_REACT_COMMITS:true\]\[ENABLE_SHARED_ELEMENT_TRANSITIONS:false\]\[FORCE_REACT_RENDER_FOR_SETTLED_ANIMATIONS:true\]\[USE_ANIMATION_BACKEND:false\]\"\ \ \ -DRCT_REMOVE_LEGACY_ARCH\=1\ -DREACT_NATIVE_MINOR_VERSION\=86\ -DNDEBUG\ -ivfsoverlay\ \"/Users/runner/work/Bangumi/Bangumi/ios/Pods/React-Core-prebuilt/React-VFS.yaml\"\ -DRCT_REMOVE_LEGACY_ARCH\=1\ -DNDEBUG\ -ivfsoverlay\ \"/Users/runner/work/Bangumi/Bangumi/ios/Pods/React-Core-prebuilt/React-VFS.yaml\"\ -DRCT_NEW_ARCH_ENABLED\=1
    export OTHER_LDFLAGS\=\ \ \ -ObjC\ -l\"EASClient\"\ -l\"EXConstants\"\ -l\"EXJSONUtils\"\ -l\"EXManifests\"\ -l\"EXStructuredHeaders\"\ -l\"EXUpdates\"\ -l\"EXUpdatesInterface\"\ -l\"Expo\"\ -l\"ExpoAsset\"\ -l\"ExpoBlur\"\ -l\"ExpoCalendar\"\ -l\"ExpoDevice\"\ -l\"ExpoDomWebView\"\ -l\"ExpoHaptics\"\ -l\"ExpoKeepAwake\"\ -l\"ExpoLinearGradient\"\ -l\"ExpoLogBox\"\ -l\"ExpoModulesWorkletsAdapter\"\ -l\"ExpoScreenOrientation\"\ -l\"ExpoSpeech\"\ -l\"ExpoSplashScreen\"\ -l\"ExpoWebBrowser\"\ -l\"RCTRestart\"\ -l\"RNCAsyncStorage\"\ -l\"RNCMaskedView\"\ -l\"RNCalendarEvents\"\ -l\"RNFS\"\ -l\"RNFastImage\"\ -l\"RNGestureHandler\"\ -l\"RNReanimated\"\ -l\"RNSVG\"\ -l\"RNScreens\"\ -l\"RNWorklets\"\ -l\"ReachabilitySwift\"\ -l\"ReactAppDependencyProvider\"\ -l\"ReactCodegen\"\ -l\"ReactNativeExceptionHandler\"\ -l\"SwiftUIIntrospect\"\ -l\"bz2\"\ -l\"c++\"\ -l\"libwebp\"\ -l\"react-native-actions-shortcuts\"\ -l\"react-native-blur\"\ -l\"react-native-cameraroll\"\ -l\"react-native-pager-view\"\ -l\"react-native-safe-area-context\"\ -l\"react-native-slider\"\ -l\"react-native-webview\"\ -l\"rn-fetch-blob\"\ -framework\ \"Accelerate\"\ -framework\ \"AudioToolbox\"\ -framework\ \"CoreGraphics\"\ -framework\ \"CoreTelephony\"\ -framework\ \"ExpoFileSystem\"\ -framework\ \"ExpoFont\"\ -framework\ \"ExpoImage\"\ -framework\ \"ExpoModulesCore\"\ -framework\ \"ExpoModulesJSI\"\ -framework\ \"ExpoModulesWorklets\"\ -framework\ \"ImageIO\"\ -framework\ \"MobileCoreServices\"\ -framework\ \"QuartzCore\"\ -framework\ \"React\"\ -framework\ \"ReactNativeDependencies\"\ -framework\ \"SDWebImage\"\ -framework\ \"SDWebImageAVIFCoder\"\ -framework\ \"SDWebImageSVGCoder\"\ -framework\ \"SDWebImageWebPCoder\"\ -framework\ \"SystemConfiguration\"\ -framework\ \"UIKit\"\ -framework\ \"hermesvm\"\ -framework\ \"libavif\"\ -weak_framework\ \"JavaScriptCore\"\ -ObjC\ -lc++
    export OTHER_MODULE_VERIFIER_FLAGS\=\ \"-F/Users/runner/work/Bangumi/Bangumi/ios/build/Build/Products/Release-iphoneos/EASClient\"\ \"-F/Users/runner/work/Bangumi/Bangumi/ios/build/Build/Products/Release-iphoneos/EXConstants\"\ \"-F/Users/runner/work/Bangumi/Bangumi/ios/build/Build/Products/Release-iphoneos/EXJSONUtils\"\ \"-F/Users/runner/work/Bangumi/Bangumi/ios/build/Build/Products/Release-iphoneos/EXManifests\"\ \"-F/Users/runner/work/Bangumi/Bangumi/ios/build/Build/Products/Release-iphoneos/EXStructuredHeaders\"\ \"-F/Users/runner/work/Bangumi/Bangumi/ios/build/Build/Products/Release-iphoneos/EXUpdates\"\ \"-F/Users/runner/work/Bangumi/Bangumi/ios/build/Build/Products/Release-iphoneos/EXUpdatesInterface\"\ \"-F/Users/runner/work/Bangumi/Bangumi/ios/build/Build/Products/Release-iphoneos/Expo\"\ \"-F/Users/runner/work/Bangumi/Bangumi/ios/build/Build/Products/Release-iphoneos/ExpoAsset\"\ \"-F/Users/runner/work/Bangumi/Bangumi/ios/build/Build/Products/Release-iphoneos/ExpoBlur\"\ \"-F/Users/runner/work/Bangumi/Bangumi/ios/build/Build/Products/Release-iphoneos/ExpoCalendar\"\ \"-F/Users/runner/work/Bangumi/Bangumi/ios/build/Build/Products/Release-iphoneos/ExpoDevice\"\ \"-F/Users/runner/work/Bangumi/Bangumi/ios/build/Build/Products/Release-iphoneos/ExpoDomWebView\"\ \"-F/Users/runner/work/Bangumi/Bangumi/ios/build/Build/Products/Release-iphoneos/ExpoFileSystem\"\ \"-F/Users/runner/work/Bangumi/Bangumi/ios/build/Build/Products/Release-iphoneos/ExpoFont\"\ \"-F/Users/runner/work/Bangumi/Bangumi/ios/build/Build/Products/Release-iphoneos/ExpoHaptics\"\ \"-F/Users/runner/work/Bangumi/Bangumi/ios/build/Build/Products/Release-iphoneos/ExpoImage\"\ \"-F/Users/runner/work/Bangumi/Bangumi/ios/build/Build/Products/Release-iphoneos/ExpoKeepAwake\"\ \"-F/Users/runner/work/Bangumi/Bangumi/ios/build/Build/Products/Release-iphoneos/ExpoLinearGradient\"\ \"-F/Users/runner/work/Bangumi/Bangumi/ios/build/Build/Products/Release-iphoneos/ExpoLogBox\"\ \"-F/Users/runner/work/Bangumi/Bangumi/ios/build/Build/Products/Release-iphoneos/ExpoModulesCore\"\ \"-F/Users/runner/work/Bangumi/Bangumi/ios/build/Build/Products/Release-iphoneos/ExpoModulesJSI\"\ \"-F/Users/runner/work/Bangumi/Bangumi/ios/build/Build/Products/Release-iphoneos/ExpoModulesWorklets\"\ \"-F/Users/runner/work/Bangumi/Bangumi/ios/build/Build/Products/Release-iphoneos/ExpoModulesWorkletsAdapter\"\ \"-F/Users/runner/work/Bangumi/Bangumi/ios/build/Build/Products/Release-iphoneos/ExpoScreenOrientation\"\ \"-F/Users/runner/work/Bangumi/Bangumi/ios/build/Build/Products/Release-iphoneos/ExpoSpeech\"\ \"-F/Users/runner/work/Bangumi/Bangumi/ios/build/Build/Products/Release-iphoneos/ExpoSplashScreen\"\ \"-F/Users/runner/work/Bangumi/Bangumi/ios/build/Build/Products/Release-iphoneos/ExpoWebBrowser\"\ \"-F/Users/runner/work/Bangumi/Bangumi/ios/build/Build/Products/Release-iphoneos/FBLazyVector\"\ \"-F/Users/runner/work/Bangumi/Bangumi/ios/build/Build/Products/Release-iphoneos/RCTDeprecation\"\ \"-F/Users/runner/work/Bangumi/Bangumi/ios/build/Build/Products/Release-iphoneos/RCTRequired\"\ \"-F/Users/runner/work/Bangumi/Bangumi/ios/build/Build/Products/Release-iphoneos/RCTRestart\"\ \"-F/Users/runner/work/Bangumi/Bangumi/ios/build/Build/Products/Release-iphoneos/RCTSwiftUI\"\ \"-F/Users/runner/work/Bangumi/Bangumi/ios/build/Build/Products/Release-iphoneos/RCTSwiftUIWrapper\"\ \"-F/Users/runner/work/Bangumi/Bangumi/ios/build/Build/Products/Release-iphoneos/RCTTypeSafety\"\ \"-F/Users/runner/work/Bangumi/Bangumi/ios/build/Build/Products/Release-iphoneos/RNCAsyncStorage\"\ \"-F/Users/runner/work/Bangumi/Bangumi/ios/build/Build/Products/Release-iphoneos/RNCMaskedView\"\ \"-F/Users/runner/work/Bangumi/Bangumi/ios/build/Build/Products/Release-iphoneos/RNCalendarEvents\"\ \"-F/Users/runner/work/Bangumi/Bangumi/ios/build/Build/Products/Release-iphoneos/RNFS\"\ \"-F/Users/runner/work/Bangumi/Bangumi/ios/build/Build/Products/Release-iphoneos/RNFastImage\"\ \"-F/Users/runner/work/Bangumi/Bangumi/ios/build/Build/Products/Release-iphoneos/RNGestureHandler\"\ \"-F/Users/runner/work/Bangumi/Bangumi/ios/build/Build/Products/Release-iphoneos/RNReanimated\"\ \"-F/Users/runner/work/Bangumi/Bangumi/ios/build/Build/Products/Release-iphoneos/RNSVG\"\ \"-F/Users/runner/work/Bangumi/Bangumi/ios/build/Build/Products/Release-iphoneos/RNScreens\"\ \"-F/Users/runner/work/Bangumi/Bangumi/ios/build/Build/Products/Release-iphoneos/RNWorklets\"\ \"-F/Users/runner/work/Bangumi/Bangumi/ios/build/Build/Products/Release-iphoneos/ReachabilitySwift\"\ \"-F/Users/runner/work/Bangumi/Bangumi/ios/build/Build/Products/Release-iphoneos/React\"\ \"-F/Users/runner/work/Bangumi/Bangumi/ios/build/Build/Products/Release-iphoneos/React-Core\"\ \"-F/Users/runner/work/Bangumi/Bangumi/ios/build/Build/Products/Release-iphoneos/React-Core-prebuilt\"\ \"-F/Users/runner/work/Bangumi/Bangumi/ios/build/Build/Products/Release-iphoneos/React-CoreModules\"\ \"-F/Users/runner/work/Bangumi/Bangumi/ios/build/Build/Products/Release-iphoneos/React-Fabric\"\ \"-F/Users/runner/work/Bangumi/Bangumi/ios/build/Build/Products/Release-iphoneos/React-FabricComponents\"\ \"-F/Users/runner/work/Bangumi/Bangumi/ios/build/Build/Products/Release-iphoneos/React-FabricImage\"\ \"-F/Users/runner/work/Bangumi/Bangumi/ios/build/Build/Products/Release-iphoneos/React-ImageManager\"\ \"-F/Users/runner/work/Bangumi/Bangumi/ios/build/Build/Products/Release-iphoneos/React-Mapbuffer\"\ \"-F/Users/runner/work/Bangumi/Bangumi/ios/build/Build/Products/Release-iphoneos/React-NativeModulesApple\"\ \"-F/Users/runner/work/Bangumi/Bangumi/ios/build/Build/Products/Release-iphoneos/React-RCTActionSheet\"\ \"-F/Users/runner/work/Bangumi/Bangumi/ios/build/Build/Products/Release-iphoneos/React-RCTAnimation\"\ \"-F/Users/runner/work/Bangumi/Bangumi/ios/build/Build/Products/Release-iphoneos/React-RCTAppDelegate\"\ \"-F/Users/runner/work/Bangumi/Bangumi/ios/build/Build/Products/Release-iphoneos/React-RCTBlob\"\ \"-F/Users/runner/work/Bangumi/Bangumi/ios/build/Build/Products/Release-iphoneos/React-RCTFBReactNativeSpec\"\ \"-F/Users/runner/work/Bangumi/Bangumi/ios/build/Build/Products/Release-iphoneos/React-RCTFabric\"\ \"-F/Users/runner/work/Bangumi/Bangumi/ios/build/Build/Products/Release-iphoneos/React-RCTImage\"\ \"-F/Users/runner/work/Bangumi/Bangumi/ios/build/Build/Products/Release-iphoneos/React-RCTLinking\"\ \"-F/Users/runner/work/Bangumi/Bangumi/ios/build/Build/Products/Release-iphoneos/React-RCTNetwork\"\ \"-F/Users/runner/work/Bangumi/Bangumi/ios/build/Build/Products/Release-iphoneos/React-RCTRuntime\"\ \"-F/Users/runner/work/Bangumi/Bangumi/ios/build/Build/Products/Release-iphoneos/React-RCTSettings\"\ \"-F/Users/runner/work/Bangumi/Bangumi/ios/build/Build/Products/Release-iphoneos/React-RCTText\"\ \"-F/Users/runner/work/Bangumi/Bangumi/ios/build/Build/Products/Release-iphoneos/React-RCTVibration\"\ \"-F/Users/runner/work/Bangumi/Bangumi/ios/build/Build/Products/Release-iphoneos/React-RuntimeApple\"\ \"-F/Users/runner/work/Bangumi/Bangumi/ios/build/Build/Products/Release-iphoneos/React-RuntimeCore\"\ \"-F/Users/runner/work/Bangumi/Bangumi/ios/build/Build/Products/Release-iphoneos/React-RuntimeHermes\"\ \"-F/Users/runner/work/Bangumi/Bangumi/ios/build/Build/Products/Release-iphoneos/React-callinvoker\"\ \"-F/Users/runner/work/Bangumi/Bangumi/ios/build/Build/Products/Release-iphoneos/React-cxxreact\"\ \"-F/Users/runner/work/Bangumi/Bangumi/ios/build/Build/Products/Release-iphoneos/React-debug\"\ \"-F/Users/runner/work/Bangumi/Bangumi/ios/build/Build/Products/Release-iphoneos/React-defaultsnativemodule\"\ \"-F/Users/runner/work/Bangumi/Bangumi/ios/build/Build/Products/Release-iphoneos/React-domnativemodule\"\ \"-F/Users/runner/work/Bangumi/Bangumi/ios/build/Build/Products/Release-iphoneos/React-featureflags\"\ \"-F/Users/runner/work/Bangumi/Bangumi/ios/build/Build/Products/Release-iphoneos/React-featureflagsnativemodule\"\ \"-F/Users/runner/work/Bangumi/Bangumi/ios/build/Build/Products/Release-iphoneos/React-graphics\"\ \"-F/Users/runner/work/Bangumi/Bangumi/ios/build/Build/Products/Release-iphoneos/React-hermes\"\ \"-F/Users/runner/work/Bangumi/Bangumi/ios/build/Build/Products/Release-iphoneos/React-idlecallbacksnativemodule\"\ \"-F/Users/runner/work/Bangumi/Bangumi/ios/build/Build/Products/Release-iphoneos/React-intersectionobservernativemodule\"\ \"-F/Users/runner/work/Bangumi/Bangumi/ios/build/Build/Products/Release-iphoneos/React-jserrorhandler\"\ \"-F/Users/runner/work/Bangumi/Bangumi/ios/build/Build/Products/Release-iphoneos/React-jsi\"\ \"-F/Users/runner/work/Bangumi/Bangumi/ios/build/Build/Products/Release-iphoneos/React-jsiexecutor\"\ \"-F/Users/runner/work/Bangumi/Bangumi/ios/build/Build/Products/Release-iphoneos/React-jsinspector\"\ \"-F/Users/runner/work/Bangumi/Bangumi/ios/build/Build/Products/Release-iphoneos/React-jsinspectorcdp\"\ \"-F/Users/runner/work/Bangumi/Bangumi/ios/build/Build/Products/Release-iphoneos/React-jsinspectornetwork\"\ \"-F/Users/runner/work/Bangumi/Bangumi/ios/build/Build/Products/Release-iphoneos/React-jsinspectortracing\"\ \"-F/Users/runner/work/Bangumi/Bangumi/ios/build/Build/Products/Release-iphoneos/React-jsitooling\"\ \"-F/Users/runner/work/Bangumi/Bangumi/ios/build/Build/Products/Release-iphoneos/React-jsitracing\"\ \"-F/Users/runner/work/Bangumi/Bangumi/ios/build/Build/Products/Release-iphoneos/React-logger\"\ \"-F/Users/runner/work/Bangumi/Bangumi/ios/build/Build/Products/Release-iphoneos/React-microtasksnativemodule\"\ \"-F/Users/runner/work/Bangumi/Bangumi/ios/build/Build/Products/Release-iphoneos/React-mutationobservernativemodule\"\ \"-F/Users/runner/work/Bangumi/Bangumi/ios/build/Build/Products/Release-iphoneos/React-networking\"\ \"-F/Users/runner/work/Bangumi/Bangumi/ios/build/Build/Products/Release-iphoneos/React-oscompat\"\ \"-F/Users/runner/work/Bangumi/Bangumi/ios/build/Build/Products/Release-iphoneos/React-perflogger\"\ \"-F/Users/runner/work/Bangumi/Bangumi/ios/build/Build/Products/Release-iphoneos/React-performancecdpmetrics\"\ \"-F/Users/runner/work/Bangumi/Bangumi/ios/build/Build/Products/Release-iphoneos/React-performancetimeline\"\ \"-F/Users/runner/work/Bangumi/Bangumi/ios/build/Build/Products/Release-iphoneos/React-rendererconsistency\"\ \"-F/Users/runner/work/Bangumi/Bangumi/ios/build/Build/Products/Release-iphoneos/React-renderercss\"\ \"-F/Users/runner/work/Bangumi/Bangumi/ios/build/Build/Products/Release-iphoneos/React-rendererdebug\"\ \"-F/Users/runner/work/Bangumi/Bangumi/ios/build/Build/Products/Release-iphoneos/React-runtimeexecutor\"\ \"-F/Users/runner/work/Bangumi/Bangumi/ios/build/Build/Products/Release-iphoneos/React-runtimescheduler\"\ \"-F/Users/runner/work/Bangumi/Bangumi/ios/build/Build/Products/Release-iphoneos/React-timing\"\ \"-F/Users/runner/work/Bangumi/Bangumi/ios/build/Build/Products/Release-iphoneos/React-utils\"\ \"-F/Users/runner/work/Bangumi/Bangumi/ios/build/Build/Products/Release-iphoneos/React-viewtransitionnativemodule\"\ \"-F/Users/runner/work/Bangumi/Bangumi/ios/build/Build/Products/Release-iphoneos/React-webperformancenativemodule\"\ \"-F/Users/runner/work/Bangumi/Bangumi/ios/build/Build/Products/Release-iphoneos/ReactAppDependencyProvider\"\ \"-F/Users/runner/work/Bangumi/Bangumi/ios/build/Build/Products/Release-iphoneos/ReactCodegen\"\ \"-F/Users/runner/work/Bangumi/Bangumi/ios/build/Build/Products/Release-iphoneos/ReactCommon\"\ \"-F/Users/runner/work/Bangumi/Bangumi/ios/build/Build/Products/Release-iphoneos/ReactNativeDependencies\"\ \"-F/Users/runner/work/Bangumi/Bangumi/ios/build/Build/Products/Release-iphoneos/ReactNativeExceptionHandler\"\ \"-F/Users/runner/work/Bangumi/Bangumi/ios/build/Build/Products/Release-iphoneos/SDWebImage\"\ \"-F/Users/runner/work/Bangumi/Bangumi/ios/build/Build/Products/Release-iphoneos/SDWebImageWebPCoder\"\ \"-F/Users/runner/work/Bangumi/Bangumi/ios/build/Build/Products/Release-iphoneos/SwiftUIIntrospect\"\ \"-F/Users/runner/work/Bangumi/Bangumi/ios/build/Build/Products/Release-iphoneos/Yoga\"\ \"-F/Users/runner/work/Bangumi/Bangumi/ios/build/Build/Products/Release-iphoneos/hermes-engine\"\ \"-F/Users/runner/work/Bangumi/Bangumi/ios/build/Build/Products/Release-iphoneos/libwebp\"\ \"-F/Users/runner/work/Bangumi/Bangumi/ios/build/Build/Products/Release-iphoneos/react-native-actions-shortcuts\"\ \"-F/Users/runner/work/Bangumi/Bangumi/ios/build/Build/Products/Release-iphoneos/react-native-blur\"\ \"-F/Users/runner/work/Bangumi/Bangumi/ios/build/Build/Products/Release-iphoneos/react-native-cameraroll\"\ \"-F/Users/runner/work/Bangumi/Bangumi/ios/build/Build/Products/Release-iphoneos/react-native-pager-view\"\ \"-F/Users/runner/work/Bangumi/Bangumi/ios/build/Build/Products/Release-iphoneos/react-native-safe-area-context\"\ \"-F/Users/runner/work/Bangumi/Bangumi/ios/build/Build/Products/Release-iphoneos/react-native-slider\"\ \"-F/Users/runner/work/Bangumi/Bangumi/ios/build/Build/Products/Release-iphoneos/react-native-webview\"\ \"-F/Users/runner/work/Bangumi/Bangumi/ios/build/Build/Products/Release-iphoneos/rn-fetch-blob\"
    export OTHER_SWIFT_FLAGS\=\ -D\ COCOAPODS\ -Xcc\ -fmodule-map-file\=\"/Users/runner/work/Bangumi/Bangumi/ios/build/Build/Products/Release-iphoneos/EASClient/EASClient.modulemap\"\ -Xcc\ -fmodule-map-file\=\"/Users/runner/work/Bangumi/Bangumi/ios/build/Build/Products/Release-iphoneos/EXConstants/EXConstants.modulemap\"\ -Xcc\ -fmodule-map-file\=\"/Users/runner/work/Bangumi/Bangumi/ios/build/Build/Products/Release-iphoneos/EXManifests/EXManifests.modulemap\"\ -Xcc\ -fmodule-map-file\=\"/Users/runner/work/Bangumi/Bangumi/ios/build/Build/Products/Release-iphoneos/EXUpdates/EXUpdates.modulemap\"\ -Xcc\ -fmodule-map-file\=\"/Users/runner/work/Bangumi/Bangumi/ios/build/Build/Products/Release-iphoneos/EXUpdatesInterface/EXUpdatesInterface.modulemap\"\ -Xcc\ -fmodule-map-file\=\"/Users/runner/work/Bangumi/Bangumi/ios/build/Build/Products/Release-iphoneos/Expo/Expo.modulemap\"\ -Xcc\ -fmodule-map-file\=\"/Users/runner/work/Bangumi/Bangumi/ios/build/Build/Products/Release-iphoneos/ExpoAsset/ExpoAsset.modulemap\"\ -Xcc\ -fmodule-map-file\=\"/Users/runner/work/Bangumi/Bangumi/ios/build/Build/Products/Release-iphoneos/ExpoBlur/ExpoBlur.modulemap\"\ -Xcc\ -fmodule-map-file\=\"/Users/runner/work/Bangumi/Bangumi/ios/build/Build/Products/Release-iphoneos/ExpoCalendar/ExpoCalendar.modulemap\"\ -Xcc\ -fmodule-map-file\=\"/Users/runner/work/Bangumi/Bangumi/ios/build/Build/Products/Release-iphoneos/ExpoDevice/ExpoDevice.modulemap\"\ -Xcc\ -fmodule-map-file\=\"/Users/runner/work/Bangumi/Bangumi/ios/build/Build/Products/Release-iphoneos/ExpoDomWebView/ExpoDomWebView.modulemap\"\ -Xcc\ -fmodule-map-file\=\"/Users/runner/work/Bangumi/Bangumi/ios/build/Build/Products/Release-iphoneos/ExpoHaptics/ExpoHaptics.modulemap\"\ -Xcc\ -fmodule-map-file\=\"/Users/runner/work/Bangumi/Bangumi/ios/build/Build/Products/Release-iphoneos/ExpoKeepAwake/ExpoKeepAwake.modulemap\"\ -Xcc\ -fmodule-map-file\=\"/Users/runner/work/Bangumi/Bangumi/ios/build/Build/Products/Release-iphoneos/ExpoLinearGradient/ExpoLinearGradient.modulemap\"\ -Xcc\ -fmodule-map-file\=\"/Users/runner/work/Bangumi/Bangumi/ios/build/Build/Products/Release-iphoneos/ExpoLogBox/ExpoLogBox.modulemap\"\ -Xcc\ -fmodule-map-file\=\"/Users/runner/work/Bangumi/Bangumi/ios/build/Build/Products/Release-iphoneos/ExpoScreenOrientation/ExpoScreenOrientation.modulemap\"\ -Xcc\ -fmodule-map-file\=\"/Users/runner/work/Bangumi/Bangumi/ios/build/Build/Products/Release-iphoneos/ExpoSpeech/ExpoSpeech.modulemap\"\ -Xcc\ -fmodule-map-file\=\"/Users/runner/work/Bangumi/Bangumi/ios/build/Build/Products/Release-iphoneos/ExpoSplashScreen/ExpoSplashScreen.modulemap\"\ -Xcc\ -fmodule-map-file\=\"/Users/runner/work/Bangumi/Bangumi/ios/build/Build/Products/Release-iphoneos/ExpoWebBrowser/ExpoWebBrowser.modulemap\"\ -Xcc\ -fmodule-map-file\=\"/Users/runner/work/Bangumi/Bangumi/ios/build/Build/Products/Release-iphoneos/RNScreens/RNScreens.modulemap\"\ -Xcc\ -fmodule-map-file\=\"/Users/runner/work/Bangumi/Bangumi/ios/build/Build/Products/Release-iphoneos/ReachabilitySwift/Reachability.modulemap\"\ -Xcc\ -fmodule-map-file\=\"/Users/runner/work/Bangumi/Bangumi/ios/build/Build/Products/Release-iphoneos/SwiftUIIntrospect/SwiftUIIntrospect.modulemap\"\ -Xcc\ -fmodule-map-file\=\"/Users/runner/work/Bangumi/Bangumi/ios/build/Build/Products/Release-iphoneos/react-native-actions-shortcuts/react_native_actions_shortcuts.modulemap\"\ -Xcc\ -fmodule-map-file\=\"/Users/runner/work/Bangumi/Bangumi/ios/build/Build/Products/Release-iphoneos/react-native-pager-view/react_native_pager_view.modulemap\"\ -Xcc\ -fmodule-map-file\=\"/Users/runner/work/Bangumi/Bangumi/ios/Pods/Headers/Private/SDWebImageWebPCoder/SDWebImageWebPCoder.modulemap\"\ -Xcc\ -fmodule-map-file\=\"/Users/runner/work/Bangumi/Bangumi/ios/Pods/Headers/Public/EXJSONUtils/EXJSONUtils.modulemap\"\ -Xcc\ -fmodule-map-file\=\"/Users/runner/work/Bangumi/Bangumi/ios/Pods/Headers/Public/EXStructuredHeaders/EXStructuredHeaders.modulemap\"\ -Xcc\ -fmodule-map-file\=\"/Users/runner/work/Bangumi/Bangumi/ios/Pods/Headers/Public/ExpoModulesWorkletsAdapter/ExpoModulesWorkletsAdapter.modulemap\"\ -Xcc\ -fmodule-map-file\=\"/Users/runner/work/Bangumi/Bangumi/ios/Pods/Headers/Public/ReactAppDependencyProvider/ReactAppDependencyProvider.modulemap\"\ -Xcc\ -fmodule-map-file\=\"/Users/runner/work/Bangumi/Bangumi/ios/Pods/Headers/Public/ReactCodegen/ReactCodegen.modulemap\"\ -Xcc\ -fmodule-map-file\=\"/Users/runner/work/Bangumi/Bangumi/ios/Pods/Headers/Public/SDWebImage/SDWebImage.modulemap\"\ -Xcc\ -fmodule-map-file\=\"/Users/runner/work/Bangumi/Bangumi/ios/Pods/Headers/Public/reanimated/RNReanimated.modulemap\"\ -Xcc\ -fmodule-map-file\=\"/Users/runner/work/Bangumi/Bangumi/ios/Pods/Headers/Public/worklets/RNWorklets.modulemap\"\ -Xcc\ -ivfsoverlay\ -Xcc\ \"/Users/runner/work/Bangumi/Bangumi/ios/Pods/React-Core-prebuilt/React-VFS.yaml\"\ -Xcc\ -Wno-incomplete-umbrella\ -D\ EXPO_CONFIGURATION_RELEASE
    export PACKAGE_TYPE\=com.apple.package-type.wrapper.application
    export PASCAL_STRINGS\=YES
    export PATH\=/Applications/Xcode_26.6.app/Contents/SharedFrameworks/SwiftBuild.framework/Versions/A/PlugIns/SWBBuildService.bundle/Contents/PlugIns/SWBUniversalPlatformPlugin.bundle/Contents/Frameworks/SWBUniversalPlatform.framework/Resources:/var/run/com.apple.security.cryptexd/mnt/com.apple.MobileAsset.MetalToolchain-v17.6.109.0.DBd8UQ/Metal.xctoolchain/usr/bin:/var/run/com.apple.security.cryptexd/mnt/com.apple.MobileAsset.MetalToolchain-v17.6.109.0.DBd8UQ/Metal.xctoolchain/usr/local/bin:/var/run/com.apple.security.cryptexd/mnt/com.apple.MobileAsset.MetalToolchain-v17.6.109.0.DBd8UQ/Metal.xctoolchain/usr/libexec:/Applications/Xcode_26.6.app/Contents/Developer/Toolchains/XcodeDefault.xctoolchain/usr/bin:/Applications/Xcode_26.6.app/Contents/Developer/Toolchains/XcodeDefault.xctoolchain/usr/local/bin:/Applications/Xcode_26.6.app/Contents/Developer/Toolchains/XcodeDefault.xctoolchain/usr/libexec:/Applications/Xcode_26.6.app/Contents/Developer/Platforms/iPhoneOS.platform/usr/bin:/Applications/Xcode_26.6.app/Contents/Developer/Platforms/iPhoneOS.platform/usr/local/bin:/Applications/Xcode_26.6.app/Contents/Developer/Platforms/iPhoneOS.platform/Developer/usr/bin:/Applications/Xcode_26.6.app/Contents/Developer/Platforms/iPhoneOS.platform/Developer/usr/local/bin:/Applications/Xcode_26.6.app/Contents/Developer/usr/bin:/Applications/Xcode_26.6.app/Contents/Developer/usr/local/bin:/Users/runner/hostedtoolcache/node/20.20.2/arm64/bin:/opt/homebrew/lib/ruby/gems/3.4.0/bin:/opt/homebrew/opt/ruby@3.4/bin:/Users/runner/.local/bin:/opt/homebrew/bin:/opt/homebrew/sbin:/Users/runner/.cargo/bin:/usr/local/opt/curl/bin:/usr/local/bin:/usr/local/sbin:/Users/runner/bin:/Users/runner/.yarn/bin:/Users/runner/Library/Android/sdk/tools:/Users/runner/Library/Android/sdk/platform-tools:/Library/Frameworks/Python.framework/Versions/Current/bin:/Library/Frameworks/Mono.framework/Versions/Current/Commands:/usr/bin:/bin:/usr/sbin:/sbin:/Users/runner/.dotnet/tools
    export PATH_PREFIXES_EXCLUDED_FROM_HEADER_DEPENDENCIES\=/usr/include\ /usr/local/include\ /System/Library/Frameworks\ /System/Library/PrivateFrameworks\ /Applications/Xcode_26.6.app/Contents/Developer/Headers\ /Applications/Xcode_26.6.app/Contents/Developer/SDKs\ /Applications/Xcode_26.6.app/Contents/Developer/Platforms
    export PBDEVELOPMENTPLIST_PATH\=Bangumi.app/pbdevelopment.plist
    export PER_ARCH_MODULE_FILE_DIR\=/Users/runner/work/Bangumi/Bangumi/ios/build/Build/Intermediates.noindex/Bangumi.build/Release-iphoneos/Bangumi.build/Objects-normal/undefined_arch
    export PER_ARCH_OBJECT_FILE_DIR\=/Users/runner/work/Bangumi/Bangumi/ios/build/Build/Intermediates.noindex/Bangumi.build/Release-iphoneos/Bangumi.build/Objects-normal/undefined_arch
    export PER_VARIANT_OBJECT_FILE_DIR\=/Users/runner/work/Bangumi/Bangumi/ios/build/Build/Intermediates.noindex/Bangumi.build/Release-iphoneos/Bangumi.build/Objects-normal
    export PKGINFO_FILE_PATH\=/Users/runner/work/Bangumi/Bangumi/ios/build/Build/Intermediates.noindex/Bangumi.build/Release-iphoneos/Bangumi.build/PkgInfo
    export PKGINFO_PATH\=Bangumi.app/PkgInfo
    export PLATFORM_DEVELOPER_APPLICATIONS_DIR\=/Applications/Xcode_26.6.app/Contents/Developer/Platforms/iPhoneOS.platform/Developer/Applications
    export PLATFORM_DEVELOPER_BIN_DIR\=/Applications/Xcode_26.6.app/Contents/Developer/Platforms/iPhoneOS.platform/Developer/usr/bin
    export PLATFORM_DEVELOPER_LIBRARY_DIR\=/Applications/Xcode_26.6.app/Contents/Developer/Platforms/iPhoneOS.platform/Developer/Library
    export PLATFORM_DEVELOPER_SDK_DIR\=/Applications/Xcode_26.6.app/Contents/Developer/Platforms/iPhoneOS.platform/Developer/SDKs
    export PLATFORM_DEVELOPER_TOOLS_DIR\=/Applications/Xcode_26.6.app/Contents/Developer/Platforms/iPhoneOS.platform/Developer/Tools
    export PLATFORM_DEVELOPER_USR_DIR\=/Applications/Xcode_26.6.app/Contents/Developer/Platforms/iPhoneOS.platform/Developer/usr
    export PLATFORM_DIR\=/Applications/Xcode_26.6.app/Contents/Developer/Platforms/iPhoneOS.platform
    export PLATFORM_DISPLAY_NAME\=iOS
    export PLATFORM_FAMILY_NAME\=iOS
    export PLATFORM_NAME\=iphoneos
    export PLATFORM_PREFERRED_ARCH\=arm64
    export PLATFORM_PRODUCT_BUILD_VERSION\=23F81a
    export PLATFORM_REQUIRES_SWIFT_AUTOLINK_EXTRACT\=NO
    export PLATFORM_REQUIRES_SWIFT_MODULEWRAP\=NO
    export PLATFORM_USES_DSYMS\=YES
    export PLIST_FILE_OUTPUT_FORMAT\=binary
    export PLUGINS_FOLDER_PATH\=Bangumi.app/PlugIns
    export PODFILE_DIR\=/Users/runner/work/Bangumi/Bangumi/ios
    export PODS_BUILD_DIR\=/Users/runner/work/Bangumi/Bangumi/ios/build/Build/Products
    export PODS_CONFIGURATION_BUILD_DIR\=/Users/runner/work/Bangumi/Bangumi/ios/build/Build/Products/Release-iphoneos
    export PODS_PODFILE_DIR_PATH\=/Users/runner/work/Bangumi/Bangumi/ios/.
    export PODS_ROOT\=/Users/runner/work/Bangumi/Bangumi/ios/Pods
    export PODS_XCFRAMEWORKS_BUILD_DIR\=/Users/runner/work/Bangumi/Bangumi/ios/build/Build/Products/Release-iphoneos/XCFrameworkIntermediates
    export PRECOMPS_INCLUDE_HEADERS_FROM_BUILT_PRODUCTS_DIR\=YES
    export PRECOMP_DESTINATION_DIR\=/Users/runner/work/Bangumi/Bangumi/ios/build/Build/Intermediates.noindex/Bangumi.build/Release-iphoneos/Bangumi.build/PrefixHeaders
    export PRIVATE_HEADERS_FOLDER_PATH\=Bangumi.app/PrivateHeaders
    export PROCESSED_INFOPLIST_PATH\=/Users/runner/work/Bangumi/Bangumi/ios/build/Build/Intermediates.noindex/Bangumi.build/Release-iphoneos/Bangumi.build/Objects-normal/undefined_arch/Processed-Info.plist
    export PRODUCT_BUNDLE_IDENTIFIER\=tv.bangumi.czy0729
    export PRODUCT_BUNDLE_PACKAGE_TYPE\=APPL
    export PRODUCT_MODULE_NAME\=Bangumi
    export PRODUCT_NAME\=Bangumi
    export PRODUCT_SETTINGS_PATH\=/Users/runner/work/Bangumi/Bangumi/ios/Bangumi/Info.plist
    export PRODUCT_TYPE\=com.apple.product-type.application
    export PROFILING_CODE\=NO
    export PROJECT\=Bangumi
    export PROJECT_DERIVED_FILE_DIR\=/Users/runner/work/Bangumi/Bangumi/ios/build/Build/Intermediates.noindex/Bangumi.build/DerivedSources
    export PROJECT_DIR\=/Users/runner/work/Bangumi/Bangumi/ios
    export PROJECT_FILE_PATH\=/Users/runner/work/Bangumi/Bangumi/ios/Bangumi.xcodeproj
    export PROJECT_GUID\=8d42bff5180cffac96852f88f8ac1ba7
    export PROJECT_NAME\=Bangumi
    export PROJECT_TEMP_DIR\=/Users/runner/work/Bangumi/Bangumi/ios/build/Build/Intermediates.noindex/Bangumi.build
    export PROJECT_TEMP_ROOT\=/Users/runner/work/Bangumi/Bangumi/ios/build/Build/Intermediates.noindex
    export PROVISIONING_PROFILE_REQUIRED\=YES
    export PROVISIONING_PROFILE_REQUIRED_YES_YES\=YES
    export PROVISIONING_PROFILE_SUPPORTED\=YES
    export PUBLIC_HEADERS_FOLDER_PATH\=Bangumi.app/Headers
    export REACT_NATIVE_PATH\=/Users/runner/work/Bangumi/Bangumi/ios/Pods/../../node_modules/react-native
    export RECOMMENDED_IPHONEOS_DEPLOYMENT_TARGET\=15.0
    export RECURSIVE_SEARCH_PATHS_FOLLOW_SYMLINKS\=YES
    export REMOVE_CVS_FROM_RESOURCES\=YES
    export REMOVE_GIT_FROM_RESOURCES\=YES
    export REMOVE_HEADERS_FROM_EMBEDDED_BUNDLES\=YES
    export REMOVE_HG_FROM_RESOURCES\=YES
    export REMOVE_STATIC_EXECUTABLES_FROM_EMBEDDED_BUNDLES\=YES
    export REMOVE_SVN_FROM_RESOURCES\=YES
    export RESCHEDULE_INDEPENDENT_HEADERS_PHASES\=YES
    export REZ_COLLECTOR_DIR\=/Users/runner/work/Bangumi/Bangumi/ios/build/Build/Intermediates.noindex/Bangumi.build/Release-iphoneos/Bangumi.build/ResourceManagerResources
    export REZ_OBJECTS_DIR\=/Users/runner/work/Bangumi/Bangumi/ios/build/Build/Intermediates.noindex/Bangumi.build/Release-iphoneos/Bangumi.build/ResourceManagerResources/Objects
    export REZ_SEARCH_PATHS\=/Users/runner/work/Bangumi/Bangumi/ios/build/Build/Products/Release-iphoneos\ 
    export RPATH_ORIGIN\=@loader_path
    export RUNTIME_EXCEPTION_ALLOW_DYLD_ENVIRONMENT_VARIABLES\=NO
    export RUNTIME_EXCEPTION_ALLOW_JIT\=NO
    export RUNTIME_EXCEPTION_ALLOW_UNSIGNED_EXECUTABLE_MEMORY\=NO
    export RUNTIME_EXCEPTION_DEBUGGING_TOOL\=NO
    export RUNTIME_EXCEPTION_DISABLE_EXECUTABLE_PAGE_PROTECTION\=NO
    export RUNTIME_EXCEPTION_DISABLE_LIBRARY_VALIDATION\=NO
    export SCANNING_PCM_KEEP_CACHE_DIRECTORY\=YES
    export SCAN_ALL_SOURCE_FILES_FOR_INCLUDES\=NO
    export SCRIPTS_FOLDER_PATH\=Bangumi.app/Scripts
    export SCRIPT_INPUT_FILE_0\=/Users/runner/work/Bangumi/Bangumi/ios/.xcode.env
    export SCRIPT_INPUT_FILE_1\=/Users/runner/work/Bangumi/Bangumi/ios/.xcode.env.local
    export SCRIPT_INPUT_FILE_2\=/Users/runner/work/Bangumi/Bangumi/ios/Bangumi/Bangumi.entitlements
    export SCRIPT_INPUT_FILE_3\=/Users/runner/work/Bangumi/Bangumi/ios/Pods/Target\ Support\ Files/Pods-Bangumi/expo-configure-project.sh
    export SCRIPT_INPUT_FILE_COUNT\=4
    export SCRIPT_INPUT_FILE_LIST_COUNT\=0
    export SCRIPT_OUTPUT_FILE_0\=/Users/runner/work/Bangumi/Bangumi/ios/Pods/Target\ Support\ Files/Pods-Bangumi/ExpoModulesProvider.swift
    export SCRIPT_OUTPUT_FILE_COUNT\=1
    export SCRIPT_OUTPUT_FILE_LIST_COUNT\=0
    export SDKROOT\=/Applications/Xcode_26.6.app/Contents/Developer/Platforms/iPhoneOS.platform/Developer/SDKs/iPhoneOS26.5.sdk
    export SDK_DIR\=/Applications/Xcode_26.6.app/Contents/Developer/Platforms/iPhoneOS.platform/Developer/SDKs/iPhoneOS26.5.sdk
    export SDK_DIR_iphoneos\=/Applications/Xcode_26.6.app/Contents/Developer/Platforms/iPhoneOS.platform/Developer/SDKs/iPhoneOS26.5.sdk
    export SDK_DIR_iphoneos26_5\=/Applications/Xcode_26.6.app/Contents/Developer/Platforms/iPhoneOS.platform/Developer/SDKs/iPhoneOS26.5.sdk
    export SDK_NAME\=iphoneos26.5
    export SDK_NAMES\=iphoneos26.5
    export SDK_PRODUCT_BUILD_VERSION\=23F81a
    export SDK_STAT_CACHE_DIR\=/Users/runner/work/Bangumi/Bangumi/ios/build
    export SDK_STAT_CACHE_ENABLE\=YES
    export SDK_STAT_CACHE_PATH\=/Users/runner/work/Bangumi/Bangumi/ios/build/SDKStatCaches.noindex/iphoneos26.5-23F81a-688ef53f1462e2c8f657fdc38a81448fee66e23052a0157c865c76b268046726.sdkstatcache
    export SDK_VERSION\=26.5
    export SDK_VERSION_ACTUAL\=260500
    export SDK_VERSION_MAJOR\=260000
    export SDK_VERSION_MINOR\=260500
    export SED\=/usr/bin/sed
    export SEPARATE_STRIP\=NO
    export SEPARATE_SYMBOL_EDIT\=NO
    export SET_DIR_MODE_OWNER_GROUP\=YES
    export SET_FILE_MODE_OWNER_GROUP\=NO
    export SHALLOW_BUNDLE\=YES
    export SHALLOW_BUNDLE_TRIPLE\=ios
    export SHALLOW_BUNDLE_ios_macabi\=NO
    export SHALLOW_BUNDLE_macos\=NO
    export SHARED_DERIVED_FILE_DIR\=/Users/runner/work/Bangumi/Bangumi/ios/build/Build/Products/Release-iphoneos/DerivedSources
    export SHARED_FRAMEWORKS_FOLDER_PATH\=Bangumi.app/SharedFrameworks
    export SHARED_PRECOMPS_DIR\=/Users/runner/work/Bangumi/Bangumi/ios/build/Build/Intermediates.noindex/PrecompiledHeaders
    export SHARED_SUPPORT_FOLDER_PATH\=Bangumi.app/SharedSupport
    export SKIP_INSTALL\=NO
    export SKIP_MERGEABLE_LIBRARY_BUNDLE_HOOK\=NO
    export SOURCE_ROOT\=/Users/runner/work/Bangumi/Bangumi/ios
    export SRCROOT\=/Users/runner/work/Bangumi/Bangumi/ios
    export STRINGSDATA_DIR\=/Users/runner/work/Bangumi/Bangumi/ios/build/Build/Intermediates.noindex/Bangumi.build/Release-iphoneos/Bangumi.build/Objects-normal/undefined_arch
    export STRINGSDATA_ROOT\=/Users/runner/work/Bangumi/Bangumi/ios/build/Build/Intermediates.noindex/Bangumi.build/Release-iphoneos/Bangumi.build
    export STRINGS_FILE_INFOPLIST_RENAME\=YES
    export STRINGS_FILE_OUTPUT_ENCODING\=binary
    export STRING_CATALOG_GENERATE_SYMBOLS\=NO
    export STRIP_BITCODE_FROM_COPIED_FILES\=YES
    export STRIP_INSTALLED_PRODUCT\=YES
    export STRIP_STYLE\=all
    export STRIP_SWIFT_SYMBOLS\=YES
    export SUPPORTED_DEVICE_FAMILIES\=1,2
    export SUPPORTED_PLATFORMS\=iphoneos\ iphonesimulator
    export SUPPORTS_MACCATALYST\=NO
    export SUPPORTS_MAC_DESIGNED_FOR_IPHONE_IPAD\=YES
    export SUPPORTS_ON_DEMAND_RESOURCES\=YES
    export SUPPORTS_TEXT_BASED_API\=NO
    export SUPPORTS_XR_DESIGNED_FOR_IPHONE_IPAD\=YES
    export SUPPRESS_WARNINGS\=NO
    export SWIFT_EMIT_CONST_VALUE_PROTOCOLS\=AnyResolverProviding\ AppEntity\ AppEnum\ AppExtension\ AppIntent\ AppIntentsPackage\ AppShortcutProviding\ AppShortcutsProvider\ DynamicOptionsProvider\ EntityQuery\ ExtensionPointDefining\ IntentValueQuery\ Resolver\ TransientEntity\ _AssistantIntentsProvider\ _GenerativeFunctionExtractable\ _IntentValueRepresentable
    export SWIFT_EMIT_LOC_STRINGS\=NO
    export SWIFT_ENABLE_EXPLICIT_MODULES\=NO
    export SWIFT_INCLUDE_PATHS\=/Users/runner/work/Bangumi/Bangumi/ios/build/Build/Products/Release-iphoneos\ \ \"/Users/runner/work/Bangumi/Bangumi/ios/build/Build/Products/Release-iphoneos/EASClient\"\ \"/Users/runner/work/Bangumi/Bangumi/ios/build/Build/Products/Release-iphoneos/EXConstants\"\ \"/Users/runner/work/Bangumi/Bangumi/ios/build/Build/Products/Release-iphoneos/EXManifests\"\ \"/Users/runner/work/Bangumi/Bangumi/ios/build/Build/Products/Release-iphoneos/EXUpdates\"\ \"/Users/runner/work/Bangumi/Bangumi/ios/build/Build/Products/Release-iphoneos/EXUpdatesInterface\"\ \"/Users/runner/work/Bangumi/Bangumi/ios/build/Build/Products/Release-iphoneos/Expo\"\ \"/Users/runner/work/Bangumi/Bangumi/ios/build/Build/Products/Release-iphoneos/ExpoAsset\"\ \"/Users/runner/work/Bangumi/Bangumi/ios/build/Build/Products/Release-iphoneos/ExpoBlur\"\ \"/Users/runner/work/Bangumi/Bangumi/ios/build/Build/Products/Release-iphoneos/ExpoCalendar\"\ \"/Users/runner/work/Bangumi/Bangumi/ios/build/Build/Products/Release-iphoneos/ExpoDevice\"\ \"/Users/runner/work/Bangumi/Bangumi/ios/build/Build/Products/Release-iphoneos/ExpoDomWebView\"\ \"/Users/runner/work/Bangumi/Bangumi/ios/build/Build/Products/Release-iphoneos/ExpoFileSystem\"\ \"/Users/runner/work/Bangumi/Bangumi/ios/build/Build/Products/Release-iphoneos/ExpoFont\"\ \"/Users/runner/work/Bangumi/Bangumi/ios/build/Build/Products/Release-iphoneos/ExpoHaptics\"\ \"/Users/runner/work/Bangumi/Bangumi/ios/build/Build/Products/Release-iphoneos/ExpoImage\"\ \"/Users/runner/work/Bangumi/Bangumi/ios/build/Build/Products/Release-iphoneos/ExpoKeepAwake\"\ \"/Users/runner/work/Bangumi/Bangumi/ios/build/Build/Products/Release-iphoneos/ExpoLinearGradient\"\ \"/Users/runner/work/Bangumi/Bangumi/ios/build/Build/Products/Release-iphoneos/ExpoLogBox\"\ \"/Users/runner/work/Bangumi/Bangumi/ios/build/Build/Products/Release-iphoneos/ExpoModulesCore\"\ \"/Users/runner/work/Bangumi/Bangumi/ios/build/Build/Products/Release-iphoneos/ExpoModulesJSI\"\ \"/Users/runner/work/Bangumi/Bangumi/ios/build/Build/Products/Release-iphoneos/ExpoModulesWorklets\"\ \"/Users/runner/work/Bangumi/Bangumi/ios/build/Build/Products/Release-iphoneos/ExpoScreenOrientation\"\ \"/Users/runner/work/Bangumi/Bangumi/ios/build/Build/Products/Release-iphoneos/ExpoSpeech\"\ \"/Users/runner/work/Bangumi/Bangumi/ios/build/Build/Products/Release-iphoneos/ExpoSplashScreen\"\ \"/Users/runner/work/Bangumi/Bangumi/ios/build/Build/Products/Release-iphoneos/ExpoWebBrowser\"\ \"/Users/runner/work/Bangumi/Bangumi/ios/build/Build/Products/Release-iphoneos/RNScreens\"\ \"/Users/runner/work/Bangumi/Bangumi/ios/build/Build/Products/Release-iphoneos/ReachabilitySwift\"\ \"/Users/runner/work/Bangumi/Bangumi/ios/build/Build/Products/Release-iphoneos/SwiftUIIntrospect\"\ \"/Users/runner/work/Bangumi/Bangumi/ios/build/Build/Products/Release-iphoneos/react-native-actions-shortcuts\"\ \"/Users/runner/work/Bangumi/Bangumi/ios/build/Build/Products/Release-iphoneos/react-native-pager-view\"
    export SWIFT_PLATFORM_TARGET_PREFIX\=ios
    export SWIFT_RESPONSE_FILE_PATH_normal_arm64\=/Users/runner/work/Bangumi/Bangumi/ios/build/Build/Intermediates.noindex/Bangumi.build/Release-iphoneos/Bangumi.build/Objects-normal/arm64/Bangumi.SwiftFileList
    export SWIFT_SUPPRESS_WARNINGS\=YES
    export SWIFT_VERSION\=5.0
    export SYMROOT\=/Users/runner/work/Bangumi/Bangumi/ios/build/Build/Products
    export SYSTEM_ADMIN_APPS_DIR\=/Applications/Utilities
    export SYSTEM_APPS_DIR\=/Applications
    export SYSTEM_CORE_SERVICES_DIR\=/System/Library/CoreServices
    export SYSTEM_DEMOS_DIR\=/Applications/Extras
    export SYSTEM_DEVELOPER_APPS_DIR\=/Applications/Xcode_26.6.app/Contents/Developer/Applications
    export SYSTEM_DEVELOPER_BIN_DIR\=/Applications/Xcode_26.6.app/Contents/Developer/usr/bin
    export SYSTEM_DEVELOPER_DEMOS_DIR\=/Applications/Xcode_26.6.app/Contents/Developer/Applications/Utilities/Built\ Examples
    export SYSTEM_DEVELOPER_DIR\=/Applications/Xcode_26.6.app/Contents/Developer
    export SYSTEM_DEVELOPER_DOC_DIR\=/Applications/Xcode_26.6.app/Contents/Developer/ADC\ Reference\ Library
    export SYSTEM_DEVELOPER_GRAPHICS_TOOLS_DIR\=/Applications/Xcode_26.6.app/Contents/Developer/Applications/Graphics\ Tools
    export SYSTEM_DEVELOPER_JAVA_TOOLS_DIR\=/Applications/Xcode_26.6.app/Contents/Developer/Applications/Java\ Tools
    export SYSTEM_DEVELOPER_PERFORMANCE_TOOLS_DIR\=/Applications/Xcode_26.6.app/Contents/Developer/Applications/Performance\ Tools
    export SYSTEM_DEVELOPER_RELEASENOTES_DIR\=/Applications/Xcode_26.6.app/Contents/Developer/ADC\ Reference\ Library/releasenotes
    export SYSTEM_DEVELOPER_TOOLS\=/Applications/Xcode_26.6.app/Contents/Developer/Tools
    export SYSTEM_DEVELOPER_TOOLS_DOC_DIR\=/Applications/Xcode_26.6.app/Contents/Developer/ADC\ Reference\ Library/documentation/DeveloperTools
    export SYSTEM_DEVELOPER_TOOLS_RELEASENOTES_DIR\=/Applications/Xcode_26.6.app/Contents/Developer/ADC\ Reference\ Library/releasenotes/DeveloperTools
    export SYSTEM_DEVELOPER_USR_DIR\=/Applications/Xcode_26.6.app/Contents/Developer/usr
    export SYSTEM_DEVELOPER_UTILITIES_DIR\=/Applications/Xcode_26.6.app/Contents/Developer/Applications/Utilities
    export SYSTEM_DEXT_INSTALL_PATH\=/System/Library/DriverExtensions
    export SYSTEM_DOCUMENTATION_DIR\=/Library/Documentation
    export SYSTEM_EXTENSIONS_FOLDER_PATH\=Bangumi.app/SystemExtensions
    export SYSTEM_EXTENSIONS_FOLDER_PATH_SHALLOW_BUNDLE_NO\=Bangumi.app/Library/SystemExtensions
    export SYSTEM_EXTENSIONS_FOLDER_PATH_SHALLOW_BUNDLE_YES\=Bangumi.app/SystemExtensions
    export SYSTEM_KEXT_INSTALL_PATH\=/System/Library/Extensions
    export SYSTEM_LIBRARY_DIR\=/System/Library
    export TAPI_DEMANGLE\=YES
    export TAPI_ENABLE_PROJECT_HEADERS\=NO
    export TAPI_LANGUAGE\=objective-c
    export TAPI_LANGUAGE_STANDARD\=compiler-default
    export TAPI_USE_SRCROOT\=YES
    export TAPI_VERIFY_MODE\=Pedantic
    export TARGETED_DEVICE_FAMILY\=1,2
    export TARGETNAME\=Bangumi
    export TARGET_BUILD_DIR\=/Users/runner/work/Bangumi/Bangumi/ios/build/Build/Products/Release-iphoneos
    export TARGET_NAME\=Bangumi
    export TARGET_TEMP_DIR\=/Users/runner/work/Bangumi/Bangumi/ios/build/Build/Intermediates.noindex/Bangumi.build/Release-iphoneos/Bangumi.build
    export TEMP_DIR\=/Users/runner/work/Bangumi/Bangumi/ios/build/Build/Intermediates.noindex/Bangumi.build/Release-iphoneos/Bangumi.build
    export TEMP_FILES_DIR\=/Users/runner/work/Bangumi/Bangumi/ios/build/Build/Intermediates.noindex/Bangumi.build/Release-iphoneos/Bangumi.build
    export TEMP_FILE_DIR\=/Users/runner/work/Bangumi/Bangumi/ios/build/Build/Intermediates.noindex/Bangumi.build/Release-iphoneos/Bangumi.build
    export TEMP_ROOT\=/Users/runner/work/Bangumi/Bangumi/ios/build/Build/Intermediates.noindex
    export TEMP_SANDBOX_DIR\=/Users/runner/work/Bangumi/Bangumi/ios/build/Build/Intermediates.noindex/TemporaryTaskSandboxes
    export TEST_FRAMEWORK_SEARCH_PATHS\=\ /Applications/Xcode_26.6.app/Contents/Developer/Platforms/iPhoneOS.platform/Developer/Library/Frameworks\ /Applications/Xcode_26.6.app/Contents/Developer/Platforms/iPhoneOS.platform/Developer/SDKs/iPhoneOS26.5.sdk/Developer/Library/Frameworks
    export TEST_LIBRARY_SEARCH_PATHS\=\ /Applications/Xcode_26.6.app/Contents/Developer/Platforms/iPhoneOS.platform/Developer/usr/lib
    export TOOLCHAINS\=com.apple.dt.toolchain.Metal.32023.883\ com.apple.dt.toolchain.XcodeDefault
    export TOOLCHAIN_DIR\=/var/run/com.apple.security.cryptexd/mnt/com.apple.MobileAsset.MetalToolchain-v17.6.109.0.DBd8UQ/Metal.xctoolchain
    export TOOLCHAIN_VERSION\=32023.883
    export TREAT_MISSING_BASELINES_AS_TEST_FAILURES\=NO
    export TREAT_MISSING_SCRIPT_PHASE_OUTPUTS_AS_ERRORS\=NO
    export UID\=501
    export UNINSTALLED_PRODUCTS_DIR\=/Users/runner/work/Bangumi/Bangumi/ios/build/Build/Intermediates.noindex/UninstalledProducts
    export UNLOCALIZED_RESOURCES_FOLDER_PATH\=Bangumi.app
    export UNLOCALIZED_RESOURCES_FOLDER_PATH_SHALLOW_BUNDLE_NO\=Bangumi.app/Resources
    export UNLOCALIZED_RESOURCES_FOLDER_PATH_SHALLOW_BUNDLE_YES\=Bangumi.app
    export UNSTRIPPED_PRODUCT\=NO
    export USER\=runner
    export USER_APPS_DIR\=/Users/runner/Applications
    export USER_HEADER_SEARCH_PATHS\=\ /Users/runner/work/Bangumi/Bangumi/ios/libwebp/src
    export USER_LIBRARY_DIR\=/Users/runner/Library
    export USE_DYNAMIC_NO_PIC\=YES
    export USE_HEADERMAP\=YES
    export USE_HEADER_SYMLINKS\=NO
    export USE_HERMES\=true
    export USE_RECURSIVE_SCRIPT_INPUTS_IN_SCRIPT_PHASES\=YES
    export VALIDATE_DEVELOPMENT_ASSET_PATHS\=YES_ERROR
    export VALIDATE_PRODUCT\=YES
    export VALID_ARCHS\=arm64\ arm64e\ armv7\ armv7s
    export VERBOSE_PBXCP\=NO
    export VERSIONING_SYSTEM\=apple-generic
    export VERSIONPLIST_PATH\=Bangumi.app/version.plist
    export VERSION_INFO_BUILDER\=runner
    export VERSION_INFO_FILE\=Bangumi_vers.c
    export VERSION_INFO_STRING\=\"@\(\#\)PROGRAM:Bangumi\ \ PROJECT:Bangumi-1\"
    export WARNING_CFLAGS\=-Wno-comma\ -Wno-shorten-64-to-32
    export WORKSPACE_DIR\=/Users/runner/work/Bangumi/Bangumi/ios
    export WRAPPER_EXTENSION\=app
    export WRAPPER_NAME\=Bangumi.app
    export WRAPPER_SUFFIX\=.app
    export WRAP_ASSET_PACKS_IN_SEPARATE_DIRECTORIES\=NO
    export XCODE_APP_SUPPORT_DIR\=/Applications/Xcode_26.6.app/Contents/Developer/Library/Xcode
    export XCODE_PRODUCT_BUILD_VERSION\=17F113
    export XCODE_VERSION_ACTUAL\=2660
    export XCODE_VERSION_MAJOR\=2600
    export XCODE_VERSION_MINOR\=2660
    export XPCSERVICES_FOLDER_PATH\=Bangumi.app/XPCServices
    export YACC\=yacc
    export _DISCOVER_COMMAND_LINE_LINKER_INPUTS\=YES
    export _DISCOVER_COMMAND_LINE_LINKER_INPUTS_INCLUDE_WL\=YES
    export _LD_MULTIARCH\=YES
    export _WRAPPER_CONTENTS_DIR_SHALLOW_BUNDLE_NO\=/Contents
    export _WRAPPER_PARENT_PATH_SHALLOW_BUNDLE_NO\=/..
    export _WRAPPER_RESOURCES_DIR_SHALLOW_BUNDLE_NO\=/Resources
    export __DIAGNOSE_DEPRECATED_ARCHS\=YES
    export __IS_NOT_MACOS\=YES
    export __IS_NOT_MACOS_macosx\=NO
    export __IS_NOT_SIMULATOR\=YES
    export __IS_NOT_SIMULATOR_simulator\=NO
    export __ORIGINAL_SDK_DEFINED_LLVM_TARGET_TRIPLE_SYS\=ios
    export arch\=undefined_arch
    export variant\=normal
    /bin/sh -c /Users/runner/work/Bangumi/Bangumi/ios/build/Build/Intermediates.noindex/Bangumi.build/Release-iphoneos/Bangumi.build/Script-64C1F91FA30EAA1F08A8EEA7.sh
Node found at: /Users/runner/hostedtoolcache/node/20.20.2/arm64/bin/node

MkDir /Users/runner/work/Bangumi/Bangumi/ios/build/Build/Intermediates.noindex/Bangumi.build/Release-iphoneos/Bangumi.build/assetcatalog_output/unthinned (in target 'Bangumi' from project 'Bangumi')
    cd /Users/runner/work/Bangumi/Bangumi/ios
    /bin/mkdir -p /Users/runner/work/Bangumi/Bangumi/ios/build/Build/Intermediates.noindex/Bangumi.build/Release-iphoneos/Bangumi.build/assetcatalog_output/unthinned

MkDir /Users/runner/work/Bangumi/Bangumi/ios/build/Build/Intermediates.noindex/Bangumi.build/Release-iphoneos/Bangumi.build/assetcatalog_output/thinned (in target 'Bangumi' from project 'Bangumi')
    cd /Users/runner/work/Bangumi/Bangumi/ios
    /bin/mkdir -p /Users/runner/work/Bangumi/Bangumi/ios/build/Build/Intermediates.noindex/Bangumi.build/Release-iphoneos/Bangumi.build/assetcatalog_output/thinned

GenerateAssetSymbols /Users/runner/work/Bangumi/Bangumi/ios/Bangumi/Images.xcassets (in target 'Bangumi' from project 'Bangumi')
    cd /Users/runner/work/Bangumi/Bangumi/ios
    /Applications/Xcode_26.6.app/Contents/Developer/usr/bin/actool /Users/runner/work/Bangumi/Bangumi/ios/Bangumi/Images.xcassets --compile /Users/runner/work/Bangumi/Bangumi/ios/build/Build/Products/Release-iphoneos/Bangumi.app --output-format human-readable-text --notices --warnings --export-dependency-info /Users/runner/work/Bangumi/Bangumi/ios/build/Build/Intermediates.noindex/Bangumi.build/Release-iphoneos/Bangumi.build/assetcatalog_dependencies --output-partial-info-plist /Users/runner/work/Bangumi/Bangumi/ios/build/Build/Intermediates.noindex/Bangumi.build/Release-iphoneos/Bangumi.build/assetcatalog_generated_info.plist --app-icon AppIcon --compress-pngs --enable-on-demand-resources YES --development-region en --target-device iphone --target-device ipad --minimum-deployment-target 16.4 --platform iphoneos --bundle-identifier tv.bangumi.czy0729 --generate-swift-asset-symbol-extensions NO --generate-swift-asset-symbols /Users/runner/work/Bangumi/Bangumi/ios/build/Build/Intermediates.noindex/Bangumi.build/Release-iphoneos/Bangumi.build/DerivedSources/GeneratedAssetSymbols.swift --generate-objc-asset-symbols /Users/runner/work/Bangumi/Bangumi/ios/build/Build/Intermediates.noindex/Bangumi.build/Release-iphoneos/Bangumi.build/DerivedSources/GeneratedAssetSymbols.h --generate-asset-symbol-index /Users/runner/work/Bangumi/Bangumi/ios/build/Build/Intermediates.noindex/Bangumi.build/Release-iphoneos/Bangumi.build/DerivedSources/GeneratedAssetSymbols-Index.plist
/* com.apple.actool.compilation-results */
/Users/runner/work/Bangumi/Bangumi/ios/build/Build/Intermediates.noindex/Bangumi.build/Release-iphoneos/Bangumi.build/DerivedSources/GeneratedAssetSymbols-Index.plist
/Users/runner/work/Bangumi/Bangumi/ios/build/Build/Intermediates.noindex/Bangumi.build/Release-iphoneos/Bangumi.build/DerivedSources/GeneratedAssetSymbols.h
/Users/runner/work/Bangumi/Bangumi/ios/build/Build/Intermediates.noindex/Bangumi.build/Release-iphoneos/Bangumi.build/DerivedSources/GeneratedAssetSymbols.swift


CpResource /Users/runner/work/Bangumi/Bangumi/ios/build/Build/Products/Release-iphoneos/Bangumi.app/PrivacyInfo.xcprivacy /Users/runner/work/Bangumi/Bangumi/ios/Bangumi/PrivacyInfo.xcprivacy (in target 'Bangumi' from project 'Bangumi')
    cd /Users/runner/work/Bangumi/Bangumi/ios
    builtin-copy -exclude .DS_Store -exclude CVS -exclude .svn -exclude .git -exclude .hg -strip-unsigned-binaries -strip-deterministic -strip-tool /Applications/Xcode_26.6.app/Contents/Developer/Toolchains/XcodeDefault.xctoolchain/usr/bin/strip -resolve-src-symlinks /Users/runner/work/Bangumi/Bangumi/ios/Bangumi/PrivacyInfo.xcprivacy /Users/runner/work/Bangumi/Bangumi/ios/build/Build/Products/Release-iphoneos/Bangumi.app

CopyPlistFile /Users/runner/work/Bangumi/Bangumi/ios/build/Build/Products/Release-iphoneos/Bangumi.app/Expo.plist /Users/runner/work/Bangumi/Bangumi/ios/Bangumi/Supporting/Expo.plist (in target 'Bangumi' from project 'Bangumi')
    cd /Users/runner/work/Bangumi/Bangumi/ios
    builtin-copyPlist --convert binary1 --outdir /Users/runner/work/Bangumi/Bangumi/ios/build/Build/Products/Release-iphoneos/Bangumi.app -- /Users/runner/work/Bangumi/Bangumi/ios/Bangumi/Supporting/Expo.plist

CompileStoryboard /Users/runner/work/Bangumi/Bangumi/ios/Bangumi/SplashScreen.storyboard (in target 'Bangumi' from project 'Bangumi')
    cd /Users/runner/work/Bangumi/Bangumi/ios
    /Applications/Xcode_26.6.app/Contents/Developer/usr/bin/ibtool --errors --warnings --notices --module Bangumi --output-partial-info-plist /Users/runner/work/Bangumi/Bangumi/ios/build/Build/Intermediates.noindex/Bangumi.build/Release-iphoneos/Bangumi.build/SplashScreen-SBPartialInfo.plist --auto-activate-custom-fonts --target-device iphone --target-device ipad --minimum-deployment-target 16.4 --output-format human-readable-text /Users/runner/work/Bangumi/Bangumi/ios/Bangumi/SplashScreen.storyboard --compilation-directory /Users/runner/work/Bangumi/Bangumi/ios/build/Build/Intermediates.noindex/Bangumi.build/Release-iphoneos/Bangumi.build

CompileAssetCatalogVariant thinned /Users/runner/work/Bangumi/Bangumi/ios/build/Build/Products/Release-iphoneos/Bangumi.app /Users/runner/work/Bangumi/Bangumi/ios/Bangumi/Images.xcassets (in target 'Bangumi' from project 'Bangumi')
    cd /Users/runner/work/Bangumi/Bangumi/ios
    /Applications/Xcode_26.6.app/Contents/Developer/usr/bin/actool /Users/runner/work/Bangumi/Bangumi/ios/Bangumi/Images.xcassets --compile /Users/runner/work/Bangumi/Bangumi/ios/build/Build/Intermediates.noindex/Bangumi.build/Release-iphoneos/Bangumi.build/assetcatalog_output/thinned --output-format human-readable-text --notices --warnings --export-dependency-info /Users/runner/work/Bangumi/Bangumi/ios/build/Build/Intermediates.noindex/Bangumi.build/Release-iphoneos/Bangumi.build/assetcatalog_dependencies_thinned --output-partial-info-plist /Users/runner/work/Bangumi/Bangumi/ios/build/Build/Intermediates.noindex/Bangumi.build/Release-iphoneos/Bangumi.build/assetcatalog_generated_info.plist_thinned --app-icon AppIcon --compress-pngs --enable-on-demand-resources YES --development-region en --target-device iphone --target-device ipad --minimum-deployment-target 16.4 --platform iphoneos
/* com.apple.actool.document.notices */
/Users/runner/work/Bangumi/Bangumi/ios/Bangumi/Images.xcassets:./AppIcon.appiconset/[][ipad][76x76][][][1x][][][][]: notice: 76x76@1x app icons only apply to iPad apps targeting releases of iOS prior to 10.0.
/* com.apple.actool.compilation-results */
/Users/runner/work/Bangumi/Bangumi/ios/build/Build/Intermediates.noindex/Bangumi.build/Release-iphoneos/Bangumi.build/assetcatalog_generated_info.plist_thinned
/Users/runner/work/Bangumi/Bangumi/ios/build/Build/Intermediates.noindex/Bangumi.build/Release-iphoneos/Bangumi.build/assetcatalog_output/thinned/AppIcon60x60@2x.png
/Users/runner/work/Bangumi/Bangumi/ios/build/Build/Intermediates.noindex/Bangumi.build/Release-iphoneos/Bangumi.build/assetcatalog_output/thinned/AppIcon76x76@2x~ipad.png
/Users/runner/work/Bangumi/Bangumi/ios/build/Build/Intermediates.noindex/Bangumi.build/Release-iphoneos/Bangumi.build/assetcatalog_output/thinned/Assets.car


SwiftDriver Bangumi normal arm64 com.apple.xcode.tools.swift.compiler (in target 'Bangumi' from project 'Bangumi')
    cd /Users/runner/work/Bangumi/Bangumi/ios
    builtin-SwiftDriver -- /Applications/Xcode_26.6.app/Contents/Developer/Toolchains/XcodeDefault.xctoolchain/usr/bin/swiftc -module-name Bangumi -O @/Users/runner/work/Bangumi/Bangumi/ios/build/Build/Intermediates.noindex/Bangumi.build/Release-iphoneos/Bangumi.build/Objects-normal/arm64/Bangumi.SwiftFileList -D COCOAPODS -Xcc -fmodule-map-file\=/Users/runner/work/Bangumi/Bangumi/ios/build/Build/Products/Release-iphoneos/EASClient/EASClient.modulemap -Xcc -fmodule-map-file\=/Users/runner/work/Bangumi/Bangumi/ios/build/Build/Products/Release-iphoneos/EXConstants/EXConstants.modulemap -Xcc -fmodule-map-file\=/Users/runner/work/Bangumi/Bangumi/ios/build/Build/Products/Release-iphoneos/EXManifests/EXManifests.modulemap -Xcc -fmodule-map-file\=/Users/runner/work/Bangumi/Bangumi/ios/build/Build/Products/Release-iphoneos/EXUpdates/EXUpdates.modulemap -Xcc -fmodule-map-file\=/Users/runner/work/Bangumi/Bangumi/ios/build/Build/Products/Release-iphoneos/EXUpdatesInterface/EXUpdatesInterface.modulemap -Xcc -fmodule-map-file\=/Users/runner/work/Bangumi/Bangumi/ios/build/Build/Products/Release-iphoneos/Expo/Expo.modulemap -Xcc -fmodule-map-file\=/Users/runner/work/Bangumi/Bangumi/ios/build/Build/Products/Release-iphoneos/ExpoAsset/ExpoAsset.modulemap -Xcc -fmodule-map-file\=/Users/runner/work/Bangumi/Bangumi/ios/build/Build/Products/Release-iphoneos/ExpoBlur/ExpoBlur.modulemap -Xcc -fmodule-map-file\=/Users/runner/work/Bangumi/Bangumi/ios/build/Build/Products/Release-iphoneos/ExpoCalendar/ExpoCalendar.modulemap -Xcc -fmodule-map-file\=/Users/runner/work/Bangumi/Bangumi/ios/build/Build/Products/Release-iphoneos/ExpoDevice/ExpoDevice.modulemap -Xcc -fmodule-map-file\=/Users/runner/work/Bangumi/Bangumi/ios/build/Build/Products/Release-iphoneos/ExpoDomWebView/ExpoDomWebView.modulemap -Xcc -fmodule-map-file\=/Users/runner/work/Bangumi/Bangumi/ios/build/Build/Products/Release-iphoneos/ExpoHaptics/ExpoHaptics.modulemap -Xcc -fmodule-map-file\=/Users/runner/work/Bangumi/Bangumi/ios/build/Build/Products/Release-iphoneos/ExpoKeepAwake/ExpoKeepAwake.modulemap -Xcc -fmodule-map-file\=/Users/runner/work/Bangumi/Bangumi/ios/build/Build/Products/Release-iphoneos/ExpoLinearGradient/ExpoLinearGradient.modulemap -Xcc -fmodule-map-file\=/Users/runner/work/Bangumi/Bangumi/ios/build/Build/Products/Release-iphoneos/ExpoLogBox/ExpoLogBox.modulemap -Xcc -fmodule-map-file\=/Users/runner/work/Bangumi/Bangumi/ios/build/Build/Products/Release-iphoneos/ExpoScreenOrientation/ExpoScreenOrientation.modulemap -Xcc -fmodule-map-file\=/Users/runner/work/Bangumi/Bangumi/ios/build/Build/Products/Release-iphoneos/ExpoSpeech/ExpoSpeech.modulemap -Xcc -fmodule-map-file\=/Users/runner/work/Bangumi/Bangumi/ios/build/Build/Products/Release-iphoneos/ExpoSplashScreen/ExpoSplashScreen.modulemap -Xcc -fmodule-map-file\=/Users/runner/work/Bangumi/Bangumi/ios/build/Build/Products/Release-iphoneos/ExpoWebBrowser/ExpoWebBrowser.modulemap -Xcc -fmodule-map-file\=/Users/runner/work/Bangumi/Bangumi/ios/build/Build/Products/Release-iphoneos/RNScreens/RNScreens.modulemap -Xcc -fmodule-map-file\=/Users/runner/work/Bangumi/Bangumi/ios/build/Build/Products/Release-iphoneos/ReachabilitySwift/Reachability.modulemap -Xcc -fmodule-map-file\=/Users/runner/work/Bangumi/Bangumi/ios/build/Build/Products/Release-iphoneos/SwiftUIIntrospect/SwiftUIIntrospect.modulemap -Xcc -fmodule-map-file\=/Users/runner/work/Bangumi/Bangumi/ios/build/Build/Products/Release-iphoneos/react-native-actions-shortcuts/react_native_actions_shortcuts.modulemap -Xcc -fmodule-map-file\=/Users/runner/work/Bangumi/Bangumi/ios/build/Build/Products/Release-iphoneos/react-native-pager-view/react_native_pager_view.modulemap -Xcc -fmodule-map-file\=/Users/runner/work/Bangumi/Bangumi/ios/Pods/Headers/Private/SDWebImageWebPCoder/SDWebImageWebPCoder.modulemap -Xcc -fmodule-map-file\=/Users/runner/work/Bangumi/Bangumi/ios/Pods/Headers/Public/EXJSONUtils/EXJSONUtils.modulemap -Xcc -fmodule-map-file\=/Users/runner/work/Bangumi/Bangumi/ios/Pods/Headers/Public/EXStructuredHeaders/EXStructuredHeaders.modulemap -Xcc -fmodule-map-file\=/Users/runner/work/Bangumi/Bangumi/ios/Pods/Headers/Public/ExpoModulesWorkletsAdapter/ExpoModulesWorkletsAdapter.modulemap -Xcc -fmodule-map-file\=/Users/runner/work/Bangumi/Bangumi/ios/Pods/Headers/Public/ReactAppDependencyProvider/ReactAppDependencyProvider.modulemap -Xcc -fmodule-map-file\=/Users/runner/work/Bangumi/Bangumi/ios/Pods/Headers/Public/ReactCodegen/ReactCodegen.modulemap -Xcc -fmodule-map-file\=/Users/runner/work/Bangumi/Bangumi/ios/Pods/Headers/Public/SDWebImage/SDWebImage.modulemap -Xcc -fmodule-map-file\=/Users/runner/work/Bangumi/Bangumi/ios/Pods/Headers/Public/reanimated/RNReanimated.modulemap -Xcc -fmodule-map-file\=/Users/runner/work/Bangumi/Bangumi/ios/Pods/Headers/Public/worklets/RNWorklets.modulemap -Xcc -ivfsoverlay -Xcc /Users/runner/work/Bangumi/Bangumi/ios/Pods/React-Core-prebuilt/React-VFS.yaml -Xcc -Wno-incomplete-umbrella -D EXPO_CONFIGURATION_RELEASE -enable-bare-slash-regex -enable-experimental-feature DebugDescriptionMacro -sdk /Applications/Xcode_26.6.app/Contents/Developer/Platforms/iPhoneOS.platform/Developer/SDKs/iPhoneOS26.5.sdk -target arm64-apple-ios16.4 -g -module-cache-path /Users/runner/work/Bangumi/Bangumi/ios/build/ModuleCache.noindex -Xfrontend -serialize-debugging-options -suppress-warnings -swift-version 5 -I /Users/runner/work/Bangumi/Bangumi/ios/build/Build/Products/Release-iphoneos -I /Users/runner/work/Bangumi/Bangumi/ios/build/Build/Products/Release-iphoneos/EASClient -I /Users/runner/work/Bangumi/Bangumi/ios/build/Build/Products/Release-iphoneos/EXConstants -I /Users/runner/work/Bangumi/Bangumi/ios/build/Build/Products/Release-iphoneos/EXManifests -I /Users/runner/work/Bangumi/Bangumi/ios/build/Build/Products/Release-iphoneos/EXUpdates -I /Users/runner/work/Bangumi/Bangumi/ios/build/Build/Products/Release-iphoneos/EXUpdatesInterface -I /Users/runner/work/Bangumi/Bangumi/ios/build/Build/Products/Release-iphoneos/Expo -I /Users/runner/work/Bangumi/Bangumi/ios/build/Build/Products/Release-iphoneos/ExpoAsset -I /Users/runner/work/Bangumi/Bangumi/ios/build/Build/Products/Release-iphoneos/ExpoBlur -I /Users/runner/work/Bangumi/Bangumi/ios/build/Build/Products/Release-iphoneos/ExpoCalendar -I /Users/runner/work/Bangumi/Bangumi/ios/build/Build/Products/Release-iphoneos/ExpoDevice -I /Users/runner/work/Bangumi/Bangumi/ios/build/Build/Products/Release-iphoneos/ExpoDomWebView -I /Users/runner/work/Bangumi/Bangumi/ios/build/Build/Products/Release-iphoneos/ExpoFileSystem -I /Users/runner/work/Bangumi/Bangumi/ios/build/Build/Products/Release-iphoneos/ExpoFont -I /Users/runner/work/Bangumi/Bangumi/ios/build/Build/Products/Release-iphoneos/ExpoHaptics -I /Users/runner/work/Bangumi/Bangumi/ios/build/Build/Products/Release-iphoneos/ExpoImage -I /Users/runner/work/Bangumi/Bangumi/ios/build/Build/Products/Release-iphoneos/ExpoKeepAwake -I /Users/runner/work/Bangumi/Bangumi/ios/build/Build/Products/Release-iphoneos/ExpoLinearGradient -I /Users/runner/work/Bangumi/Bangumi/ios/build/Build/Products/Release-iphoneos/ExpoLogBox -I /Users/runner/work/Bangumi/Bangumi/ios/build/Build/Products/Release-iphoneos/ExpoModulesCore -I /Users/runner/work/Bangumi/Bangumi/ios/build/Build/Products/Release-iphoneos/ExpoModulesJSI -I /Users/runner/work/Bangumi/Bangumi/ios/build/Build/Products/Release-iphoneos/ExpoModulesWorklets -I /Users/runner/work/Bangumi/Bangumi/ios/build/Build/Products/Release-iphoneos/ExpoScreenOrientation -I /Users/runner/work/Bangumi/Bangumi/ios/build/Build/Products/Release-iphoneos/ExpoSpeech -I /Users/runner/work/Bangumi/Bangumi/ios/build/Build/Products/Release-iphoneos/ExpoSplashScreen -I /Users/runner/work/Bangumi/Bangumi/ios/build/Build/Products/Release-iphoneos/ExpoWebBrowser -I /Users/runner/work/Bangumi/Bangumi/ios/build/Build/Products/Release-iphoneos/RNScreens -I /Users/runner/work/Bangumi/Bangumi/ios/build/Build/Products/Release-iphoneos/ReachabilitySwift -I /Users/runner/work/Bangumi/Bangumi/ios/build/Build/Products/Release-iphoneos/SwiftUIIntrospect -I /Users/runner/work/Bangumi/Bangumi/ios/build/Build/Products/Release-iphoneos/react-native-actions-shortcuts -I /Users/runner/work/Bangumi/Bangumi/ios/build/Build/Products/Release-iphoneos/react-native-pager-view -F /Users/runner/work/Bangumi/Bangumi/ios/build/Build/Products/Release-iphoneos -F /Users/runner/work/Bangumi/Bangumi/node_modules/expo-modules-jsi/apple/Products -F /Users/runner/work/Bangumi/Bangumi/ios/Pods/ExpoFileSystem -F /Users/runner/work/Bangumi/Bangumi/ios/Pods/ExpoFont -F /Users/runner/work/Bangumi/Bangumi/ios/Pods/ExpoImage -F /Users/runner/work/Bangumi/Bangumi/ios/Pods/ExpoModulesCore -F /Users/runner/work/Bangumi/Bangumi/ios/Pods/ExpoModulesWorklets -F /Users/runner/work/Bangumi/Bangumi/ios/Pods/React-Core-prebuilt -F /Users/runner/work/Bangumi/Bangumi/ios/Pods/ReactNativeDependencies/framework/packages/react-native -F /Users/runner/work/Bangumi/Bangumi/ios/Pods/hermes-engine/destroot/Library/Frameworks/universal -F /Users/runner/work/Bangumi/Bangumi/ios/build/Build/Products/Release-iphoneos/XCFrameworkIntermediates/ExpoFileSystem -F /Users/runner/work/Bangumi/Bangumi/ios/build/Build/Products/Release-iphoneos/XCFrameworkIntermediates/ExpoFont -F /Users/runner/work/Bangumi/Bangumi/ios/build/Build/Products/Release-iphoneos/XCFrameworkIntermediates/ExpoImage -F /Users/runner/work/Bangumi/Bangumi/ios/build/Build/Products/Release-iphoneos/XCFrameworkIntermediates/ExpoModulesCore -F /Users/runner/work/Bangumi/Bangumi/ios/build/Build/Products/Release-iphoneos/XCFrameworkIntermediates/ExpoModulesJSI -F /Users/runner/work/Bangumi/Bangumi/ios/build/Build/Products/Release-iphoneos/XCFrameworkIntermediates/ExpoModulesWorklets -F /Users/runner/work/Bangumi/Bangumi/ios/build/Build/Products/Release-iphoneos/XCFrameworkIntermediates/React-Core-prebuilt -F /Users/runner/work/Bangumi/Bangumi/ios/build/Build/Products/Release-iphoneos/XCFrameworkIntermediates/ReactNativeDependencies -F /Users/runner/work/Bangumi/Bangumi/ios/build/Build/Products/Release-iphoneos/XCFrameworkIntermediates/hermes-engine/Pre-built -c -j3 -enable-batch-mode -incremental -Xcc -ivfsstatcache -Xcc /Users/runner/work/Bangumi/Bangumi/ios/build/SDKStatCaches.noindex/iphoneos26.5-23F81a-688ef53f1462e2c8f657fdc38a81448fee66e23052a0157c865c76b268046726.sdkstatcache -output-file-map /Users/runner/work/Bangumi/Bangumi/ios/build/Build/Intermediates.noindex/Bangumi.build/Release-iphoneos/Bangumi.build/Objects-normal/arm64/Bangumi-OutputFileMap.json -use-frontend-parseable-output -save-temps -no-color-diagnostics -serialize-diagnostics -emit-dependencies -emit-module -emit-module-path /Users/runner/work/Bangumi/Bangumi/ios/build/Build/Intermediates.noindex/Bangumi.build/Release-iphoneos/Bangumi.build/Objects-normal/arm64/Bangumi.swiftmodule -validate-clang-modules-once -clang-build-session-file /Users/runner/work/Bangumi/Bangumi/ios/build/ModuleCache.noindex/Session.modulevalidation -Xcc -I/Users/runner/work/Bangumi/Bangumi/ios/build/Build/Intermediates.noindex/Bangumi.build/Release-iphoneos/Bangumi.build/swift-overrides.hmap -emit-const-values -Xfrontend -const-gather-protocols-file -Xfrontend /Users/runner/work/Bangumi/Bangumi/ios/build/Build/Intermediates.noindex/Bangumi.build/Release-iphoneos/Bangumi.build/Objects-normal/arm64/Bangumi_const_extract_protocols.json -Xcc -iquote -Xcc /Users/runner/work/Bangumi/Bangumi/ios/build/Build/Intermediates.noindex/Bangumi.build/Release-iphoneos/Bangumi.build/Bangumi-generated-files.hmap -Xcc -I/Users/runner/work/Bangumi/Bangumi/ios/build/Build/Intermediates.noindex/Bangumi.build/Release-iphoneos/Bangumi.build/Bangumi-own-target-headers.hmap -Xcc -I/Users/runner/work/Bangumi/Bangumi/ios/build/Build/Intermediates.noindex/Bangumi.build/Release-iphoneos/Bangumi.build/Bangumi-all-non-framework-target-headers.hmap -Xcc -ivfsoverlay -Xcc /Users/runner/work/Bangumi/Bangumi/ios/build/Build/Intermediates.noindex/Bangumi.build/Release-iphoneos/Bangumi-8d42bff5180cffac96852f88f8ac1ba7-VFS-iphoneos/all-product-headers.yaml -Xcc -iquote -Xcc /Users/runner/work/Bangumi/Bangumi/ios/build/Build/Intermediates.noindex/Bangumi.build/Release-iphoneos/Bangumi.build/Bangumi-project-headers.hmap -Xcc -iquote -Xcc /Users/runner/work/Bangumi/Bangumi/ios/libwebp/src -Xcc -I/Users/runner/work/Bangumi/Bangumi/ios/build/Build/Products/Release-iphoneos/include -Xcc -I/Users/runner/work/Bangumi/Bangumi/ios/Pods/Headers/Public -Xcc -I/Users/runner/work/Bangumi/Bangumi/ios/Pods/Headers/Public/EXConstants -Xcc -I/Users/runner/work/Bangumi/Bangumi/ios/Pods/Headers/Public/EXJSONUtils -Xcc -I/Users/runner/work/Bangumi/Bangumi/ios/Pods/Headers/Public/EXStructuredHeaders -Xcc -I/Users/runner/work/Bangumi/Bangumi/ios/Pods/Headers/Public/EXUpdates -Xcc -I/Users/runner/work/Bangumi/Bangumi/ios/Pods/Headers/Public/Expo -Xcc -I/Users/runner/work/Bangumi/Bangumi/ios/Pods/Headers/Public/ExpoModulesWorkletsAdapter -Xcc -I/Users/runner/work/Bangumi/Bangumi/ios/Pods/Headers/Public/ExpoScreenOrientation -Xcc -I/Users/runner/work/Bangumi/Bangumi/ios/Pods/Headers/Public/FBLazyVector -Xcc -I/Users/runner/work/Bangumi/Bangumi/ios/Pods/Headers/Public/RCTDeprecation -Xcc -I/Users/runner/work/Bangumi/Bangumi/ios/Pods/Headers/Public/RCTRequired -Xcc -I/Users/runner/work/Bangumi/Bangumi/ios/Pods/Headers/Public/RCTRestart -Xcc -I/Users/runner/work/Bangumi/Bangumi/ios/Pods/Headers/Public/RCTSwiftUIWrapper -Xcc -I/Users/runner/work/Bangumi/Bangumi/ios/Pods/Headers/Public/RCTTypeSafety -Xcc -I/Users/runner/work/Bangumi/Bangumi/ios/Pods/Headers/Public/RNCAsyncStorage -Xcc -I/Users/runner/work/Bangumi/Bangumi/ios/Pods/Headers/Public/RNCMaskedView -Xcc -I/Users/runner/work/Bangumi/Bangumi/ios/Pods/Headers/Public/RNCalendarEvents -Xcc -I/Users/runner/work/Bangumi/Bangumi/ios/Pods/Headers/Public/RNFS -Xcc -I/Users/runner/work/Bangumi/Bangumi/ios/Pods/Headers/Public/RNFastImage -Xcc -I/Users/runner/work/Bangumi/Bangumi/ios/Pods/Headers/Public/RNGestureHandler -Xcc -I/Users/runner/work/Bangumi/Bangumi/ios/Pods/Headers/Public/RNReanimated -Xcc -I/Users/runner/work/Bangumi/Bangumi/ios/Pods/Headers/Public/RNSVG -Xcc -I/Users/runner/work/Bangumi/Bangumi/ios/Pods/Headers/Public/RNScreens -Xcc -I/Users/runner/work/Bangumi/Bangumi/ios/Pods/Headers/Public/RNWorklets -Xcc -I/Users/runner/work/Bangumi/Bangumi/ios/Pods/Headers/Public/React-Core -Xcc -I/Users/runner/work/Bangumi/Bangumi/ios/Pods/Headers/Public/React-Core-prebuilt -Xcc -I/Users/runner/work/Bangumi/Bangumi/ios/Pods/Headers/Public/React-CoreModules -Xcc -I/Users/runner/work/Bangumi/Bangumi/ios/Pods/Headers/Public/React-Fabric -Xcc -I/Users/runner/work/Bangumi/Bangumi/ios/Pods/Headers/Public/React-FabricComponents -Xcc -I/Users/runner/work/Bangumi/Bangumi/ios/Pods/Headers/Public/React-FabricImage -Xcc -I/Users/runner/work/Bangumi/Bangumi/ios/Pods/Headers/Public/React-ImageManager -Xcc -I/Users/runner/work/Bangumi/Bangumi/ios/Pods/Headers/Public/React-Mapbuffer -Xcc -I/Users/runner/work/Bangumi/Bangumi/ios/Pods/Headers/Public/React-NativeModulesApple -Xcc -I/Users/runner/work/Bangumi/Bangumi/ios/Pods/Headers/Public/React-RCTAnimation -Xcc -I/Users/runner/work/Bangumi/Bangumi/ios/Pods/Headers/Public/React-RCTAppDelegate -Xcc -I/Users/runner/work/Bangumi/Bangumi/ios/Pods/Headers/Public/React-RCTBlob -Xcc -I/Users/runner/work/Bangumi/Bangumi/ios/Pods/Headers/Public/React-RCTFBReactNativeSpec -Xcc -I/Users/runner/work/Bangumi/Bangumi/ios/Pods/Headers/Public/React-RCTFabric -Xcc -I/Users/runner/work/Bangumi/Bangumi/ios/Pods/Headers/Public/React-RCTImage -Xcc -I/Users/runner/work/Bangumi/Bangumi/ios/Pods/Headers/Public/React-RCTRuntime -Xcc -I/Users/runner/work/Bangumi/Bangumi/ios/Pods/Headers/Public/React-RCTSettings -Xcc -I/Users/runner/work/Bangumi/Bangumi/ios/Pods/Headers/Public/React-RCTText -Xcc -I/Users/runner/work/Bangumi/Bangumi/ios/Pods/Headers/Public/React-RCTVibration -Xcc -I/Users/runner/work/Bangumi/Bangumi/ios/Pods/Headers/Public/React-RuntimeApple -Xcc -I/Users/runner/work/Bangumi/Bangumi/ios/Pods/Headers/Public/React-RuntimeCore -Xcc -I/Users/runner/work/Bangumi/Bangumi/ios/Pods/Headers/Public/React-RuntimeHermes -Xcc -I/Users/runner/work/Bangumi/Bangumi/ios/Pods/Headers/Public/React-callinvoker -Xcc -I/Users/runner/work/Bangumi/Bangumi/ios/Pods/Headers/Public/React-cxxreact -Xcc -I/Users/runner/work/Bangumi/Bangumi/ios/Pods/Headers/Public/React-debug -Xcc -I/Users/runner/work/Bangumi/Bangumi/ios/Pods/Headers/Public/React-defaultsnativemodule -Xcc -I/Users/runner/work/Bangumi/Bangumi/ios/Pods/Headers/Public/React-domnativemodule -Xcc -I/Users/runner/work/Bangumi/Bangumi/ios/Pods/Headers/Public/React-featureflags -Xcc -I/Users/runner/work/Bangumi/Bangumi/ios/Pods/Headers/Public/React-featureflagsnativemodule -Xcc -I/Users/runner/work/Bangumi/Bangumi/ios/Pods/Headers/Public/React-graphics -Xcc -I/Users/runner/work/Bangumi/Bangumi/ios/Pods/Headers/Public/React-hermes -Xcc -I/Users/runner/work/Bangumi/Bangumi/ios/Pods/Headers/Public/React-idlecallbacksnativemodule -Xcc -I/Users/runner/work/Bangumi/Bangumi/ios/Pods/Headers/Public/React-intersectionobservernativemodule -Xcc -I/Users/runner/work/Bangumi/Bangumi/ios/Pods/Headers/Public/React-jserrorhandler -Xcc -I/Users/runner/work/Bangumi/Bangumi/ios/Pods/Headers/Public/React-jsi -Xcc -I/Users/runner/work/Bangumi/Bangumi/ios/Pods/Headers/Public/React-jsiexecutor -Xcc -I/Users/runner/work/Bangumi/Bangumi/ios/Pods/Headers/Public/React-jsinspector -Xcc -I/Users/runner/work/Bangumi/Bangumi/ios/Pods/Headers/Public/React-jsinspectorcdp -Xcc -I/Users/runner/work/Bangumi/Bangumi/ios/Pods/Headers/Public/React-jsinspectornetwork -Xcc -I/Users/runner/work/Bangumi/Bangumi/ios/Pods/Headers/Public/React-jsinspectortracing -Xcc -I/Users/runner/work/Bangumi/Bangumi/ios/Pods/Headers/Public/React-jsitooling -Xcc -I/Users/runner/work/Bangumi/Bangumi/ios/Pods/Headers/Public/React-logger -Xcc -I/Users/runner/work/Bangumi/Bangumi/ios/Pods/Headers/Public/React-microtasksnativemodule -Xcc -I/Users/runner/work/Bangumi/Bangumi/ios/Pods/Headers/Public/React-mutationobservernativemodule -Xcc -I/Users/runner/work/Bangumi/Bangumi/ios/Pods/Headers/Public/React-networking -Xcc -I/Users/runner/work/Bangumi/Bangumi/ios/Pods/Headers/Public/React-oscompat -Xcc -I/Users/runner/work/Bangumi/Bangumi/ios/Pods/Headers/Public/React-perflogger -Xcc -I/Users/runner/work/Bangumi/Bangumi/ios/Pods/Headers/Public/React-performancecdpmetrics -Xcc -I/Users/runner/work/Bangumi/Bangumi/ios/Pods/Headers/Public/React-performancetimeline -Xcc -I/Users/runner/work/Bangumi/Bangumi/ios/Pods/Headers/Public/React-rendererconsistency -Xcc -I/Users/runner/work/Bangumi/Bangumi/ios/Pods/Headers/Public/React-renderercss -Xcc -I/Users/runner/work/Bangumi/Bangumi/ios/Pods/Headers/Public/React-rendererdebug -Xcc -I/Users/runner/work/Bangumi/Bangumi/ios/Pods/Headers/Public/React-runtimeexecutor -Xcc -I/Users/runner/work/Bangumi/Bangumi/ios/Pods/Headers/Public/React-runtimescheduler -Xcc -I/Users/runner/work/Bangumi/Bangumi/ios/Pods/Headers/Public/React-timing -Xcc -I/Users/runner/work/Bangumi/Bangumi/ios/Pods/Headers/Public/React-utils -Xcc -I/Users/runner/work/Bangumi/Bangumi/ios/Pods/Headers/Public/React-viewtransitionnativemodule -Xcc -I/Users/runner/work/Bangumi/Bangumi/ios/Pods/Headers/Public/React-webperformancenativemodule -Xcc -I/Users/runner/work/Bangumi/Bangumi/ios/Pods/Headers/Public/ReactAppDependencyProvider -Xcc -I/Users/runner/work/Bangumi/Bangumi/ios/Pods/Headers/Public/ReactCodegen -Xcc -I/Users/runner/work/Bangumi/Bangumi/ios/Pods/Headers/Public/ReactCommon -Xcc -I/Users/runner/work/Bangumi/Bangumi/ios/Pods/Headers/Public/ReactNativeDependencies -Xcc -I/Users/runner/work/Bangumi/Bangumi/ios/Pods/Headers/Public/ReactNativeExceptionHandler -Xcc -I/Users/runner/work/Bangumi/Bangumi/ios/Pods/Headers/Public/SDWebImage -Xcc -I/Users/runner/work/Bangumi/Bangumi/ios/Pods/Headers/Public/SDWebImageWebPCoder -Xcc -I/Users/runner/work/Bangumi/Bangumi/ios/Pods/Headers/Public/Yoga -Xcc -I/Users/runner/work/Bangumi/Bangumi/ios/Pods/Headers/Public/hermes-engine -Xcc -I/Users/runner/work/Bangumi/Bangumi/ios/Pods/Headers/Public/libwebp -Xcc -I/Users/runner/work/Bangumi/Bangumi/ios/Pods/Headers/Public/react-native-actions-shortcuts -Xcc -I/Users/runner/work/Bangumi/Bangumi/ios/Pods/Headers/Public/react-native-blur -Xcc -I/Users/runner/work/Bangumi/Bangumi/ios/Pods/Headers/Public/react-native-cameraroll -Xcc -I/Users/runner/work/Bangumi/Bangumi/ios/Pods/Headers/Public/react-native-pager-view -Xcc -I/Users/runner/work/Bangumi/Bangumi/ios/Pods/Headers/Public/react-native-safe-area-context -Xcc -I/Users/runner/work/Bangumi/Bangumi/ios/Pods/Headers/Public/react-native-slider -Xcc -I/Users/runner/work/Bangumi/Bangumi/ios/Pods/Headers/Public/react-native-webview -Xcc -I/Users/runner/work/Bangumi/Bangumi/ios/Pods/Headers/Public/rn-fetch-blob -Xcc -I/Users/runner/work/Bangumi/Bangumi/ios/build/Build/Products/Release-iphoneos/EXManifests/Swift\ Compatibility\ Header -Xcc -I/Users/runner/work/Bangumi/Bangumi/ios/build/Build/Products/Release-iphoneos/EXUpdates/Swift\ Compatibility\ Header -Xcc -I/Users/runner/work/Bangumi/Bangumi/ios/build/Build/Products/Release-iphoneos/EXUpdatesInterface/Swift\ Compatibility\ Header -Xcc -I/Users/runner/work/Bangumi/Bangumi/ios/build/Build/Products/Release-iphoneos/Expo/Swift\ Compatibility\ Header -Xcc -I/Users/runner/work/Bangumi/Bangumi/ios/Pods/Headers/Private/Yoga -Xcc -I/Users/runner/work/Bangumi/Bangumi/ios/build/Build/Products/Release-iphoneos/ExpoModulesCore/Swift\ Compatibility\ Header -Xcc -I/Users/runner/work/Bangumi/Bangumi/ios/Pods/Headers/Private/Yoga -Xcc -I/Users/runner/work/Bangumi/Bangumi/ios/build/Build/Products/Release-iphoneos/ExpoScreenOrientation/Swift\ Compatibility\ Header -Xcc -I/Users/runner/work/Bangumi/Bangumi/ios/Pods/boost -Xcc -I/Users/runner/work/Bangumi/Bangumi/ios/Pods/boost-for-react-native -Xcc -I/Users/runner/work/Bangumi/Bangumi/ios/Pods/glog -Xcc -I/Users/runner/work/Bangumi/Bangumi/ios/Pods/RCT-Folly -Xcc -I/Users/runner/work/Bangumi/Bangumi/ios/Pods/Headers/Public/React-hermes -Xcc -I/Users/runner/work/Bangumi/Bangumi/ios/Pods/Headers/Public/hermes-engine -Xcc -I/Users/runner/work/Bangumi/Bangumi/ios/Pods/Headers/Public/RNWorklets -Xcc -I/Users/runner/work/Bangumi/Bangumi/node_modules/react-native/ReactCommon -Xcc -I/Users/runner/work/Bangumi/Bangumi/node_modules/react-native/ReactCommon/jsitooling -Xcc -I/Users/runner/work/Bangumi/Bangumi/ios/Pods/boost -Xcc -I/Users/runner/work/Bangumi/Bangumi/ios/Pods/boost-for-react-native -Xcc -I/Users/runner/work/Bangumi/Bangumi/ios/Pods/glog -Xcc -I/Users/runner/work/Bangumi/Bangumi/ios/Pods/RCT-Folly -Xcc -I/Users/runner/work/Bangumi/Bangumi/ios/Pods/Headers/Public/React-hermes -Xcc -I/Users/runner/work/Bangumi/Bangumi/ios/Pods/Headers/Public/hermes-engine -Xcc -I/Users/runner/work/Bangumi/Bangumi/node_modules/react-native/ReactCommon -Xcc -I/Users/runner/work/Bangumi/Bangumi/node_modules/react-native/ReactCommon/jsitooling -Xcc -I/Users/runner/work/Bangumi/Bangumi/ios/Pods/Headers/Private/React-Core -Xcc -I/Users/runner/work/Bangumi/Bangumi/ios/Pods/Headers/Private/React-Core -Xcc -I/Users/runner/work/Bangumi/Bangumi/ios/Pods/Headers/Private/Yoga -Xcc -I/Users/runner/work/Bangumi/Bangumi/ios/Pods/ExpoModulesCore/ExpoModulesCore.xcframework/ios-arm64_x86_64-simulator/ExpoModulesCore.framework/Headers -Xcc -I/Users/runner/work/Bangumi/Bangumi/ios/Pods/ExpoModulesCore/ExpoModulesCore.xcframework/ios-arm64/ExpoModulesCore.framework/Headers -Xcc -I/Users/runner/work/Bangumi/Bangumi/ios/build/Build/Intermediates.noindex/Bangumi.build/Release-iphoneos/Bangumi.build/DerivedSources-normal/arm64 -Xcc -I/Users/runner/work/Bangumi/Bangumi/ios/build/Build/Intermediates.noindex/Bangumi.build/Release-iphoneos/Bangumi.build/DerivedSources/arm64 -Xcc -I/Users/runner/work/Bangumi/Bangumi/ios/build/Build/Intermediates.noindex/Bangumi.build/Release-iphoneos/Bangumi.build/DerivedSources -Xcc -DCOCOAPODS\=1 -Xcc -DSD_WEBP\=1 -emit-objc-header -emit-objc-header-path /Users/runner/work/Bangumi/Bangumi/ios/build/Build/Intermediates.noindex/Bangumi.build/Release-iphoneos/Bangumi.build/Objects-normal/arm64/Bangumi-Swift.h -working-directory /Users/runner/work/Bangumi/Bangumi/ios -experimental-emit-module-separately -disable-cmo

SwiftEmitModule normal arm64 Emitting\ module\ for\ Bangumi (in target 'Bangumi' from project 'Bangumi')
EmitSwiftModule normal arm64 (in target 'Bangumi' from project 'Bangumi')
    cd /Users/runner/work/Bangumi/Bangumi/ios
    
/Users/runner/work/Bangumi/Bangumi/ios/Pods/Headers/Public/Expo/Expo/EXBundleConfiguration.h:5:9: note: while building module 'ExpoModulesCore' imported from /Users/runner/work/Bangumi/Bangumi/ios/Pods/Headers/Public/Expo/Expo/EXBundleConfiguration.h:5:
#import <ExpoModulesCore/Platform.h>
        ^
<module-includes>:1:9: note: in file included from <module-includes>:1:
#import "Headers/ExpoModulesCore_umbrella.h"
        ^
/Users/runner/work/Bangumi/Bangumi/ios/build/Build/Products/Release-iphoneos/XCFrameworkIntermediates/ExpoModulesCore/ExpoModulesCore.framework/Headers/ExpoModulesCore_umbrella.h:33:9: note: in file included from /Users/runner/work/Bangumi/Bangumi/ios/build/Build/Products/Release-iphoneos/XCFrameworkIntermediates/ExpoModulesCore/ExpoModulesCore.framework/Headers/ExpoModulesCore_umbrella.h:33:
#import "EXFilePermissionModuleInterface.h"
        ^
/Users/runner/work/Bangumi/Bangumi/ios/build/Build/Products/Release-iphoneos/XCFrameworkIntermediates/ExpoModulesCore/ExpoModulesCore.framework/Headers/EXFilePermissionModuleInterface.h:3:9: note: in file included from /Users/runner/work/Bangumi/Bangumi/ios/build/Build/Products/Release-iphoneos/XCFrameworkIntermediates/ExpoModulesCore/ExpoModulesCore.framework/Headers/EXFilePermissionModuleInterface.h:3:
#import <ExpoModulesCore/EXFileSystemInterface.h>
        ^
/Users/runner/work/Bangumi/Bangumi/ios/Bangumi/AppDelegate.swift:3:8: error: ambiguous implicit access level for import of 'Expo'; it is imported as 'internal' elsewhere
import Expo
       ^
internal 
/Users/runner/work/Bangumi/Bangumi/ios/Bangumi/AppDelegate.swift:3:8: note: silence these warnings by adopting the upcoming feature 'InternalImportsByDefault'
import Expo
       ^
/Users/runner/work/Bangumi/Bangumi/ios/Pods/Target Support Files/Pods-Bangumi/ExpoModulesProvider.swift:10:1: note: imported 'internal' here
internal import Expo
^
/Users/runner/work/Bangumi/Bangumi/ios/Bangumi/AppDelegate.swift:3:8: error: ambiguous implicit access level for import of 'Expo'; it is imported as 'internal' elsewhere
import Expo
       ^
internal 
/Users/runner/work/Bangumi/Bangumi/ios/Bangumi/AppDelegate.swift:3:8: note: silence these warnings by adopting the upcoming feature 'InternalImportsByDefault'
import Expo
       ^
/Users/runner/work/Bangumi/Bangumi/ios/Pods/Target Support Files/Pods-Bangumi/ExpoModulesProvider.swift:10:1: note: imported 'internal' here
internal import Expo
^
/Users/runner/work/Bangumi/Bangumi/ios/Bangumi/AppDelegate.swift:3:8: error: ambiguous implicit access level for import of 'Expo'; it is imported as 'internal' elsewhere
import Expo
       ^
internal 
/Users/runner/work/Bangumi/Bangumi/ios/Bangumi/AppDelegate.swift:3:8: note: silence these warnings by adopting the upcoming feature 'InternalImportsByDefault'
import Expo
       ^
/Users/runner/work/Bangumi/Bangumi/ios/Pods/Target Support Files/Pods-Bangumi/ExpoModulesProvider.swift:10:1: note: imported 'internal' here
internal import Expo
^

Failed frontend command:
/Applications/Xcode_26.6.app/Contents/Developer/Toolchains/XcodeDefault.xctoolchain/usr/bin/swift-frontend -frontend -emit-module -experimental-skip-non-inlinable-function-bodies-without-types /Users/runner/work/Bangumi/Bangumi/ios/Bangumi/AppDelegate.swift /Users/runner/work/Bangumi/Bangumi/ios/Pods/Target\ Support\ Files/Pods-Bangumi/ExpoModulesProvider.swift /Users/runner/work/Bangumi/Bangumi/ios/build/Build/Intermediates.noindex/Bangumi.build/Release-iphoneos/Bangumi.build/DerivedSources/GeneratedAssetSymbols.swift -target arm64-apple-ios16.4 -Xllvm -aarch64-use-tbi -enable-objc-interop -stack-check -sdk /Applications/Xcode_26.6.app/Contents/Developer/Platforms/iPhoneOS.platform/Developer/SDKs/iPhoneOS26.5.sdk -I /Users/runner/work/Bangumi/Bangumi/ios/build/Build/Products/Release-iphoneos -I /Users/runner/work/Bangumi/Bangumi/ios/build/Build/Products/Release-iphoneos/EASClient -I /Users/runner/work/Bangumi/Bangumi/ios/build/Build/Products/Release-iphoneos/EXConstants -I /Users/runner/work/Bangumi/Bangumi/ios/build/Build/Products/Release-iphoneos/EXManifests -I /Users/runner/work/Bangumi/Bangumi/ios/build/Build/Products/Release-iphoneos/EXUpdates -I /Users/runner/work/Bangumi/Bangumi/ios/build/Build/Products/Release-iphoneos/EXUpdatesInterface -I /Users/runner/work/Bangumi/Bangumi/ios/build/Build/Products/Release-iphoneos/Expo -I /Users/runner/work/Bangumi/Bangumi/ios/build/Build/Products/Release-iphoneos/ExpoAsset -I /Users/runner/work/Bangumi/Bangumi/ios/build/Build/Products/Release-iphoneos/ExpoBlur -I /Users/runner/work/Bangumi/Bangumi/ios/build/Build/Products/Release-iphoneos/ExpoCalendar -I /Users/runner/work/Bangumi/Bangumi/ios/build/Build/Products/Release-iphoneos/ExpoDevice -I /Users/runner/work/Bangumi/Bangumi/ios/build/Build/Products/Release-iphoneos/ExpoDomWebView -I /Users/runner/work/Bangumi/Bangumi/ios/build/Build/Products/Release-iphoneos/ExpoFileSystem -I /Users/runner/work/Bangumi/Bangumi/ios/build/Build/Products/Release-iphoneos/ExpoFont -I /Users/runner/work/Bangumi/Bangumi/ios/build/Build/Products/Release-iphoneos/ExpoHaptics -I /Users/runner/work/Bangumi/Bangumi/ios/build/Build/Products/Release-iphoneos/ExpoImage -I /Users/runner/work/Bangumi/Bangumi/ios/build/Build/Products/Release-iphoneos/ExpoKeepAwake -I /Users/runner/work/Bangumi/Bangumi/ios/build/Build/Products/Release-iphoneos/ExpoLinearGradient -I /Users/runner/work/Bangumi/Bangumi/ios/build/Build/Products/Release-iphoneos/ExpoLogBox -I /Users/runner/work/Bangumi/Bangumi/ios/build/Build/Products/Release-iphoneos/ExpoModulesCore -I /Users/runner/work/Bangumi/Bangumi/ios/build/Build/Products/Release-iphoneos/ExpoModulesJSI -I /Users/runner/work/Bangumi/Bangumi/ios/build/Build/Products/Release-iphoneos/ExpoModulesWorklets -I /Users/runner/work/Bangumi/Bangumi/ios/build/Build/Products/Release-iphoneos/ExpoScreenOrientation -I /Users/runner/work/Bangumi/Bangumi/ios/build/Build/Products/Release-iphoneos/ExpoSpeech -I /Users/runner/work/Bangumi/Bangumi/ios/build/Build/Products/Release-iphoneos/ExpoSplashScreen -I /Users/runner/work/Bangumi/Bangumi/ios/build/Build/Products/Release-iphoneos/ExpoWebBrowser -I /Users/runner/work/Bangumi/Bangumi/ios/build/Build/Products/Release-iphoneos/RNScreens -I /Users/runner/work/Bangumi/Bangumi/ios/build/Build/Products/Release-iphoneos/ReachabilitySwift -I /Users/runner/work/Bangumi/Bangumi/ios/build/Build/Products/Release-iphoneos/SwiftUIIntrospect -I /Users/runner/work/Bangumi/Bangumi/ios/build/Build/Products/Release-iphoneos/react-native-actions-shortcuts -I /Users/runner/work/Bangumi/Bangumi/ios/build/Build/Products/Release-iphoneos/react-native-pager-view -F /Users/runner/work/Bangumi/Bangumi/ios/build/Build/Products/Release-iphoneos -F /Users/runner/work/Bangumi/Bangumi/node_modules/expo-modules-jsi/apple/Products -F /Users/runner/work/Bangumi/Bangumi/ios/Pods/ExpoFileSystem -F /Users/runner/work/Bangumi/Bangumi/ios/Pods/ExpoFont -F /Users/runner/work/Bangumi/Bangumi/ios/Pods/ExpoImage -F /Users/runner/work/Bangumi/Bangumi/ios/Pods/ExpoModulesCore -F /Users/runner/work/Bangumi/Bangumi/ios/Pods/ExpoModulesWorklets -F /Users/runner/work/Bangumi/Bangumi/ios/Pods/React-Core-prebuilt -F /Users/runner/work/Bangumi/Bangumi/ios/Pods/ReactNativeDependencies/framework/packages/react-native -F /Users/runner/work/Bangumi/Bangumi/ios/Pods/hermes-engine/destroot/Library/Frameworks/universal -F /Users/runner/work/Bangumi/Bangumi/ios/build/Build/Products/Release-iphoneos/XCFrameworkIntermediates/ExpoFileSystem -F /Users/runner/work/Bangumi/Bangumi/ios/build/Build/Products/Release-iphoneos/XCFrameworkIntermediates/ExpoFont -F /Users/runner/work/Bangumi/Bangumi/ios/build/Build/Products/Release-iphoneos/XCFrameworkIntermediates/ExpoImage -F /Users/runner/work/Bangumi/Bangumi/ios/build/Build/Products/Release-iphoneos/XCFrameworkIntermediates/ExpoModulesCore -F /Users/runner/work/Bangumi/Bangumi/ios/build/Build/Products/Release-iphoneos/XCFrameworkIntermediates/ExpoModulesJSI -F /Users/runner/work/Bangumi/Bangumi/ios/build/Build/Products/Release-iphoneos/XCFrameworkIntermediates/ExpoModulesWorklets -F /Users/runner/work/Bangumi/Bangumi/ios/build/Build/Products/Release-iphoneos/XCFrameworkIntermediates/React-Core-prebuilt -F /Users/runner/work/Bangumi/Bangumi/ios/build/Build/Products/Release-iphoneos/XCFrameworkIntermediates/ReactNativeDependencies -F /Users/runner/work/Bangumi/Bangumi/ios/build/Build/Products/Release-iphoneos/XCFrameworkIntermediates/hermes-engine/Pre-built -no-color-diagnostics -Xcc -fno-color-diagnostics -g -debug-info-format\=dwarf -dwarf-version\=4 -module-cache-path /Users/runner/work/Bangumi/Bangumi/ios/build/ModuleCache.noindex -suppress-warnings -swift-version 5 -O -D COCOAPODS -D EXPO_CONFIGURATION_RELEASE -serialize-debugging-options -const-gather-protocols-file /Users/runner/work/Bangumi/Bangumi/ios/build/Build/Intermediates.noindex/Bangumi.build/Release-iphoneos/Bangumi.build/Objects-normal/arm64/Bangumi_const_extract_protocols.json -enable-experimental-feature DebugDescriptionMacro -enable-bare-slash-regex -empty-abi-descriptor -validate-clang-modules-once -clang-build-session-file /Users/runner/work/Bangumi/Bangumi/ios/build/ModuleCache.noindex/Session.modulevalidation -Xcc -working-directory -Xcc /Users/runner/work/Bangumi/Bangumi/ios -file-compilation-dir /Users/runner/work/Bangumi/Bangumi/ios -Xcc -fmodule-map-file\=/Users/runner/work/Bangumi/Bangumi/ios/build/Build/Products/Release-iphoneos/EASClient/EASClient.modulemap -Xcc -fmodule-map-file\=/Users/runner/work/Bangumi/Bangumi/ios/build/Build/Products/Release-iphoneos/EXConstants/EXConstants.modulemap -Xcc -fmodule-map-file\=/Users/runner/work/Bangumi/Bangumi/ios/build/Build/Products/Release-iphoneos/EXManifests/EXManifests.modulemap -Xcc -fmodule-map-file\=/Users/runner/work/Bangumi/Bangumi/ios/build/Build/Products/Release-iphoneos/EXUpdates/EXUpdates.modulemap -Xcc -fmodule-map-file\=/Users/runner/work/Bangumi/Bangumi/ios/build/Build/Products/Release-iphoneos/EXUpdatesInterface/EXUpdatesInterface.modulemap -Xcc -fmodule-map-file\=/Users/runner/work/Bangumi/Bangumi/ios/build/Build/Products/Release-iphoneos/Expo/Expo.modulemap -Xcc -fmodule-map-file\=/Users/runner/work/Bangumi/Bangumi/ios/build/Build/Products/Release-iphoneos/ExpoAsset/ExpoAsset.modulemap -Xcc -fmodule-map-file\=/Users/runner/work/Bangumi/Bangumi/ios/build/Build/Products/Release-iphoneos/ExpoBlur/ExpoBlur.modulemap -Xcc -fmodule-map-file\=/Users/runner/work/Bangumi/Bangumi/ios/build/Build/Products/Release-iphoneos/ExpoCalendar/ExpoCalendar.modulemap -Xcc -fmodule-map-file\=/Users/runner/work/Bangumi/Bangumi/ios/build/Build/Products/Release-iphoneos/ExpoDevice/ExpoDevice.modulemap -Xcc -fmodule-map-file\=/Users/runner/work/Bangumi/Bangumi/ios/build/Build/Products/Release-iphoneos/ExpoDomWebView/ExpoDomWebView.modulemap -Xcc -fmodule-map-file\=/Users/runner/work/Bangumi/Bangumi/ios/build/Build/Products/Release-iphoneos/ExpoHaptics/ExpoHaptics.modulemap -Xcc -fmodule-map-file\=/Users/runner/work/Bangumi/Bangumi/ios/build/Build/Products/Release-iphoneos/ExpoKeepAwake/ExpoKeepAwake.modulemap -Xcc -fmodule-map-file\=/Users/runner/work/Bangumi/Bangumi/ios/build/Build/Products/Release-iphoneos/ExpoLinearGradient/ExpoLinearGradient.modulemap -Xcc -fmodule-map-file\=/Users/runner/work/Bangumi/Bangumi/ios/build/Build/Products/Release-iphoneos/ExpoLogBox/ExpoLogBox.modulemap -Xcc -fmodule-map-file\=/Users/runner/work/Bangumi/Bangumi/ios/build/Build/Products/Release-iphoneos/ExpoScreenOrientation/ExpoScreenOrientation.modulemap -Xcc -fmodule-map-file\=/Users/runner/work/Bangumi/Bangumi/ios/build/Build/Products/Release-iphoneos/ExpoSpeech/ExpoSpeech.modulemap -Xcc -fmodule-map-file\=/Users/runner/work/Bangumi/Bangumi/ios/build/Build/Products/Release-iphoneos/ExpoSplashScreen/ExpoSplashScreen.modulemap -Xcc -fmodule-map-file\=/Users/runner/work/Bangumi/Bangumi/ios/build/Build/Products/Release-iphoneos/ExpoWebBrowser/ExpoWebBrowser.modulemap -Xcc -fmodule-map-file\=/Users/runner/work/Bangumi/Bangumi/ios/build/Build/Products/Release-iphoneos/RNScreens/RNScreens.modulemap -Xcc -fmodule-map-file\=/Users/runner/work/Bangumi/Bangumi/ios/build/Build/Products/Release-iphoneos/ReachabilitySwift/Reachability.modulemap -Xcc -fmodule-map-file\=/Users/runner/work/Bangumi/Bangumi/ios/build/Build/Products/Release-iphoneos/SwiftUIIntrospect/SwiftUIIntrospect.modulemap -Xcc -fmodule-map-file\=/Users/runner/work/Bangumi/Bangumi/ios/build/Build/Products/Release-iphoneos/react-native-actions-shortcuts/react_native_actions_shortcuts.modulemap -Xcc -fmodule-map-file\=/Users/runner/work/Bangumi/Bangumi/ios/build/Build/Products/Release-iphoneos/react-native-pager-view/react_native_pager_view.modulemap -Xcc -fmodule-map-file\=/Users/runner/work/Bangumi/Bangumi/ios/Pods/Headers/Private/SDWebImageWebPCoder/SDWebImageWebPCoder.modulemap -Xcc -fmodule-map-file\=/Users/runner/work/Bangumi/Bangumi/ios/Pods/Headers/Public/EXJSONUtils/EXJSONUtils.modulemap -Xcc -fmodule-map-file\=/Users/runner/work/Bangumi/Bangumi/ios/Pods/Headers/Public/EXStructuredHeaders/EXStructuredHeaders.modulemap -Xcc -fmodule-map-file\=/Users/runner/work/Bangumi/Bangumi/ios/Pods/Headers/Public/ExpoModulesWorkletsAdapter/ExpoModulesWorkletsAdapter.modulemap -Xcc -fmodule-map-file\=/Users/runner/work/Bangumi/Bangumi/ios/Pods/Headers/Public/ReactAppDependencyProvider/ReactAppDependencyProvider.modulemap -Xcc -fmodule-map-file\=/Users/runner/work/Bangumi/Bangumi/ios/Pods/Headers/Public/ReactCodegen/ReactCodegen.modulemap -Xcc -fmodule-map-file\=/Users/runner/work/Bangumi/Bangumi/ios/Pods/Headers/Public/SDWebImage/SDWebImage.modulemap -Xcc -fmodule-map-file\=/Users/runner/work/Bangumi/Bangumi/ios/Pods/Headers/Public/reanimated/RNReanimated.modulemap -Xcc -fmodule-map-file\=/Users/runner/work/Bangumi/Bangumi/ios/Pods/Headers/Public/worklets/RNWorklets.modulemap -Xcc -ivfsoverlay -Xcc /Users/runner/work/Bangumi/Bangumi/ios/Pods/React-Core-prebuilt/React-VFS.yaml -Xcc -Wno-incomplete-umbrella -Xcc -ivfsstatcache -Xcc /Users/runner/work/Bangumi/Bangumi/ios/build/SDKStatCaches.noindex/iphoneos26.5-23F81a-688ef53f1462e2c8f657fdc38a81448fee66e23052a0157c865c76b268046726.sdkstatcache -Xcc -I/Users/runner/work/Bangumi/Bangumi/ios/build/Build/Intermediates.noindex/Bangumi.build/Release-iphoneos/Bangumi.build/swift-overrides.hmap -Xcc -iquote -Xcc /Users/runner/work/Bangumi/Bangumi/ios/build/Build/Intermediates.noindex/Bangumi.build/Release-iphoneos/Bangumi.build/Bangumi-generated-files.hmap -Xcc -I/Users/runner/work/Bangumi/Bangumi/ios/build/Build/Intermediates.noindex/Bangumi.build/Release-iphoneos/Bangumi.build/Bangumi-own-target-headers.hmap -Xcc -I/Users/runner/work/Bangumi/Bangumi/ios/build/Build/Intermediates.noindex/Bangumi.build/Release-iphoneos/Bangumi.build/Bangumi-all-non-framework-target-headers.hmap -Xcc -ivfsoverlay -Xcc /Users/runner/work/Bangumi/Bangumi/ios/build/Build/Intermediates.noindex/Bangumi.build/Release-iphoneos/Bangumi-8d42bff5180cffac96852f88f8ac1ba7-VFS-iphoneos/all-product-headers.yaml -Xcc -iquote -Xcc /Users/runner/work/Bangumi/Bangumi/ios/build/Build/Intermediates.noindex/Bangumi.build/Release-iphoneos/Bangumi.build/Bangumi-project-headers.hmap -Xcc -iquote -Xcc /Users/runner/work/Bangumi/Bangumi/ios/libwebp/src -Xcc -I/Users/runner/work/Bangumi/Bangumi/ios/build/Build/Products/Release-iphoneos/include -Xcc -I/Users/runner/work/Bangumi/Bangumi/ios/Pods/Headers/Public -Xcc -I/Users/runner/work/Bangumi/Bangumi/ios/Pods/Headers/Public/EXConstants -Xcc -I/Users/runner/work/Bangumi/Bangumi/ios/Pods/Headers/Public/EXJSONUtils -Xcc -I/Users/runner/work/Bangumi/Bangumi/ios/Pods/Headers/Public/EXStructuredHeaders -Xcc -I/Users/runner/work/Bangumi/Bangumi/ios/Pods/Headers/Public/EXUpdates -Xcc -I/Users/runner/work/Bangumi/Bangumi/ios/Pods/Headers/Public/Expo -Xcc -I/Users/runner/work/Bangumi/Bangumi/ios/Pods/Headers/Public/ExpoModulesWorkletsAdapter -Xcc -I/Users/runner/work/Bangumi/Bangumi/ios/Pods/Headers/Public/ExpoScreenOrientation -Xcc -I/Users/runner/work/Bangumi/Bangumi/ios/Pods/Headers/Public/FBLazyVector -Xcc -I/Users/runner/work/Bangumi/Bangumi/ios/Pods/Headers/Public/RCTDeprecation -Xcc -I/Users/runner/work/Bangumi/Bangumi/ios/Pods/Headers/Public/RCTRequired -Xcc -I/Users/runner/work/Bangumi/Bangumi/ios/Pods/Headers/Public/RCTRestart -Xcc -I/Users/runner/work/Bangumi/Bangumi/ios/Pods/Headers/Public/RCTSwiftUIWrapper -Xcc -I/Users/runner/work/Bangumi/Bangumi/ios/Pods/Headers/Public/RCTTypeSafety -Xcc -I/Users/runner/work/Bangumi/Bangumi/ios/Pods/Headers/Public/RNCAsyncStorage -Xcc -I/Users/runner/work/Bangumi/Bangumi/ios/Pods/Headers/Public/RNCMaskedView -Xcc -I/Users/runner/work/Bangumi/Bangumi/ios/Pods/Headers/Public/RNCalendarEvents -Xcc -I/Users/runner/work/Bangumi/Bangumi/ios/Pods/Headers/Public/RNFS -Xcc -I/Users/runner/work/Bangumi/Bangumi/ios/Pods/Headers/Public/RNFastImage -Xcc -I/Users/runner/work/Bangumi/Bangumi/ios/Pods/Headers/Public/RNGestureHandler -Xcc -I/Users/runner/work/Bangumi/Bangumi/ios/Pods/Headers/Public/RNReanimated -Xcc -I/Users/runner/work/Bangumi/Bangumi/ios/Pods/Headers/Public/RNSVG -Xcc -I/Users/runner/work/Bangumi/Bangumi/ios/Pods/Headers/Public/RNScreens -Xcc -I/Users/runner/work/Bangumi/Bangumi/ios/Pods/Headers/Public/RNWorklets -Xcc -I/Users/runner/work/Bangumi/Bangumi/ios/Pods/Headers/Public/React-Core -Xcc -I/Users/runner/work/Bangumi/Bangumi/ios/Pods/Headers/Public/React-Core-prebuilt -Xcc -I/Users/runner/work/Bangumi/Bangumi/ios/Pods/Headers/Public/React-CoreModules -Xcc -I/Users/runner/work/Bangumi/Bangumi/ios/Pods/Headers/Public/React-Fabric -Xcc -I/Users/runner/work/Bangumi/Bangumi/ios/Pods/Headers/Public/React-FabricComponents -Xcc -I/Users/runner/work/Bangumi/Bangumi/ios/Pods/Headers/Public/React-FabricImage -Xcc -I/Users/runner/work/Bangumi/Bangumi/ios/Pods/Headers/Public/React-ImageManager -Xcc -I/Users/runner/work/Bangumi/Bangumi/ios/Pods/Headers/Public/React-Mapbuffer -Xcc -I/Users/runner/work/Bangumi/Bangumi/ios/Pods/Headers/Public/React-NativeModulesApple -Xcc -I/Users/runner/work/Bangumi/Bangumi/ios/Pods/Headers/Public/React-RCTAnimation -Xcc -I/Users/runner/work/Bangumi/Bangumi/ios/Pods/Headers/Public/React-RCTAppDelegate -Xcc -I/Users/runner/work/Bangumi/Bangumi/ios/Pods/Headers/Public/React-RCTBlob -Xcc -I/Users/runner/work/Bangumi/Bangumi/ios/Pods/Headers/Public/React-RCTFBReactNativeSpec -Xcc -I/Users/runner/work/Bangumi/Bangumi/ios/Pods/Headers/Public/React-RCTFabric -Xcc -I/Users/runner/work/Bangumi/Bangumi/ios/Pods/Headers/Public/React-RCTImage -Xcc -I/Users/runner/work/Bangumi/Bangumi/ios/Pods/Headers/Public/React-RCTRuntime -Xcc -I/Users/runner/work/Bangumi/Bangumi/ios/Pods/Headers/Public/React-RCTSettings -Xcc -I/Users/runner/work/Bangumi/Bangumi/ios/Pods/Headers/Public/React-RCTText -Xcc -I/Users/runner/work/Bangumi/Bangumi/ios/Pods/Headers/Public/React-RCTVibration -Xcc -I/Users/runner/work/Bangumi/Bangumi/ios/Pods/Headers/Public/React-RuntimeApple -Xcc -I/Users/runner/work/Bangumi/Bangumi/ios/Pods/Headers/Public/React-RuntimeCore -Xcc -I/Users/runner/work/Bangumi/Bangumi/ios/Pods/Headers/Public/React-RuntimeHermes -Xcc -I/Users/runner/work/Bangumi/Bangumi/ios/Pods/Headers/Public/React-callinvoker -Xcc -I/Users/runner/work/Bangumi/Bangumi/ios/Pods/Headers/Public/React-cxxreact -Xcc -I/Users/runner/work/Bangumi/Bangumi/ios/Pods/Headers/Public/React-debug -Xcc -I/Users/runner/work/Bangumi/Bangumi/ios/Pods/Headers/Public/React-defaultsnativemodule -Xcc -I/Users/runner/work/Bangumi/Bangumi/ios/Pods/Headers/Public/React-domnativemodule -Xcc -I/Users/runner/work/Bangumi/Bangumi/ios/Pods/Headers/Public/React-featureflags -Xcc -I/Users/runner/work/Bangumi/Bangumi/ios/Pods/Headers/Public/React-featureflagsnativemodule -Xcc -I/Users/runner/work/Bangumi/Bangumi/ios/Pods/Headers/Public/React-graphics -Xcc -I/Users/runner/work/Bangumi/Bangumi/ios/Pods/Headers/Public/React-hermes -Xcc -I/Users/runner/work/Bangumi/Bangumi/ios/Pods/Headers/Public/React-idlecallbacksnativemodule -Xcc -I/Users/runner/work/Bangumi/Bangumi/ios/Pods/Headers/Public/React-intersectionobservernativemodule -Xcc -I/Users/runner/work/Bangumi/Bangumi/ios/Pods/Headers/Public/React-jserrorhandler -Xcc -I/Users/runner/work/Bangumi/Bangumi/ios/Pods/Headers/Public/React-jsi -Xcc -I/Users/runner/work/Bangumi/Bangumi/ios/Pods/Headers/Public/React-jsiexecutor -Xcc -I/Users/runner/work/Bangumi/Bangumi/ios/Pods/Headers/Public/React-jsinspector -Xcc -I/Users/runner/work/Bangumi/Bangumi/ios/Pods/Headers/Public/React-jsinspectorcdp -Xcc -I/Users/runner/work/Bangumi/Bangumi/ios/Pods/Headers/Public/React-jsinspectornetwork -Xcc -I/Users/runner/work/Bangumi/Bangumi/ios/Pods/Headers/Public/React-jsinspectortracing -Xcc -I/Users/runner/work/Bangumi/Bangumi/ios/Pods/Headers/Public/React-jsitooling -Xcc -I/Users/runner/work/Bangumi/Bangumi/ios/Pods/Headers/Public/React-logger -Xcc -I/Users/runner/work/Bangumi/Bangumi/ios/Pods/Headers/Public/React-microtasksnativemodule -Xcc -I/Users/runner/work/Bangumi/Bangumi/ios/Pods/Headers/Public/React-mutationobservernativemodule -Xcc -I/Users/runner/work/Bangumi/Bangumi/ios/Pods/Headers/Public/React-networking -Xcc -I/Users/runner/work/Bangumi/Bangumi/ios/Pods/Headers/Public/React-oscompat -Xcc -I/Users/runner/work/Bangumi/Bangumi/ios/Pods/Headers/Public/React-perflogger -Xcc -I/Users/runner/work/Bangumi/Bangumi/ios/Pods/Headers/Public/React-performancecdpmetrics -Xcc -I/Users/runner/work/Bangumi/Bangumi/ios/Pods/Headers/Public/React-performancetimeline -Xcc -I/Users/runner/work/Bangumi/Bangumi/ios/Pods/Headers/Public/React-rendererconsistency -Xcc -I/Users/runner/work/Bangumi/Bangumi/ios/Pods/Headers/Public/React-renderercss -Xcc -I/Users/runner/work/Bangumi/Bangumi/ios/Pods/Headers/Public/React-rendererdebug -Xcc -I/Users/runner/work/Bangumi/Bangumi/ios/Pods/Headers/Public/React-runtimeexecutor -Xcc -I/Users/runner/work/Bangumi/Bangumi/ios/Pods/Headers/Public/React-runtimescheduler -Xcc -I/Users/runner/work/Bangumi/Bangumi/ios/Pods/Headers/Public/React-timing -Xcc -I/Users/runner/work/Bangumi/Bangumi/ios/Pods/Headers/Public/React-utils -Xcc -I/Users/runner/work/Bangumi/Bangumi/ios/Pods/Headers/Public/React-viewtransitionnativemodule -Xcc -I/Users/runner/work/Bangumi/Bangumi/ios/Pods/Headers/Public/React-webperformancenativemodule -Xcc -I/Users/runner/work/Bangumi/Bangumi/ios/Pods/Headers/Public/ReactAppDependencyProvider -Xcc -I/Users/runner/work/Bangumi/Bangumi/ios/Pods/Headers/Public/ReactCodegen -Xcc -I/Users/runner/work/Bangumi/Bangumi/ios/Pods/Headers/Public/ReactCommon -Xcc -I/Users/runner/work/Bangumi/Bangumi/ios/Pods/Headers/Public/ReactNativeDependencies -Xcc -I/Users/runner/work/Bangumi/Bangumi/ios/Pods/Headers/Public/ReactNativeExceptionHandler -Xcc -I/Users/runner/work/Bangumi/Bangumi/ios/Pods/Headers/Public/SDWebImage -Xcc -I/Users/runner/work/Bangumi/Bangumi/ios/Pods/Headers/Public/SDWebImageWebPCoder -Xcc -I/Users/runner/work/Bangumi/Bangumi/ios/Pods/Headers/Public/Yoga -Xcc -I/Users/runner/work/Bangumi/Bangumi/ios/Pods/Headers/Public/hermes-engine -Xcc -I/Users/runner/work/Bangumi/Bangumi/ios/Pods/Headers/Public/libwebp -Xcc -I/Users/runner/work/Bangumi/Bangumi/ios/Pods/Headers/Public/react-native-actions-shortcuts -Xcc -I/Users/runner/work/Bangumi/Bangumi/ios/Pods/Headers/Public/react-native-blur -Xcc -I/Users/runner/work/Bangumi/Bangumi/ios/Pods/Headers/Public/react-native-cameraroll -Xcc -I/Users/runner/work/Bangumi/Bangumi/ios/Pods/Headers/Public/react-native-pager-view -Xcc -I/Users/runner/work/Bangumi/Bangumi/ios/Pods/Headers/Public/react-native-safe-area-context -Xcc -I/Users/runner/work/Bangumi/Bangumi/ios/Pods/Headers/Public/react-native-slider -Xcc -I/Users/runner/work/Bangumi/Bangumi/ios/Pods/Headers/Public/react-native-webview -Xcc -I/Users/runner/work/Bangumi/Bangumi/ios/Pods/Headers/Public/rn-fetch-blob -Xcc -I/Users/runner/work/Bangumi/Bangumi/ios/build/Build/Products/Release-iphoneos/EXManifests/Swift\ Compatibility\ Header -Xcc -I/Users/runner/work/Bangumi/Bangumi/ios/build/Build/Products/Release-iphoneos/EXUpdates/Swift\ Compatibility\ Header -Xcc -I/Users/runner/work/Bangumi/Bangumi/ios/build/Build/Products/Release-iphoneos/EXUpdatesInterface/Swift\ Compatibility\ Header -Xcc -I/Users/runner/work/Bangumi/Bangumi/ios/build/Build/Products/Release-iphoneos/Expo/Swift\ Compatibility\ Header -Xcc -I/Users/runner/work/Bangumi/Bangumi/ios/Pods/Headers/Private/Yoga -Xcc -I/Users/runner/work/Bangumi/Bangumi/ios/build/Build/Products/Release-iphoneos/ExpoModulesCore/Swift\ Compatibility\ Header -Xcc -I/Users/runner/work/Bangumi/Bangumi/ios/Pods/Headers/Private/Yoga -Xcc -I/Users/runner/work/Bangumi/Bangumi/ios/build/Build/Products/Release-iphoneos/ExpoScreenOrientation/Swift\ Compatibility\ Header -Xcc -I/Users/runner/work/Bangumi/Bangumi/ios/Pods/boost -Xcc -I/Users/runner/work/Bangumi/Bangumi/ios/Pods/boost-for-react-native -Xcc -I/Users/runner/work/Bangumi/Bangumi/ios/Pods/glog -Xcc -I/Users/runner/work/Bangumi/Bangumi/ios/Pods/RCT-Folly -Xcc -I/Users/runner/work/Bangumi/Bangumi/ios/Pods/Headers/Public/React-hermes -Xcc -I/Users/runner/work/Bangumi/Bangumi/ios/Pods/Headers/Public/hermes-engine -Xcc -I/Users/runner/work/Bangumi/Bangumi/ios/Pods/Headers/Public/RNWorklets -Xcc -I/Users/runner/work/Bangumi/Bangumi/node_modules/react-native/ReactCommon -Xcc -I/Users/runner/work/Bangumi/Bangumi/node_modules/react-native/ReactCommon/jsitooling -Xcc -I/Users/runner/work/Bangumi/Bangumi/ios/Pods/boost -Xcc -I/Users/runner/work/Bangumi/Bangumi/ios/Pods/boost-for-react-native -Xcc -I/Users/runner/work/Bangumi/Bangumi/ios/Pods/glog -Xcc -I/Users/runner/work/Bangumi/Bangumi/ios/Pods/RCT-Folly -Xcc -I/Users/runner/work/Bangumi/Bangumi/ios/Pods/Headers/Public/React-hermes -Xcc -I/Users/runner/work/Bangumi/Bangumi/ios/Pods/Headers/Public/hermes-engine -Xcc -I/Users/runner/work/Bangumi/Bangumi/node_modules/react-native/ReactCommon -Xcc -I/Users/runner/work/Bangumi/Bangumi/node_modules/react-native/ReactCommon/jsitooling -Xcc -I/Users/runner/work/Bangumi/Bangumi/ios/Pods/Headers/Private/React-Core -Xcc -I/Users/runner/work/Bangumi/Bangumi/ios/Pods/Headers/Private/React-Core -Xcc -I/Users/runner/work/Bangumi/Bangumi/ios/Pods/Headers/Private/Yoga -Xcc -I/Users/runner/work/Bangumi/Bangumi/ios/Pods/ExpoModulesCore/ExpoModulesCore.xcframework/ios-arm64_x86_64-simulator/ExpoModulesCore.framework/Headers -Xcc -I/Users/runner/work/Bangumi/Bangumi/ios/Pods/ExpoModulesCore/ExpoModulesCore.xcframework/ios-arm64/ExpoModulesCore.framework/Headers -Xcc -I/Users/runner/work/Bangumi/Bangumi/ios/build/Build/Intermediates.noindex/Bangumi.build/Release-iphoneos/Bangumi.build/DerivedSources-normal/arm64 -Xcc -I/Users/runner/work/Bangumi/Bangumi/ios/build/Build/Intermediates.noindex/Bangumi.build/Release-iphoneos/Bangumi.build/DerivedSources/arm64 -Xcc -I/Users/runner/work/Bangumi/Bangumi/ios/build/Build/Intermediates.noindex/Bangumi.build/Release-iphoneos/Bangumi.build/DerivedSources -Xcc -DCOCOAPODS\=1 -Xcc -DSD_WEBP\=1 -no-auto-bridging-header-chaining -module-name Bangumi -frontend-parseable-output -disable-clang-spi -target-sdk-version 26.5 -target-sdk-name iphoneos26.5 -external-plugin-path /Applications/Xcode_26.6.app/Contents/Developer/Platforms/iPhoneOS.platform/Developer/usr/lib/swift/host/plugins\#/Applications/Xcode_26.6.app/Contents/Developer/Platforms/iPhoneOS.platform/Developer/usr/bin/swift-plugin-server -external-plugin-path /Applications/Xcode_26.6.app/Contents/Developer/Platforms/iPhoneOS.platform/Developer/usr/local/lib/swift/host/plugins\#/Applications/Xcode_26.6.app/Contents/Developer/Platforms/iPhoneOS.platform/Developer/usr/bin/swift-plugin-server -in-process-plugin-server-path /Applications/Xcode_26.6.app/Contents/Developer/Toolchains/XcodeDefault.xctoolchain/usr/lib/swift/host/libSwiftInProcPluginServer.dylib -plugin-path /Applications/Xcode_26.6.app/Contents/Developer/Toolchains/XcodeDefault.xctoolchain/usr/lib/swift/host/plugins -plugin-path /Applications/Xcode_26.6.app/Contents/Developer/Toolchains/XcodeDefault.xctoolchain/usr/local/lib/swift/host/plugins -emit-module-doc-path /Users/runner/work/Bangumi/Bangumi/ios/build/Build/Intermediates.noindex/Bangumi.build/Release-iphoneos/Bangumi.build/Objects-normal/arm64/Bangumi.swiftdoc -emit-module-source-info-path /Users/runner/work/Bangumi/Bangumi/ios/build/Build/Intermediates.noindex/Bangumi.build/Release-iphoneos/Bangumi.build/Objects-normal/arm64/Bangumi.swiftsourceinfo -emit-objc-header-path /Users/runner/work/Bangumi/Bangumi/ios/build/Build/Intermediates.noindex/Bangumi.build/Release-iphoneos/Bangumi.build/Objects-normal/arm64/Bangumi-Swift.h -serialize-diagnostics-path /Users/runner/work/Bangumi/Bangumi/ios/build/Build/Intermediates.noindex/Bangumi.build/Release-iphoneos/Bangumi.build/Objects-normal/arm64/Bangumi-primary-emit-module.dia -emit-dependencies-path /Users/runner/work/Bangumi/Bangumi/ios/build/Build/Intermediates.noindex/Bangumi.build/Release-iphoneos/Bangumi.build/Objects-normal/arm64/Bangumi-primary-emit-module.d -o /Users/runner/work/Bangumi/Bangumi/ios/build/Build/Intermediates.noindex/Bangumi.build/Release-iphoneos/Bangumi.build/Objects-normal/arm64/Bangumi.swiftmodule -emit-abi-descriptor-path /Users/runner/work/Bangumi/Bangumi/ios/build/Build/Intermediates.noindex/Bangumi.build/Release-iphoneos/Bangumi.build/Objects-normal/arm64/Bangumi.abi.json
SwiftCompile normal arm64 Compiling\ GeneratedAssetSymbols.swift /Users/runner/work/Bangumi/Bangumi/ios/build/Build/Intermediates.noindex/Bangumi.build/Release-iphoneos/Bangumi.build/DerivedSources/GeneratedAssetSymbols.swift (in target 'Bangumi' from project 'Bangumi')
Failed frontend command:
/Applications/Xcode_26.6.app/Contents/Developer/Toolchains/XcodeDefault.xctoolchain/usr/bin/swift-frontend -frontend -c /Users/runner/work/Bangumi/Bangumi/ios/Bangumi/AppDelegate.swift /Users/runner/work/Bangumi/Bangumi/ios/Pods/Target\ Support\ Files/Pods-Bangumi/ExpoModulesProvider.swift -primary-file /Users/runner/work/Bangumi/Bangumi/ios/build/Build/Intermediates.noindex/Bangumi.build/Release-iphoneos/Bangumi.build/DerivedSources/GeneratedAssetSymbols.swift -emit-dependencies-path /Users/runner/work/Bangumi/Bangumi/ios/build/Build/Intermediates.noindex/Bangumi.build/Release-iphoneos/Bangumi.build/Objects-normal/arm64/GeneratedAssetSymbols.d -emit-const-values-path /Users/runner/work/Bangumi/Bangumi/ios/build/Build/Intermediates.noindex/Bangumi.build/Release-iphoneos/Bangumi.build/Objects-normal/arm64/GeneratedAssetSymbols.swiftconstvalues -emit-reference-dependencies-path /Users/runner/work/Bangumi/Bangumi/ios/build/Build/Intermediates.noindex/Bangumi.build/Release-iphoneos/Bangumi.build/Objects-normal/arm64/GeneratedAssetSymbols.swiftdeps -serialize-diagnostics-path /Users/runner/work/Bangumi/Bangumi/ios/build/Build/Intermediates.noindex/Bangumi.build/Release-iphoneos/Bangumi.build/Objects-normal/arm64/GeneratedAssetSymbols.dia -target arm64-apple-ios16.4 -Xllvm -aarch64-use-tbi -enable-objc-interop -stack-check -sdk /Applications/Xcode_26.6.app/Contents/Developer/Platforms/iPhoneOS.platform/Developer/SDKs/iPhoneOS26.5.sdk -I /Users/runner/work/Bangumi/Bangumi/ios/build/Build/Products/Release-iphoneos -I /Users/runner/work/Bangumi/Bangumi/ios/build/Build/Products/Release-iphoneos/EASClient -I /Users/runner/work/Bangumi/Bangumi/ios/build/Build/Products/Release-iphoneos/EXConstants -I /Users/runner/work/Bangumi/Bangumi/ios/build/Build/Products/Release-iphoneos/EXManifests -I /Users/runner/work/Bangumi/Bangumi/ios/build/Build/Products/Release-iphoneos/EXUpdates -I /Users/runner/work/Bangumi/Bangumi/ios/build/Build/Products/Release-iphoneos/EXUpdatesInterface -I /Users/runner/work/Bangumi/Bangumi/ios/build/Build/Products/Release-iphoneos/Expo -I /Users/runner/work/Bangumi/Bangumi/ios/build/Build/Products/Release-iphoneos/ExpoAsset -I /Users/runner/work/Bangumi/Bangumi/ios/build/Build/Products/Release-iphoneos/ExpoBlur -I /Users/runner/work/Bangumi/Bangumi/ios/build/Build/Products/Release-iphoneos/ExpoCalendar -I /Users/runner/work/Bangumi/Bangumi/ios/build/Build/Products/Release-iphoneos/ExpoDevice -I /Users/runner/work/Bangumi/Bangumi/ios/build/Build/Products/Release-iphoneos/ExpoDomWebView -I /Users/runner/work/Bangumi/Bangumi/ios/build/Build/Products/Release-iphoneos/ExpoFileSystem -I /Users/runner/work/Bangumi/Bangumi/ios/build/Build/Products/Release-iphoneos/ExpoFont -I /Users/runner/work/Bangumi/Bangumi/ios/build/Build/Products/Release-iphoneos/ExpoHaptics -I /Users/runner/work/Bangumi/Bangumi/ios/build/Build/Products/Release-iphoneos/ExpoImage -I /Users/runner/work/Bangumi/Bangumi/ios/build/Build/Products/Release-iphoneos/ExpoKeepAwake -I /Users/runner/work/Bangumi/Bangumi/ios/build/Build/Products/Release-iphoneos/ExpoLinearGradient -I /Users/runner/work/Bangumi/Bangumi/ios/build/Build/Products/Release-iphoneos/ExpoLogBox -I /Users/runner/work/Bangumi/Bangumi/ios/build/Build/Products/Release-iphoneos/ExpoModulesCore -I /Users/runner/work/Bangumi/Bangumi/ios/build/Build/Products/Release-iphoneos/ExpoModulesJSI -I /Users/runner/work/Bangumi/Bangumi/ios/build/Build/Products/Release-iphoneos/ExpoModulesWorklets -I /Users/runner/work/Bangumi/Bangumi/ios/build/Build/Products/Release-iphoneos/ExpoScreenOrientation -I /Users/runner/work/Bangumi/Bangumi/ios/build/Build/Products/Release-iphoneos/ExpoSpeech -I /Users/runner/work/Bangumi/Bangumi/ios/build/Build/Products/Release-iphoneos/ExpoSplashScreen -I /Users/runner/work/Bangumi/Bangumi/ios/build/Build/Products/Release-iphoneos/ExpoWebBrowser -I /Users/runner/work/Bangumi/Bangumi/ios/build/Build/Products/Release-iphoneos/RNScreens -I /Users/runner/work/Bangumi/Bangumi/ios/build/Build/Products/Release-iphoneos/ReachabilitySwift -I /Users/runner/work/Bangumi/Bangumi/ios/build/Build/Products/Release-iphoneos/SwiftUIIntrospect -I /Users/runner/work/Bangumi/Bangumi/ios/build/Build/Products/Release-iphoneos/react-native-actions-shortcuts -I /Users/runner/work/Bangumi/Bangumi/ios/build/Build/Products/Release-iphoneos/react-native-pager-view -F /Users/runner/work/Bangumi/Bangumi/ios/build/Build/Products/Release-iphoneos -F /Users/runner/work/Bangumi/Bangumi/node_modules/expo-modules-jsi/apple/Products -F /Users/runner/work/Bangumi/Bangumi/ios/Pods/ExpoFileSystem -F /Users/runner/work/Bangumi/Bangumi/ios/Pods/ExpoFont -F /Users/runner/work/Bangumi/Bangumi/ios/Pods/ExpoImage -F /Users/runner/work/Bangumi/Bangumi/ios/Pods/ExpoModulesCore -F /Users/runner/work/Bangumi/Bangumi/ios/Pods/ExpoModulesWorklets -F /Users/runner/work/Bangumi/Bangumi/ios/Pods/React-Core-prebuilt -F /Users/runner/work/Bangumi/Bangumi/ios/Pods/ReactNativeDependencies/framework/packages/react-native -F /Users/runner/work/Bangumi/Bangumi/ios/Pods/hermes-engine/destroot/Library/Frameworks/universal -F /Users/runner/work/Bangumi/Bangumi/ios/build/Build/Products/Release-iphoneos/XCFrameworkIntermediates/ExpoFileSystem -F /Users/runner/work/Bangumi/Bangumi/ios/build/Build/Products/Release-iphoneos/XCFrameworkIntermediates/ExpoFont -F /Users/runner/work/Bangumi/Bangumi/ios/build/Build/Products/Release-iphoneos/XCFrameworkIntermediates/ExpoImage -F /Users/runner/work/Bangumi/Bangumi/ios/build/Build/Products/Release-iphoneos/XCFrameworkIntermediates/ExpoModulesCore -F /Users/runner/work/Bangumi/Bangumi/ios/build/Build/Products/Release-iphoneos/XCFrameworkIntermediates/ExpoModulesJSI -F /Users/runner/work/Bangumi/Bangumi/ios/build/Build/Products/Release-iphoneos/XCFrameworkIntermediates/ExpoModulesWorklets -F /Users/runner/work/Bangumi/Bangumi/ios/build/Build/Products/Release-iphoneos/XCFrameworkIntermediates/React-Core-prebuilt -F /Users/runner/work/Bangumi/Bangumi/ios/build/Build/Products/Release-iphoneos/XCFrameworkIntermediates/ReactNativeDependencies -F /Users/runner/work/Bangumi/Bangumi/ios/build/Build/Products/Release-iphoneos/XCFrameworkIntermediates/hermes-engine/Pre-built -no-color-diagnostics -Xcc -fno-color-diagnostics -g -debug-info-format\=dwarf -dwarf-version\=4 -module-cache-path /Users/runner/work/Bangumi/Bangumi/ios/build/ModuleCache.noindex -suppress-warnings -swift-version 5 -O -D COCOAPODS -D EXPO_CONFIGURATION_RELEASE -serialize-debugging-options -const-gather-protocols-file /Users/runner/work/Bangumi/Bangumi/ios/build/Build/Intermediates.noindex/Bangumi.build/Release-iphoneos/Bangumi.build/Objects-normal/arm64/Bangumi_const_extract_protocols.json -enable-experimental-feature DebugDescriptionMacro -enable-bare-slash-regex -empty-abi-descriptor -validate-clang-modules-once -clang-build-session-file /Users/runner/work/Bangumi/Bangumi/ios/build/ModuleCache.noindex/Session.modulevalidation -Xcc -working-directory -Xcc /Users/runner/work/Bangumi/Bangumi/ios -file-compilation-dir /Users/runner/work/Bangumi/Bangumi/ios -Xcc -fmodule-map-file\=/Users/runner/work/Bangumi/Bangumi/ios/build/Build/Products/Release-iphoneos/EASClient/EASClient.modulemap -Xcc -fmodule-map-file\=/Users/runner/work/Bangumi/Bangumi/ios/build/Build/Products/Release-iphoneos/EXConstants/EXConstants.modulemap -Xcc -fmodule-map-file\=/Users/runner/work/Bangumi/Bangumi/ios/build/Build/Products/Release-iphoneos/EXManifests/EXManifests.modulemap -Xcc -fmodule-map-file\=/Users/runner/work/Bangumi/Bangumi/ios/build/Build/Products/Release-iphoneos/EXUpdates/EXUpdates.modulemap -Xcc -fmodule-map-file\=/Users/runner/work/Bangumi/Bangumi/ios/build/Build/Products/Release-iphoneos/EXUpdatesInterface/EXUpdatesInterface.modulemap -Xcc -fmodule-map-file\=/Users/runner/work/Bangumi/Bangumi/ios/build/Build/Products/Release-iphoneos/Expo/Expo.modulemap -Xcc -fmodule-map-file\=/Users/runner/work/Bangumi/Bangumi/ios/build/Build/Products/Release-iphoneos/ExpoAsset/ExpoAsset.modulemap -Xcc -fmodule-map-file\=/Users/runner/work/Bangumi/Bangumi/ios/build/Build/Products/Release-iphoneos/ExpoBlur/ExpoBlur.modulemap -Xcc -fmodule-map-file\=/Users/runner/work/Bangumi/Bangumi/ios/build/Build/Products/Release-iphoneos/ExpoCalendar/ExpoCalendar.modulemap -Xcc -fmodule-map-file\=/Users/runner/work/Bangumi/Bangumi/ios/build/Build/Products/Release-iphoneos/ExpoDevice/ExpoDevice.modulemap -Xcc -fmodule-map-file\=/Users/runner/work/Bangumi/Bangumi/ios/build/Build/Products/Release-iphoneos/ExpoDomWebView/ExpoDomWebView.modulemap -Xcc -fmodule-map-file\=/Users/runner/work/Bangumi/Bangumi/ios/build/Build/Products/Release-iphoneos/ExpoHaptics/ExpoHaptics.modulemap -Xcc -fmodule-map-file\=/Users/runner/work/Bangumi/Bangumi/ios/build/Build/Products/Release-iphoneos/ExpoKeepAwake/ExpoKeepAwake.modulemap -Xcc -fmodule-map-file\=/Users/runner/work/Bangumi/Bangumi/ios/build/Build/Products/Release-iphoneos/ExpoLinearGradient/ExpoLinearGradient.modulemap -Xcc -fmodule-map-file\=/Users/runner/work/Bangumi/Bangumi/ios/build/Build/Products/Release-iphoneos/ExpoLogBox/ExpoLogBox.modulemap -Xcc -fmodule-map-file\=/Users/runner/work/Bangumi/Bangumi/ios/build/Build/Products/Release-iphoneos/ExpoScreenOrientation/ExpoScreenOrientation.modulemap -Xcc -fmodule-map-file\=/Users/runner/work/Bangumi/Bangumi/ios/build/Build/Products/Release-iphoneos/ExpoSpeech/ExpoSpeech.modulemap -Xcc -fmodule-map-file\=/Users/runner/work/Bangumi/Bangumi/ios/build/Build/Products/Release-iphoneos/ExpoSplashScreen/ExpoSplashScreen.modulemap -Xcc -fmodule-map-file\=/Users/runner/work/Bangumi/Bangumi/ios/build/Build/Products/Release-iphoneos/ExpoWebBrowser/ExpoWebBrowser.modulemap -Xcc -fmodule-map-file\=/Users/runner/work/Bangumi/Bangumi/ios/build/Build/Products/Release-iphoneos/RNScreens/RNScreens.modulemap -Xcc -fmodule-map-file\=/Users/runner/work/Bangumi/Bangumi/ios/build/Build/Products/Release-iphoneos/ReachabilitySwift/Reachability.modulemap -Xcc -fmodule-map-file\=/Users/runner/work/Bangumi/Bangumi/ios/build/Build/Products/Release-iphoneos/SwiftUIIntrospect/SwiftUIIntrospect.modulemap -Xcc -fmodule-map-file\=/Users/runner/work/Bangumi/Bangumi/ios/build/Build/Products/Release-iphoneos/react-native-actions-shortcuts/react_native_actions_shortcuts.modulemap -Xcc -fmodule-map-file\=/Users/runner/work/Bangumi/Bangumi/ios/build/Build/Products/Release-iphoneos/react-native-pager-view/react_native_pager_view.modulemap -Xcc -fmodule-map-file\=/Users/runner/work/Bangumi/Bangumi/ios/Pods/Headers/Private/SDWebImageWebPCoder/SDWebImageWebPCoder.modulemap -Xcc -fmodule-map-file\=/Users/runner/work/Bangumi/Bangumi/ios/Pods/Headers/Public/EXJSONUtils/EXJSONUtils.modulemap -Xcc -fmodule-map-file\=/Users/runner/work/Bangumi/Bangumi/ios/Pods/Headers/Public/EXStructuredHeaders/EXStructuredHeaders.modulemap -Xcc -fmodule-map-file\=/Users/runner/work/Bangumi/Bangumi/ios/Pods/Headers/Public/ExpoModulesWorkletsAdapter/ExpoModulesWorkletsAdapter.modulemap -Xcc -fmodule-map-file\=/Users/runner/work/Bangumi/Bangumi/ios/Pods/Headers/Public/ReactAppDependencyProvider/ReactAppDependencyProvider.modulemap -Xcc -fmodule-map-file\=/Users/runner/work/Bangumi/Bangumi/ios/Pods/Headers/Public/ReactCodegen/ReactCodegen.modulemap -Xcc -fmodule-map-file\=/Users/runner/work/Bangumi/Bangumi/ios/Pods/Headers/Public/SDWebImage/SDWebImage.modulemap -Xcc -fmodule-map-file\=/Users/runner/work/Bangumi/Bangumi/ios/Pods/Headers/Public/reanimated/RNReanimated.modulemap -Xcc -fmodule-map-file\=/Users/runner/work/Bangumi/Bangumi/ios/Pods/Headers/Public/worklets/RNWorklets.modulemap -Xcc -ivfsoverlay -Xcc /Users/runner/work/Bangumi/Bangumi/ios/Pods/React-Core-prebuilt/React-VFS.yaml -Xcc -Wno-incomplete-umbrella -Xcc -ivfsstatcache -Xcc /Users/runner/work/Bangumi/Bangumi/ios/build/SDKStatCaches.noindex/iphoneos26.5-23F81a-688ef53f1462e2c8f657fdc38a81448fee66e23052a0157c865c76b268046726.sdkstatcache -Xcc -I/Users/runner/work/Bangumi/Bangumi/ios/build/Build/Intermediates.noindex/Bangumi.build/Release-iphoneos/Bangumi.build/swift-overrides.hmap -Xcc -iquote -Xcc /Users/runner/work/Bangumi/Bangumi/ios/build/Build/Intermediates.noindex/Bangumi.build/Release-iphoneos/Bangumi.build/Bangumi-generated-files.hmap -Xcc -I/Users/runner/work/Bangumi/Bangumi/ios/build/Build/Intermediates.noindex/Bangumi.build/Release-iphoneos/Bangumi.build/Bangumi-own-target-headers.hmap -Xcc -I/Users/runner/work/Bangumi/Bangumi/ios/build/Build/Intermediates.noindex/Bangumi.build/Release-iphoneos/Bangumi.build/Bangumi-all-non-framework-target-headers.hmap -Xcc -ivfsoverlay -Xcc /Users/runner/work/Bangumi/Bangumi/ios/build/Build/Intermediates.noindex/Bangumi.build/Release-iphoneos/Bangumi-8d42bff5180cffac96852f88f8ac1ba7-VFS-iphoneos/all-product-headers.yaml -Xcc -iquote -Xcc /Users/runner/work/Bangumi/Bangumi/ios/build/Build/Intermediates.noindex/Bangumi.build/Release-iphoneos/Bangumi.build/Bangumi-project-headers.hmap -Xcc -iquote -Xcc /Users/runner/work/Bangumi/Bangumi/ios/libwebp/src -Xcc -I/Users/runner/work/Bangumi/Bangumi/ios/build/Build/Products/Release-iphoneos/include -Xcc -I/Users/runner/work/Bangumi/Bangumi/ios/Pods/Headers/Public -Xcc -I/Users/runner/work/Bangumi/Bangumi/ios/Pods/Headers/Public/EXConstants -Xcc -I/Users/runner/work/Bangumi/Bangumi/ios/Pods/Headers/Public/EXJSONUtils -Xcc -I/Users/runner/work/Bangumi/Bangumi/ios/Pods/Headers/Public/EXStructuredHeaders -Xcc -I/Users/runner/work/Bangumi/Bangumi/ios/Pods/Headers/Public/EXUpdates -Xcc -I/Users/runner/work/Bangumi/Bangumi/ios/Pods/Headers/Public/Expo -Xcc -I/Users/runner/work/Bangumi/Bangumi/ios/Pods/Headers/Public/ExpoModulesWorkletsAdapter -Xcc -I/Users/runner/work/Bangumi/Bangumi/ios/Pods/Headers/Public/ExpoScreenOrientation -Xcc -I/Users/runner/work/Bangumi/Bangumi/ios/Pods/Headers/Public/FBLazyVector -Xcc -I/Users/runner/work/Bangumi/Bangumi/ios/Pods/Headers/Public/RCTDeprecation -Xcc -I/Users/runner/work/Bangumi/Bangumi/ios/Pods/Headers/Public/RCTRequired -Xcc -I/Users/runner/work/Bangumi/Bangumi/ios/Pods/Headers/Public/RCTRestart -Xcc -I/Users/runner/work/Bangumi/Bangumi/ios/Pods/Headers/Public/RCTSwiftUIWrapper -Xcc -I/Users/runner/work/Bangumi/Bangumi/ios/Pods/Headers/Public/RCTTypeSafety -Xcc -I/Users/runner/work/Bangumi/Bangumi/ios/Pods/Headers/Public/RNCAsyncStorage -Xcc -I/Users/runner/work/Bangumi/Bangumi/ios/Pods/Headers/Public/RNCMaskedView -Xcc -I/Users/runner/work/Bangumi/Bangumi/ios/Pods/Headers/Public/RNCalendarEvents -Xcc -I/Users/runner/work/Bangumi/Bangumi/ios/Pods/Headers/Public/RNFS -Xcc -I/Users/runner/work/Bangumi/Bangumi/ios/Pods/Headers/Public/RNFastImage -Xcc -I/Users/runner/work/Bangumi/Bangumi/ios/Pods/Headers/Public/RNGestureHandler -Xcc -I/Users/runner/work/Bangumi/Bangumi/ios/Pods/Headers/Public/RNReanimated -Xcc -I/Users/runner/work/Bangumi/Bangumi/ios/Pods/Headers/Public/RNSVG -Xcc -I/Users/runner/work/Bangumi/Bangumi/ios/Pods/Headers/Public/RNScreens -Xcc -I/Users/runner/work/Bangumi/Bangumi/ios/Pods/Headers/Public/RNWorklets -Xcc -I/Users/runner/work/Bangumi/Bangumi/ios/Pods/Headers/Public/React-Core -Xcc -I/Users/runner/work/Bangumi/Bangumi/ios/Pods/Headers/Public/React-Core-prebuilt -Xcc -I/Users/runner/work/Bangumi/Bangumi/ios/Pods/Headers/Public/React-CoreModules -Xcc -I/Users/runner/work/Bangumi/Bangumi/ios/Pods/Headers/Public/React-Fabric -Xcc -I/Users/runner/work/Bangumi/Bangumi/ios/Pods/Headers/Public/React-FabricComponents -Xcc -I/Users/runner/work/Bangumi/Bangumi/ios/Pods/Headers/Public/React-FabricImage -Xcc -I/Users/runner/work/Bangumi/Bangumi/ios/Pods/Headers/Public/React-ImageManager -Xcc -I/Users/runner/work/Bangumi/Bangumi/ios/Pods/Headers/Public/React-Mapbuffer -Xcc -I/Users/runner/work/Bangumi/Bangumi/ios/Pods/Headers/Public/React-NativeModulesApple -Xcc -I/Users/runner/work/Bangumi/Bangumi/ios/Pods/Headers/Public/React-RCTAnimation -Xcc -I/Users/runner/work/Bangumi/Bangumi/ios/Pods/Headers/Public/React-RCTAppDelegate -Xcc -I/Users/runner/work/Bangumi/Bangumi/ios/Pods/Headers/Public/React-RCTBlob -Xcc -I/Users/runner/work/Bangumi/Bangumi/ios/Pods/Headers/Public/React-RCTFBReactNativeSpec -Xcc -I/Users/runner/work/Bangumi/Bangumi/ios/Pods/Headers/Public/React-RCTFabric -Xcc -I/Users/runner/work/Bangumi/Bangumi/ios/Pods/Headers/Public/React-RCTImage -Xcc -I/Users/runner/work/Bangumi/Bangumi/ios/Pods/Headers/Public/React-RCTRuntime -Xcc -I/Users/runner/work/Bangumi/Bangumi/ios/Pods/Headers/Public/React-RCTSettings -Xcc -I/Users/runner/work/Bangumi/Bangumi/ios/Pods/Headers/Public/React-RCTText -Xcc -I/Users/runner/work/Bangumi/Bangumi/ios/Pods/Headers/Public/React-RCTVibration -Xcc -I/Users/runner/work/Bangumi/Bangumi/ios/Pods/Headers/Public/React-RuntimeApple -Xcc -I/Users/runner/work/Bangumi/Bangumi/ios/Pods/Headers/Public/React-RuntimeCore -Xcc -I/Users/runner/work/Bangumi/Bangumi/ios/Pods/Headers/Public/React-RuntimeHermes -Xcc -I/Users/runner/work/Bangumi/Bangumi/ios/Pods/Headers/Public/React-callinvoker -Xcc -I/Users/runner/work/Bangumi/Bangumi/ios/Pods/Headers/Public/React-cxxreact -Xcc -I/Users/runner/work/Bangumi/Bangumi/ios/Pods/Headers/Public/React-debug -Xcc -I/Users/runner/work/Bangumi/Bangumi/ios/Pods/Headers/Public/React-defaultsnativemodule -Xcc -I/Users/runner/work/Bangumi/Bangumi/ios/Pods/Headers/Public/React-domnativemodule -Xcc -I/Users/runner/work/Bangumi/Bangumi/ios/Pods/Headers/Public/React-featureflags -Xcc -I/Users/runner/work/Bangumi/Bangumi/ios/Pods/Headers/Public/React-featureflagsnativemodule -Xcc -I/Users/runner/work/Bangumi/Bangumi/ios/Pods/Headers/Public/React-graphics -Xcc -I/Users/runner/work/Bangumi/Bangumi/ios/Pods/Headers/Public/React-hermes -Xcc -I/Users/runner/work/Bangumi/Bangumi/ios/Pods/Headers/Public/React-idlecallbacksnativemodule -Xcc -I/Users/runner/work/Bangumi/Bangumi/ios/Pods/Headers/Public/React-intersectionobservernativemodule -Xcc -I/Users/runner/work/Bangumi/Bangumi/ios/Pods/Headers/Public/React-jserrorhandler -Xcc -I/Users/runner/work/Bangumi/Bangumi/ios/Pods/Headers/Public/React-jsi -Xcc -I/Users/runner/work/Bangumi/Bangumi/ios/Pods/Headers/Public/React-jsiexecutor -Xcc -I/Users/runner/work/Bangumi/Bangumi/ios/Pods/Headers/Public/React-jsinspector -Xcc -I/Users/runner/work/Bangumi/Bangumi/ios/Pods/Headers/Public/React-jsinspectorcdp -Xcc -I/Users/runner/work/Bangumi/Bangumi/ios/Pods/Headers/Public/React-jsinspectornetwork -Xcc -I/Users/runner/work/Bangumi/Bangumi/ios/Pods/Headers/Public/React-jsinspectortracing -Xcc -I/Users/runner/work/Bangumi/Bangumi/ios/Pods/Headers/Public/React-jsitooling -Xcc -I/Users/runner/work/Bangumi/Bangumi/ios/Pods/Headers/Public/React-logger -Xcc -I/Users/runner/work/Bangumi/Bangumi/ios/Pods/Headers/Public/React-microtasksnativemodule -Xcc -I/Users/runner/work/Bangumi/Bangumi/ios/Pods/Headers/Public/React-mutationobservernativemodule -Xcc -I/Users/runner/work/Bangumi/Bangumi/ios/Pods/Headers/Public/React-networking -Xcc -I/Users/runner/work/Bangumi/Bangumi/ios/Pods/Headers/Public/React-oscompat -Xcc -I/Users/runner/work/Bangumi/Bangumi/ios/Pods/Headers/Public/React-perflogger -Xcc -I/Users/runner/work/Bangumi/Bangumi/ios/Pods/Headers/Public/React-performancecdpmetrics -Xcc -I/Users/runner/work/Bangumi/Bangumi/ios/Pods/Headers/Public/React-performancetimeline -Xcc -I/Users/runner/work/Bangumi/Bangumi/ios/Pods/Headers/Public/React-rendererconsistency -Xcc -I/Users/runner/work/Bangumi/Bangumi/ios/Pods/Headers/Public/React-renderercss -Xcc -I/Users/runner/work/Bangumi/Bangumi/ios/Pods/Headers/Public/React-rendererdebug -Xcc -I/Users/runner/work/Bangumi/Bangumi/ios/Pods/Headers/Public/React-runtimeexecutor -Xcc -I/Users/runner/work/Bangumi/Bangumi/ios/Pods/Headers/Public/React-runtimescheduler -Xcc -I/Users/runner/work/Bangumi/Bangumi/ios/Pods/Headers/Public/React-timing -Xcc -I/Users/runner/work/Bangumi/Bangumi/ios/Pods/Headers/Public/React-utils -Xcc -I/Users/runner/work/Bangumi/Bangumi/ios/Pods/Headers/Public/React-viewtransitionnativemodule -Xcc -I/Users/runner/work/Bangumi/Bangumi/ios/Pods/Headers/Public/React-webperformancenativemodule -Xcc -I/Users/runner/work/Bangumi/Bangumi/ios/Pods/Headers/Public/ReactAppDependencyProvider -Xcc -I/Users/runner/work/Bangumi/Bangumi/ios/Pods/Headers/Public/ReactCodegen -Xcc -I/Users/runner/work/Bangumi/Bangumi/ios/Pods/Headers/Public/ReactCommon -Xcc -I/Users/runner/work/Bangumi/Bangumi/ios/Pods/Headers/Public/ReactNativeDependencies -Xcc -I/Users/runner/work/Bangumi/Bangumi/ios/Pods/Headers/Public/ReactNativeExceptionHandler -Xcc -I/Users/runner/work/Bangumi/Bangumi/ios/Pods/Headers/Public/SDWebImage -Xcc -I/Users/runner/work/Bangumi/Bangumi/ios/Pods/Headers/Public/SDWebImageWebPCoder -Xcc -I/Users/runner/work/Bangumi/Bangumi/ios/Pods/Headers/Public/Yoga -Xcc -I/Users/runner/work/Bangumi/Bangumi/ios/Pods/Headers/Public/hermes-engine -Xcc -I/Users/runner/work/Bangumi/Bangumi/ios/Pods/Headers/Public/libwebp -Xcc -I/Users/runner/work/Bangumi/Bangumi/ios/Pods/Headers/Public/react-native-actions-shortcuts -Xcc -I/Users/runner/work/Bangumi/Bangumi/ios/Pods/Headers/Public/react-native-blur -Xcc -I/Users/runner/work/Bangumi/Bangumi/ios/Pods/Headers/Public/react-native-cameraroll -Xcc -I/Users/runner/work/Bangumi/Bangumi/ios/Pods/Headers/Public/react-native-pager-view -Xcc -I/Users/runner/work/Bangumi/Bangumi/ios/Pods/Headers/Public/react-native-safe-area-context -Xcc -I/Users/runner/work/Bangumi/Bangumi/ios/Pods/Headers/Public/react-native-slider -Xcc -I/Users/runner/work/Bangumi/Bangumi/ios/Pods/Headers/Public/react-native-webview -Xcc -I/Users/runner/work/Bangumi/Bangumi/ios/Pods/Headers/Public/rn-fetch-blob -Xcc -I/Users/runner/work/Bangumi/Bangumi/ios/build/Build/Products/Release-iphoneos/EXManifests/Swift\ Compatibility\ Header -Xcc -I/Users/runner/work/Bangumi/Bangumi/ios/build/Build/Products/Release-iphoneos/EXUpdates/Swift\ Compatibility\ Header -Xcc -I/Users/runner/work/Bangumi/Bangumi/ios/build/Build/Products/Release-iphoneos/EXUpdatesInterface/Swift\ Compatibility\ Header -Xcc -I/Users/runner/work/Bangumi/Bangumi/ios/build/Build/Products/Release-iphoneos/Expo/Swift\ Compatibility\ Header -Xcc -I/Users/runner/work/Bangumi/Bangumi/ios/Pods/Headers/Private/Yoga -Xcc -I/Users/runner/work/Bangumi/Bangumi/ios/build/Build/Products/Release-iphoneos/ExpoModulesCore/Swift\ Compatibility\ Header -Xcc -I/Users/runner/work/Bangumi/Bangumi/ios/Pods/Headers/Private/Yoga -Xcc -I/Users/runner/work/Bangumi/Bangumi/ios/build/Build/Products/Release-iphoneos/ExpoScreenOrientation/Swift\ Compatibility\ Header -Xcc -I/Users/runner/work/Bangumi/Bangumi/ios/Pods/boost -Xcc -I/Users/runner/work/Bangumi/Bangumi/ios/Pods/boost-for-react-native -Xcc -I/Users/runner/work/Bangumi/Bangumi/ios/Pods/glog -Xcc -I/Users/runner/work/Bangumi/Bangumi/ios/Pods/RCT-Folly -Xcc -I/Users/runner/work/Bangumi/Bangumi/ios/Pods/Headers/Public/React-hermes -Xcc -I/Users/runner/work/Bangumi/Bangumi/ios/Pods/Headers/Public/hermes-engine -Xcc -I/Users/runner/work/Bangumi/Bangumi/ios/Pods/Headers/Public/RNWorklets -Xcc -I/Users/runner/work/Bangumi/Bangumi/node_modules/react-native/ReactCommon -Xcc -I/Users/runner/work/Bangumi/Bangumi/node_modules/react-native/ReactCommon/jsitooling -Xcc -I/Users/runner/work/Bangumi/Bangumi/ios/Pods/boost -Xcc -I/Users/runner/work/Bangumi/Bangumi/ios/Pods/boost-for-react-native -Xcc -I/Users/runner/work/Bangumi/Bangumi/ios/Pods/glog -Xcc -I/Users/runner/work/Bangumi/Bangumi/ios/Pods/RCT-Folly -Xcc -I/Users/runner/work/Bangumi/Bangumi/ios/Pods/Headers/Public/React-hermes -Xcc -I/Users/runner/work/Bangumi/Bangumi/ios/Pods/Headers/Public/hermes-engine -Xcc -I/Users/runner/work/Bangumi/Bangumi/node_modules/react-native/ReactCommon -Xcc -I/Users/runner/work/Bangumi/Bangumi/node_modules/react-native/ReactCommon/jsitooling -Xcc -I/Users/runner/work/Bangumi/Bangumi/ios/Pods/Headers/Private/React-Core -Xcc -I/Users/runner/work/Bangumi/Bangumi/ios/Pods/Headers/Private/React-Core -Xcc -I/Users/runner/work/Bangumi/Bangumi/ios/Pods/Headers/Private/Yoga -Xcc -I/Users/runner/work/Bangumi/Bangumi/ios/Pods/ExpoModulesCore/ExpoModulesCore.xcframework/ios-arm64_x86_64-simulator/ExpoModulesCore.framework/Headers -Xcc -I/Users/runner/work/Bangumi/Bangumi/ios/Pods/ExpoModulesCore/ExpoModulesCore.xcframework/ios-arm64/ExpoModulesCore.framework/Headers -Xcc -I/Users/runner/work/Bangumi/Bangumi/ios/build/Build/Intermediates.noindex/Bangumi.build/Release-iphoneos/Bangumi.build/DerivedSources-normal/arm64 -Xcc -I/Users/runner/work/Bangumi/Bangumi/ios/build/Build/Intermediates.noindex/Bangumi.build/Release-iphoneos/Bangumi.build/DerivedSources/arm64 -Xcc -I/Users/runner/work/Bangumi/Bangumi/ios/build/Build/Intermediates.noindex/Bangumi.build/Release-iphoneos/Bangumi.build/DerivedSources -Xcc -DCOCOAPODS\=1 -Xcc -DSD_WEBP\=1 -no-auto-bridging-header-chaining -module-name Bangumi -frontend-parseable-output -disable-clang-spi -target-sdk-version 26.5 -target-sdk-name iphoneos26.5 -external-plugin-path /Applications/Xcode_26.6.app/Contents/Developer/Platforms/iPhoneOS.platform/Developer/usr/lib/swift/host/plugins\#/Applications/Xcode_26.6.app/Contents/Developer/Platforms/iPhoneOS.platform/Developer/usr/bin/swift-plugin-server -external-plugin-path /Applications/Xcode_26.6.app/Contents/Developer/Platforms/iPhoneOS.platform/Developer/usr/local/lib/swift/host/plugins\#/Applications/Xcode_26.6.app/Contents/Developer/Platforms/iPhoneOS.platform/Developer/usr/bin/swift-plugin-server -in-process-plugin-server-path /Applications/Xcode_26.6.app/Contents/Developer/Toolchains/XcodeDefault.xctoolchain/usr/lib/swift/host/libSwiftInProcPluginServer.dylib -plugin-path /Applications/Xcode_26.6.app/Contents/Developer/Toolchains/XcodeDefault.xctoolchain/usr/lib/swift/host/plugins -plugin-path /Applications/Xcode_26.6.app/Contents/Developer/Toolchains/XcodeDefault.xctoolchain/usr/local/lib/swift/host/plugins -o /Users/runner/work/Bangumi/Bangumi/ios/build/Build/Intermediates.noindex/Bangumi.build/Release-iphoneos/Bangumi.build/Objects-normal/arm64/GeneratedAssetSymbols.o -index-unit-output-path /Bangumi.build/Release-iphoneos/Bangumi.build/Objects-normal/arm64/GeneratedAssetSymbols.o

SwiftCompile normal arm64 /Users/runner/work/Bangumi/Bangumi/ios/build/Build/Intermediates.noindex/Bangumi.build/Release-iphoneos/Bangumi.build/DerivedSources/GeneratedAssetSymbols.swift (in target 'Bangumi' from project 'Bangumi')
    cd /Users/runner/work/Bangumi/Bangumi/ios
    
/Users/runner/work/Bangumi/Bangumi/ios/Bangumi/AppDelegate.swift:3:8: error: ambiguous implicit access level for import of 'Expo'; it is imported as 'internal' elsewhere
import Expo
       ^
internal 
/Users/runner/work/Bangumi/Bangumi/ios/Bangumi/AppDelegate.swift:3:8: note: silence these warnings by adopting the upcoming feature 'InternalImportsByDefault'
import Expo
       ^
/Users/runner/work/Bangumi/Bangumi/ios/Pods/Target Support Files/Pods-Bangumi/ExpoModulesProvider.swift:10:1: note: imported 'internal' here
internal import Expo
^

LinkStoryboards (in target 'Bangumi' from project 'Bangumi')
    cd /Users/runner/work/Bangumi/Bangumi/ios
    /Applications/Xcode_26.6.app/Contents/Developer/usr/bin/ibtool --errors --warnings --notices --module Bangumi --target-device iphone --target-device ipad --minimum-deployment-target 16.4 --output-format human-readable-text --link /Users/runner/work/Bangumi/Bangumi/ios/build/Build/Products/Release-iphoneos/Bangumi.app /Users/runner/work/Bangumi/Bangumi/ios/build/Build/Intermediates.noindex/Bangumi.build/Release-iphoneos/Bangumi.build/SplashScreen.storyboardc

LinkAssetCatalog /Users/runner/work/Bangumi/Bangumi/ios/Bangumi/Images.xcassets (in target 'Bangumi' from project 'Bangumi')
    cd /Users/runner/work/Bangumi/Bangumi/ios
    builtin-linkAssetCatalog --thinned /Users/runner/work/Bangumi/Bangumi/ios/build/Build/Intermediates.noindex/Bangumi.build/Release-iphoneos/Bangumi.build/assetcatalog_output/thinned --thinned-dependencies /Users/runner/work/Bangumi/Bangumi/ios/build/Build/Intermediates.noindex/Bangumi.build/Release-iphoneos/Bangumi.build/assetcatalog_dependencies_thinned --thinned-info-plist-content /Users/runner/work/Bangumi/Bangumi/ios/build/Build/Intermediates.noindex/Bangumi.build/Release-iphoneos/Bangumi.build/assetcatalog_generated_info.plist_thinned --unthinned /Users/runner/work/Bangumi/Bangumi/ios/build/Build/Intermediates.noindex/Bangumi.build/Release-iphoneos/Bangumi.build/assetcatalog_output/unthinned --unthinned-dependencies /Users/runner/work/Bangumi/Bangumi/ios/build/Build/Intermediates.noindex/Bangumi.build/Release-iphoneos/Bangumi.build/assetcatalog_dependencies_unthinned --unthinned-info-plist-content /Users/runner/work/Bangumi/Bangumi/ios/build/Build/Intermediates.noindex/Bangumi.build/Release-iphoneos/Bangumi.build/assetcatalog_generated_info.plist_unthinned --output /Users/runner/work/Bangumi/Bangumi/ios/build/Build/Products/Release-iphoneos/Bangumi.app --plist-output /Users/runner/work/Bangumi/Bangumi/ios/build/Build/Intermediates.noindex/Bangumi.build/Release-iphoneos/Bangumi.build/assetcatalog_generated_info.plist
note: Emplaced /Users/runner/work/Bangumi/Bangumi/ios/build/Build/Products/Release-iphoneos/Bangumi.app/AppIcon60x60@2x.png (in target 'Bangumi' from project 'Bangumi')
note: Emplaced /Users/runner/work/Bangumi/Bangumi/ios/build/Build/Products/Release-iphoneos/Bangumi.app/AppIcon76x76@2x~ipad.png (in target 'Bangumi' from project 'Bangumi')
note: Emplaced /Users/runner/work/Bangumi/Bangumi/ios/build/Build/Products/Release-iphoneos/Bangumi.app/Assets.car (in target 'Bangumi' from project 'Bangumi')

SwiftCompile normal arm64 Compiling\ AppDelegate.swift /Users/runner/work/Bangumi/Bangumi/ios/Bangumi/AppDelegate.swift (in target 'Bangumi' from project 'Bangumi')
SwiftCompile normal arm64 /Users/runner/work/Bangumi/Bangumi/ios/Bangumi/AppDelegate.swift (in target 'Bangumi' from project 'Bangumi')
    cd /Users/runner/work/Bangumi/Bangumi/ios
    

warning: Run script build phase '[CP-User] [Hermes] Replace Hermes for the right configuration, if needed' will be run during every build because it does not specify any outputs. To address this issue, either add output dependencies to the script phase, or configure it to run in every build by unchecking "Based on dependency analysis" in the script phase. (in target 'hermes-engine' from project 'Pods')
note: Run script build phase '[CP-User] [RNDeps] Replace React Native Dependencies for the right configuration, if needed' will be run during every build because the option to run the script phase "Based on dependency analysis" is unchecked. (in target 'ReactNativeDependencies' from project 'Pods')
note: Run script build phase '[CP-User] [RN]Check FBReactNativeSpec' will be run during every build because the option to run the script phase "Based on dependency analysis" is unchecked. (in target 'React-RCTFBReactNativeSpec' from project 'Pods')
note: Run script build phase '[CP-User] [RNCore] Replace React Native Core for the right configuration, if needed' will be run during every build because the option to run the script phase "Based on dependency analysis" is unchecked. (in target 'React-Core-prebuilt' from project 'Pods')
note: Run script build phase '[CP-User] [Expo] Switch ExpoModulesWorklets XCFramework for build configuration' will be run during every build because the option to run the script phase "Based on dependency analysis" is unchecked. (in target 'ExpoModulesWorklets' from project 'Pods')
note: Run script build phase '[CP-User] Build ExpoModulesJSI xcframework' will be run during every build because the option to run the script phase "Based on dependency analysis" is unchecked. (in target 'ExpoModulesJSI' from project 'Pods')
note: Run script build phase '[CP-User] [Expo] Switch ExpoModulesCore XCFramework for build configuration' will be run during every build because the option to run the script phase "Based on dependency analysis" is unchecked. (in target 'ExpoModulesCore' from project 'Pods')
note: Run script build phase '[CP-User] [Expo] Switch ExpoImage XCFramework for build configuration' will be run during every build because the option to run the script phase "Based on dependency analysis" is unchecked. (in target 'ExpoImage' from project 'Pods')
note: Run script build phase '[CP-User] [Expo] Switch ExpoFont XCFramework for build configuration' will be run during every build because the option to run the script phase "Based on dependency analysis" is unchecked. (in target 'ExpoFont' from project 'Pods')
note: Run script build phase '[CP-User] [Expo] Switch ExpoFileSystem XCFramework for build configuration' will be run during every build because the option to run the script phase "Based on dependency analysis" is unchecked. (in target 'ExpoFileSystem' from project 'Pods')
note: Run script build phase '[Expo] Configure project' will be run during every build because the option to run the script phase "Based on dependency analysis" is unchecked. (in target 'Bangumi' from project 'Bangumi')
note: Run script build phase 'Bundle React Native code and images' will be run during every build because the option to run the script phase "Based on dependency analysis" is unchecked. (in target 'Bangumi' from project 'Bangumi')
note: Run script build phase '[CP-User] Generate updates resources for expo-updates' will be run during every build because the option to run the script phase "Based on dependency analysis" is unchecked. (in target 'EXUpdates' from project 'Pods')
note: Run script build phase '[CP-User] Generate app.config for prebuilt Constants.manifest' will be run during every build because the option to run the script phase "Based on dependency analysis" is unchecked. (in target 'EXConstants' from project 'Pods')
** BUILD FAILED **


The following build commands failed:
	EmitSwiftModule normal arm64 (in target 'Bangumi' from project 'Bangumi')
	SwiftEmitModule normal arm64 Emitting\ module\ for\ Bangumi (in target 'Bangumi' from project 'Bangumi')
	SwiftCompile normal arm64 Compiling\ GeneratedAssetSymbols.swift /Users/runner/work/Bangumi/Bangumi/ios/build/Build/Intermediates.noindex/Bangumi.build/Release-iphoneos/Bangumi.build/DerivedSources/GeneratedAssetSymbols.swift (in target 'Bangumi' from project 'Bangumi')
	SwiftCompile normal arm64 /Users/runner/work/Bangumi/Bangumi/ios/build/Build/Intermediates.noindex/Bangumi.build/Release-iphoneos/Bangumi.build/DerivedSources/GeneratedAssetSymbols.swift (in target 'Bangumi' from project 'Bangumi')
	Building workspace Bangumi with scheme Bangumi and configuration Release
(5 failures)
